id_cliente,cliente_nome,cpf,email,telefone,endereco
1,Srta. Rafaela Silva,354.729.860-10,da-pazbruna@example.org,+55 (071) 0213-7256,"Alameda Maria Julia Almeida, 76, Trevo, 35772-932 Martins de Silva / MA"
2,Gabriel Lopes,497.168.235-09,camargoravi@example.com,+55 (021) 1039 8784,"Viaduto Novais, 99, Vila Jardim Leblon, 93319801 Sá de Pires / SC"
3,Olívia Rezende,934.125.806-51,calebrocha@example.com,+55 (071) 0815 7694,"Trevo Felipe Rodrigues, 63, Alpes, 32392-637 Souza / CE"
4,Amanda Cardoso,946.013.572-25,gfonseca@example.com,21 1292-6568,"Núcleo Camargo, Vila Rica, 23507-700 Alves Alegre / AM"
5,Alexia Farias,610.854.392-24,luiz-fernando24@example.com,(051) 8228-7779,"Estrada Leandro Aragão, 638, Nossa Senhora De Fátima, 09983-591 Sá de Fogaça / AP"
6,Isabel Caldeira,264.037.185-17,vitoria64@example.com,(021) 9922-2576,"Conjunto Josué Câmara, 5, Jardim Montanhês, 02462-354 da Mata / AM"
7,Ana Lívia Pereira,591.468.273-82,pimentajoao-gabriel@example.net,61 6628-3998,"Alameda de Moraes, 23, Milionario, 14906-539 Pereira de Ramos / GO"
8,Dr. Rhavi Cardoso,687.254.031-17,duartecaleb@example.com,71 4796 2446,"Morro de Martins, 98, Vila Petropolis, 89393184 Moraes de Nogueira / AC"
9,Felipe Moura,089.312.547-41,laura46@example.net,+55 11 2242-2172,"Morro Cunha, 960, Alta Tensão 2ª Seção, 41369750 Monteiro do Galho / RJ"
10,Ana Clara Cavalcanti,391.752.048-60,henry-gabrielpires@example.org,11 0847-9921,"Esplanada Farias, 221, Inconfidência, 33381945 Nogueira / PI"
11,Clarice Nogueira,069.254.871-85,enunes@example.net,(071) 7660-8712,"Rodovia Rocha, 81, Piratininga, 63369-344 da Costa de Minas / AC"
12,Bruna Barros,730.694.258-10,xcavalcante@example.org,+55 (041) 4311 1844,"Esplanada Melissa Garcia, 45, Camponesa 2ª Seção, 37473-435 Ramos de Rocha / SC"
13,Bella Cirino,687.340.512-44,jose44@example.org,+55 41 5085 2886,"Praça Lopes, 72, São José, 42753-997 Sales / DF"
14,Benício Sampaio,950.237.614-52,guilhermelima@example.org,+55 (071) 7737 2633,"Quadra de da Luz, 601, Cidade Jardim, 86296-719 Rocha / PA"
15,Dante Borges,694.817.305-57,isadora61@example.com,+55 (061) 5748 6820,"Passarela Kamilly Sales, 18, Petropolis, 29799293 Duarte do Galho / MG"
16,Luara Pinto,087.139.256-95,mirella76@example.net,11 2313 4804,"Via de Sá, 2, Pompéia, 82992154 Rezende Grande / BA"
17,Vinicius Rezende,831.052.764-08,vitoria70@example.net,11 5016-5978,"Esplanada Moura, 84, Acaba Mundo, 45162-603 Garcia das Pedras / AL"
18,João Guilherme Sá,937.184.625-91,joaquim70@example.net,+55 71 3777 8431,"Feira Davi Lucca Martins, 1, Milionario, 68842-575 Lopes / RS"
19,Aurora Moura,923.804.517-88,fogacatheo@example.net,0900-490-1833,"Travessa Eduardo Monteiro, 72, Vila Nova Cachoeirinha 2ª Seção, 13290-117 Cassiano Grande / SP"
20,Emanuella da Paz,136.950.284-24,macedoryan@example.org,(071) 6004 8070,"Quadra Catarina Silva, 9, Heliopolis, 85668894 Freitas / DF"
21,Sr. João Pedro Pereira,704.162.958-94,maria-ceciliagomes@example.net,11 2562-5358,"Quadra Sampaio, 22, São Marcos, 12972-562 Moreira / PR"
22,Matheus da Luz,967.305.482-74,davi-luizmelo@example.com,41 3026-8502,"Lago de Souza, 31, Conjunto Capitão Eduardo, 25038465 Costela do Amparo / MA"
23,Allana da Conceição,276.305.814-08,novaespedro-lucas@example.com,+55 (051) 6594 5758,"Ladeira da Mota, 901, Mantiqueira, 41372-647 Vargas de Goiás / AC"
24,Dr. Rael Mendes,713.294.865-28,aylanogueira@example.net,0800 907 4649,"Esplanada Cirino, 84, Horto Florestal, 86892-537 Monteiro / AP"
25,Léo Macedo,214.836.057-44,novaeselisa@example.net,+55 (081) 1068-1316,"Aeroporto Martins, Glória, 36357-676 Costa / PA"
26,Bruna da Cunha,042.931.875-88,cmarques@example.org,(071) 3983-1937,"Esplanada Aparecida, 2, Nossa Senhora Do Rosário, 10257-274 Barbosa das Flores / BA"
27,Vinicius Fogaça,854.206.719-30,gguerra@example.net,+55 (071) 2419 6546,"Estrada Ísis Aparecida, 6, Vila Cloris, 92452-361 Araújo das Pedras / AM"
28,Sarah Ramos,685.170.239-86,oliveirahenry@example.net,(011) 4925 6175,"Estrada Diego Viana, 14, Santa Maria, 54349167 Cavalcante do Campo / RJ"
29,Natália Porto,260.347.985-74,azevedokamilly@example.net,+55 (071) 5755 7012,"Rodovia Barbosa, 30, Salgado Filho, 16186903 Porto Verde / PA"
30,Ana Luiza Alves,456.702.813-90,alicia50@example.net,(081) 9610 0197,"Estação Ayla Cavalcanti, 72, Xodo-Marize, 61481-637 Guerra / PE"
31,Augusto Costa,362.904.857-92,wpastor@example.org,+55 31 4106-2815,"Viaduto de Siqueira, 36, São José, 32286-374 da Costa / BA"
32,Danilo Moreira,106.832.957-21,da-conceicaoisaac@example.net,0300-739-3973,"Trecho Monteiro, 9, Vista Alegre, 97413744 Rezende do Sul / CE"
33,Dr. João Vitor Ferreira,318.402.567-53,cauaandrade@example.com,+55 81 4428-2795,"Ladeira da Paz, 97, Bandeirantes, 59590187 da Rosa / SP"
34,Zoe Rezende,218.509.346-06,npastor@example.net,+55 71 1729-9919,"Avenida Hadassa da Conceição, 241, Ribeiro De Abreu, 60701-999 Camargo de Minas / PR"
35,Alexandre Barbosa,296.073.541-25,gda-luz@example.org,+55 (084) 2743 0963,"Estrada de Campos, 752, Vila Primeiro De Maio, 13420299 Garcia / TO"
36,Aurora Almeida,314.506.972-16,isis75@example.net,21 9482 9131,"Área Mateus Porto, Mirtes, 72252740 Novais / RO"
37,Stella da Mota,104.839.576-66,jsampaio@example.com,(031) 2963-4161,"Rodovia Eloá Silveira, 8, Madre Gertrudes, 83769-164 Nascimento / MA"
38,Marina Sales,136.958.207-21,ecorreia@example.net,+55 61 5970 1253,"Trecho da Cruz, 9, Vila Esplanada, 22460401 da Rocha Grande / RR"
39,Marcelo Silveira,827.635.194-82,liam18@example.net,71 8730 0232,"Estação da Luz, 58, São Jorge 3ª Seção, 44516135 Porto de Moura / AP"
40,Matheus Lopes,158.964.320-89,jnogueira@example.org,81 0128-7129,"Lago Barros, Bela Vitoria, 48682-039 Fernandes Verde / ES"
41,Benjamin Mendes,758.439.021-88,diegoborges@example.net,11 4034 5857,"Morro de Nascimento, 85, Camponesa 2ª Seção, 10283021 Santos de Cavalcante / DF"
42,Luiz Henrique Cavalcanti,752.643.819-09,lizborges@example.com,41 4841-6351,"Núcleo Anthony Ribeiro, 10, Minas Brasil, 62652178 Siqueira de Câmara / CE"
43,Davi Ribeiro,180.369.254-51,vitoria44@example.org,+55 (011) 7555 5369,"Estrada Machado, 44, Nova Esperança, 01066-717 Costa / PE"
44,Lucca da Cruz,096.714.853-75,pvieira@example.org,(081) 0879-2306,"Rodovia Rhavi Aparecida, 80, Serra Verde, 28762-896 Siqueira / CE"
45,Maria Sophia Brito,341.208.597-97,cavalcantiisabella@example.org,+55 61 4685-6516,"Área Fogaça, Diamante, 51377-781 Souza do Norte / RN"
46,Vitor Gabriel da Paz,239.104.867-03,barrostheodoro@example.com,+55 (011) 3456-0863,"Largo Nascimento, 82, Goiania, 20851-263 Machado de Vargas / TO"
47,André Ramos,649.037.582-65,qcastro@example.org,31 5526-1132,"Fazenda Cassiano, Fernão Dias, 56713664 Cardoso da Prata / SE"
48,Dom da Paz,567.018.924-85,rsa@example.org,+55 (011) 8358-3786,"Passarela de Freitas, 22, Renascença, 08889276 Pacheco da Serra / PB"
49,Maria Luiza da Mota,486.159.032-98,julia21@example.net,51 6046 1046,"Favela Rezende, 34, Silveira, 50236016 da Mota das Pedras / PB"
50,João Pedro Costa,706.124.953-61,rochadavi@example.org,+55 31 7309-3670,"Quadra Macedo, Vila Nova Gameleira 2ª Seção, 07385-522 da Costa / RN"
51,Marina Peixoto,765.342.198-91,ijesus@example.org,81 4706-3937,"Vereda de Vasconcelos, 7, Vila Calafate, 86744405 Barros / MT"
52,Ana Sophia Rodrigues,372.850.496-38,jose-pedro84@example.net,+55 84 7758 5122,"Ladeira Gomes, 90, Vila Nova Gameleira 1ª Seção, 75374215 Carvalho da Serra / MA"
53,Lucas Gabriel Sampaio,719.264.530-34,zcasa-grande@example.net,+55 (061) 6105-9147,"Sítio Mendes, 79, Maria Virgínia, 95750844 Azevedo de Goiás / AC"
54,Dom Mendes,128.374.906-87,souzalucas-gabriel@example.net,21 1132 5503,"Favela Gabriela Viana, 19, Vila Independencia 1ª Seção, 25708-392 Almeida / AC"
55,Ana Júlia Pereira,234.785.601-44,da-pazluara@example.com,+55 81 3286 5405,"Viaduto Thomas Albuquerque, 47, Flavio De Oliveira, 76304-570 Pacheco das Flores / AP"
56,Bryan Farias,741.625.083-80,joao-felipe27@example.org,+55 (061) 9241 9153,"Alameda Câmara, Vila Primeiro De Maio, 52260240 Freitas da Praia / CE"
57,Olivia Silveira,914.387.602-13,ceciliada-mata@example.com,+55 (011) 5001-8800,"Vila Câmara, 728, Grotinha, 06939452 da Mota / BA"
58,Vitor Cavalcante,473.160.582-26,guilherme76@example.com,84 9065 5685,"Residencial Matheus Fernandes, 97, Vila De Sá, 60375-818 Cavalcante / RR"
59,Pedro Lucas Moura,189.725.064-94,vargaspietra@example.net,(011) 7790 7299,"Sítio Cardoso, 35, Vila Da Paz, 66446938 Peixoto de Oliveira / AC"
60,Levi Viana,719.356.240-16,dcamargo@example.org,(021) 4988 3645,"Estrada Luiz Henrique Rocha, 382, Virgínia, 97592-824 Barros / MA"
61,Kaique Barbosa,579.431.802-32,jesusasafe@example.com,(041) 7403 4376,"Conjunto Barbosa, Fazendinha, 32790-348 das Neves Alegre / ES"
62,Ana Cecília Farias,164.082.397-22,acosta@example.net,+55 11 3940-7841,"Vale Siqueira, 846, Copacabana, 91860463 Sales / RN"
63,Sarah Camargo,041.798.236-40,eramos@example.org,(051) 1990-0008,"Condomínio de Jesus, 94, Flavio Marques Lisboa, 20353-740 Silveira Paulista / BA"
64,Alexandre Sá,923.071.865-30,vasconcelosdavi-miguel@example.com,+55 (081) 1972-9424,"Condomínio de Gomes, 200, Vila Rica, 37843587 Mendonça de Pires / MA"
65,Dr. Kevin Guerra,263.094.751-34,agatha55@example.org,11 7637-0155,"Quadra Luiz Miguel Martins, 27, Vila Minaslandia, 45045518 Camargo / DF"
66,Srta. Lívia Barros,720.146.983-50,kramos@example.com,41 3182 7964,"Campo Daniela Garcia, 634, Miramar, 64269-044 Mendes / CE"
67,Carlos Eduardo Mendonça,510.694.738-39,bcasa-grande@example.com,(061) 2077-5428,"Chácara Liz Macedo, 44, São Jorge 2ª Seção, 40941816 Lopes / MA"
68,Lívia Correia,945.861.703-01,zlopes@example.org,0900-297-9821,"Praça da Paz, 69, Marajó, 37905-268 Guerra dos Dourados / TO"
69,Maria Alice Martins,980.635.417-66,augusto88@example.net,+55 (021) 1230-8337,"Conjunto de Cassiano, 19, Coração De Jesus, 16081-527 Nogueira do Amparo / RN"
70,Sofia Castro,463.912.578-09,agatha44@example.net,+55 84 1886-5370,"Setor de Costela, Tiradentes, 72308-311 Vargas das Pedras / MS"
71,Manuela Cirino,452.701.689-01,ana-lizda-rosa@example.net,0900-248-0958,"Lago Evelyn da Mata, Nova Cachoeirinha, 33223-012 da Rocha / AC"
72,Laura Correia,893.465.102-42,souzajose-pedro@example.com,61 2592-1676,"Alameda Gustavo Henrique Dias, 809, São Benedito, 04208313 Gonçalves das Flores / TO"
73,Bruno Ferreira,456.382.709-65,clarada-mota@example.net,0900-680-5106,"Lagoa Antônio Sá, 449, Santa Rosa, 83677795 Andrade Verde / AP"
74,Benicio Pinto,438.962.057-65,joao-pedroda-mota@example.com,+55 (031) 9668-1495,"Esplanada de Guerra, Novo Aarão Reis, 63476826 Aragão Paulista / RR"
75,Srta. Ana Júlia da Mata,625.394.870-92,fogacapedro@example.com,+55 51 9281 3387,"Estação Cassiano, Rio Branco, 42325718 Costa da Prata / MA"
76,Yago Caldeira,526.490.817-67,joao-guilherme19@example.net,+55 21 5109 7427,"Morro Maria Isis Novais, Boa Vista, 03939102 Silva de Andrade / AP"
77,Benjamin Farias,708.125.694-58,davi-luizmendes@example.net,+55 (041) 0890 9695,"Feira Silva, 964, Laranjeiras, 52079354 da Luz de Brito / AP"
78,Sr. Luiz Fernando Garcia,648.532.701-08,novaeskevin@example.com,+55 (051) 1956 1290,"Chácara de da Conceição, 2, Copacabana, 26563-795 Farias / DF"
79,Alana Casa Grande,602.841.753-07,auroralima@example.org,+55 71 0418-6029,"Recanto de Albuquerque, 6, Planalto, 96939-051 da Mota / SE"
80,Léo Marques,487.950.231-60,wfarias@example.org,+55 (011) 6388 2156,"Vereda Moreira, 91, Paraíso, 05997280 Vieira Paulista / AL"
81,Oliver Almeida,634.028.571-62,maria-sophiamoura@example.net,+55 (061) 4572-3794,"Loteamento de Albuquerque, 48, Jardim Do Vale, 57280-201 Camargo / DF"
82,Dr. Caio Peixoto,189.740.623-13,jose-pedro58@example.org,+55 41 2260 7400,"Alameda Ana Liz Barbosa, 516, Vila Novo São Lucas, 91471-398 Correia / TO"
83,Stella Pimenta,509.143.827-05,gporto@example.com,0500 104 2757,"Fazenda de Pinto, 73, Buraco Quente, 36898217 Ferreira das Pedras / RO"
84,Sr. Emanuel Almeida,520.783.496-74,da-costamaria-luisa@example.com,0800 925 5110,"Setor Sofia Ribeiro, 60, Cdi Jatoba, 22078861 Porto / RO"
85,Melina Novaes,781.624.950-02,rezendegael-henrique@example.org,61 7535-2407,"Conjunto Sophie Rios, 29, Milionario, 43599044 da Luz dos Dourados / RO"
86,Erick das Neves,701.962.438-31,almeidafelipe@example.org,+55 81 9415 1264,"Vereda Brito, 72, Alto Das Antenas, 55892206 Martins / SP"
87,Ana Sophia Rios,286.154.073-71,gramos@example.com,+55 (041) 6690-6706,"Fazenda de Araújo, 718, Vila Pinho, 22731-208 Porto da Prata / PE"
88,Lorena Santos,623.840.175-35,viniciusgarcia@example.org,+55 (051) 7402-6547,"Colônia de Cirino, 216, Vila Suzana Segunda Seção, 86811671 Freitas / SE"
89,Maria Helena Albuquerque,851.279.034-23,jade93@example.com,(011) 1554-7194,"Morro de Moraes, 859, Vila União, 38142621 Rezende Grande / PA"
90,Nicolas Sousa,741.503.962-99,olima@example.com,0800 949 2002,"Estação André da Conceição, 50, Campo Alegre, 63086932 Porto de Silva / AL"
91,Ana Liz Fernandes,380.964.127-87,luiz-miguelsantos@example.org,11 6913 4505,"Lago Luan Silva, 62, Vila Ipiranga, 29557627 da Rosa / PE"
92,Valentina Ribeiro,243.815.697-09,murilosilveira@example.net,+55 84 0316-2532,"Núcleo Azevedo, 27, Vila Nova Gameleira 1ª Seção, 37073-528 Camargo / PE"
93,Apollo Pereira,231.945.870-05,clariceda-cruz@example.com,61 4767 9802,"Rodovia Lorena Sales, 47, Vila Esplanada, 79235415 Oliveira / CE"
94,Manuella Freitas,936.401.527-43,enzo-gabriel80@example.org,0800 668 9884,"Estrada Maria Liz da Paz, 98, Conjunto São Francisco De Assis, 51301-597 Gomes do Sul / SE"
95,Dr. Kevin Marques,796.534.082-83,bporto@example.org,+55 61 6064-6722,"Feira de Sampaio, Jatobá, 13178346 Sampaio de Ferreira / MG"
96,Sra. Rafaela Rios,348.715.609-10,olivia10@example.net,+55 (071) 6312 3117,"Jardim Ravi Cassiano, 18, Vila União, 30130106 Ribeiro do Norte / AC"
97,Pedro Lucas Azevedo,294.153.876-37,agatha36@example.org,+55 21 3968-4542,"Morro de Gomes, Teixeira Dias, 75145901 Andrade de Minas / ES"
98,Maria Vitória Rios,378.491.206-04,mmarques@example.org,(081) 1737-1834,"Feira Diego Almeida, Paraíso, 05247-203 Melo Verde / PI"
99,Pietro Araújo,920.634.581-89,melissada-rosa@example.net,(051) 0571 5595,"Praça Moraes, 91, Aguas Claras, 92795032 Silveira da Mata / SP"
100,Lívia Gomes,037.289.516-68,da-cruzpietra@example.com,+55 31 5790-3556,"Núcleo de da Cruz, 4, Europa, 46094-569 Vargas / MT"
101,Maria Júlia Correia,402.793.186-69,rfogaca@example.org,+55 (071) 1208-3189,"Lago Ana Carolina Camargo, 7, Vila Da Paz, 92990791 Pereira / PR"
102,Vitória Carvalho,362.149.780-31,moraesnicole@example.org,(011) 3662-9597,"Área Yuri Melo, 910, Vila São Gabriel, 02845-659 Pires Alegre / TO"
103,Levi Pereira,093.624.581-60,da-pazana-clara@example.com,+55 (011) 5181 7172,"Chácara Allana Martins, 13, Santa Branca, 09629421 Garcia do Sul / PI"
104,Gael Henrique Lima,975.382.046-10,lucca50@example.net,+55 (051) 0622-8258,"Estação Camargo, 98, Santa Amelia, 69097652 Lima / PA"
105,Srta. Luna Pereira,932.786.510-30,rafaela06@example.com,+55 (084) 3400 0502,"Rua Raul Mendes, 5, Vila Piratininga Venda Nova, 62230-425 Santos da Serra / PB"
106,Ayla da Costa,325.871.604-80,caldeiracecilia@example.org,81 9143 9921,"Aeroporto de Freitas, 2, Vila Dos Anjos, 54949586 Leão de Viana / MA"
107,Catarina Monteiro,452.368.901-60,salesasafe@example.org,71 5407 4027,"Chácara Sales, 86, Marieta 2ª Seção, 37795202 Aragão / PR"
108,Sabrina Nogueira,951.683.427-28,mendoncaluara@example.net,+55 (011) 2615 5001,"Feira Isabela Cavalcanti, 58, Pedreira Padro Lopes, 27170188 das Neves de Moraes / AM"
109,Jade da Conceição,745.291.683-28,da-cunhaemilly@example.net,+55 (051) 9755-1583,"Avenida de Moura, 60, Havaí, 75981-291 Ferreira do Galho / RO"
110,Luiz Otávio Nascimento,496.758.013-01,ysilveira@example.com,81 1546 7083,"Sítio Peixoto, 59, Nova Vista, 93700-497 Jesus / DF"
111,Stella Camargo,591.768.024-85,alexiagarcia@example.org,+55 (011) 2356-6696,"Vila de Garcia, 28, Vila Jardim Montanhes, 12253-172 Lopes do Oeste / MS"
112,Sofia Dias,481.532.790-41,maria-vitoria80@example.org,21 4284-0818,"Estação Sophie Machado, 963, Glória, 85928861 Campos / SP"
113,Sr. Marcos Vinicius Albuquerque,870.943.265-56,ycostela@example.org,+55 (041) 3261-1221,"Área Silva, 96, Andiroba, 77116-276 Sá Paulista / SP"
114,Clarice Costela,792.063.148-31,maria-helena04@example.org,+55 71 8379 6071,"Chácara Samuel Nascimento, 7, Miramar, 41591-027 Campos do Norte / BA"
115,Benicio Lopes,804.567.193-93,luanalves@example.com,(011) 1028 9307,"Vereda das Neves, 484, Novo São Lucas, 55852647 Vargas do Norte / MS"
116,Amanda da Rosa,538.129.064-06,thomasmoura@example.org,0900-489-7683,"Vale de Pastor, 37, Belmonte, 28677108 Sales do Norte / DF"
117,Nina Pacheco,201.953.748-60,brunocavalcante@example.net,0800 649 1325,"Parque Lunna Siqueira, 85, Aparecida, 56179-511 Aparecida / MT"
118,Sra. Aurora Câmara,802.563.149-42,meloleonardo@example.net,0500-331-0922,"Estação Aragão, 830, Eymard, 93593-322 Fonseca Paulista / CE"
119,Davi Lucca Macedo,460.538.219-42,ggomes@example.com,(041) 4779 7141,"Recanto Marcos Vinicius Pereira, 836, Vila Santo Antônio, 31515231 Lopes do Galho / MA"
120,Luiz Fernando da Mota,128.970.465-11,fonsecaluana@example.org,21 3250 6615,"Residencial Luana das Neves, 29, Vila Canto Do Sabiá, 31929003 Caldeira / PE"
121,Gael Henrique Porto,127.840.365-53,maria-liz34@example.org,41 5625-8158,"Fazenda Enzo Moura, Frei Leopoldo, 29322572 Mendonça do Galho / MA"
122,Heloisa Lima,072.145.986-20,andrademarcela@example.org,+55 61 1790-2781,"Recanto Câmara, 30, Acaiaca, 21883152 da Cruz do Oeste / PA"
123,Henry Silveira,815.946.237-91,clarice37@example.org,0800 598 9707,"Loteamento da Mota, 285, Ipiranga, 45129-226 Novaes do Oeste / ES"
124,Maria Cecília Mendes,130.476.952-61,yuri93@example.com,0300 540 4745,"Distrito Diogo Rodrigues, 73, Satelite, 21398-497 Martins de Lima / AL"
125,Davi Rezende,639.514.807-93,eoliveira@example.org,84 6859-0778,"Esplanada de Caldeira, 9, Nova Gameleira, 91230-327 Rocha / AP"
126,Alana Nogueira,149.730.625-61,da-rosalais@example.com,(081) 7155 0496,"Praia Costa, 6, Vila Esplanada, 38873629 Souza / RO"
127,Ana Laura Melo,241.630.857-26,castrobella@example.org,(031) 0176 4393,"Praça Renan da Mata, 619, Cônego Pinheiro 1ª Seção, 60150-225 Farias / PI"
128,Sra. Maria Luísa Rios,156.402.398-24,luiz-felipe91@example.net,(071) 0175-3025,"Alameda Vitória Cassiano, 9, Conjunto Lagoa, 34797-927 Câmara de Camargo / SC"
129,Lorena Novaes,892.703.564-00,npimenta@example.net,+55 (021) 9511-4104,"Trecho Fernandes, 47, Gameleira, 77788-039 Teixeira / CE"
130,Isaac Castro,135.982.074-41,ana-julia78@example.net,+55 (041) 3816-8246,"Colônia Vicente Cassiano, 99, Acaba Mundo, 48611-518 Brito / DF"
131,Gustavo Fernandes,023.475.189-41,egarcia@example.org,(021) 4385-4708,"Viela Oliver Lopes, 36, Vila Copacabana, 83098421 Gomes de Sampaio / PA"
132,Erick Garcia,964.302.571-34,kevin42@example.org,+55 (081) 1498-6810,"Conjunto Marcelo Campos, 71, Vila Paquetá, 11016-496 Silva / PR"
133,Sra. Cecília Costela,367.128.045-07,nfarias@example.org,+55 (051) 4082-1379,"Quadra Sara Carvalho, 98, Estrela Do Oriente, 44993-600 Melo da Prata / MA"
134,Sra. Ana Carolina Nascimento,839.015.674-10,olivia59@example.com,41 3409-1103,"Avenida Rafael Cunha, 35, João Pinheiro, 59240-405 Moreira / RJ"
135,Daniel Sá,601.598.724-30,mcunha@example.org,+55 (031) 2999-7068,"Estrada da Cunha, 470, Vila Aeroporto, 25923-535 da Costa / SC"
136,Igor da Luz,870.146.259-85,mcosta@example.net,0500-790-9567,"Esplanada Antony Gonçalves, 88, Marmiteiros, 37767-537 Camargo da Praia / MS"
137,Melina Novaes,158.307.246-26,nicolas25@example.org,(081) 1981 7726,"Passarela Fernandes, 604, Vila Ecológica, 57842-946 Nogueira / ES"
138,Daniela Cassiano,692.810.457-02,nunesrenan@example.org,(011) 1766 4474,"Viaduto Lavínia Marques, 4, Baleia, 64723-605 Barros / RR"
139,Isadora Borges,243.610.789-04,ana-laura38@example.net,21 6632-0675,"Parque Oliver Novaes, 48, Vila Da Amizade, 20500-242 Rios / TO"
140,Danilo Camargo,469.835.210-05,vguerra@example.org,41 3721-3162,"Praça de Moura, Vila Canto Do Sabiá, 59545-177 Castro / MT"
141,Sra. Mariana da Rosa,760.893.521-95,portoluna@example.com,71 6467-3975,"Via Rodrigues, 1, Parque São Pedro, 86716-049 Ramos do Norte / MA"
142,Maria Laura Melo,261.307.549-06,lguerra@example.net,0300 673 4636,"Ladeira Montenegro, 18, Boa União 1ª Seção, 08980-716 Souza de Macedo / MG"
143,Luana Correia,692.034.715-61,isaquemelo@example.com,41 4305-2563,"Aeroporto Levi Cardoso, 38, Mirtes, 96157576 Carvalho / AP"
144,Dr. Luiz Felipe Nogueira,928.613.570-02,caldeirabernardo@example.com,+55 21 9157-7995,"Alameda da Costa, Pindura Saia, 00089698 Leão de Costela / PE"
145,Bella Mendes,981.435.726-09,vieirajoao@example.com,51 2835 3163,"Aeroporto Isis Câmara, 481, Vila Oeste, 96468613 Ribeiro da Mata / MT"
146,Srta. Natália da Costa,038.695.214-06,mdias@example.com,0500 090 1711,"Praia Pedro Lucas Machado, 702, Planalto, 96680-168 Mendes da Serra / RS"
147,Francisco da Mata,260.187.549-67,ana-laura80@example.com,+55 (061) 3626 9800,"Jardim Vicente Peixoto, 285, Santa Sofia, 09307-829 Machado da Prata / SP"
148,Bruna Aragão,086.932.741-04,theogomes@example.net,0300 735 8876,"Núcleo de Sá, 92, Dom Joaquim, 01864-244 Pinto da Serra / ES"
149,Sr. Isaque das Neves,028.314.956-60,heloisaguerra@example.com,(051) 1950-2574,"Avenida de da Mata, 11, Monte Azul, 82932-435 Azevedo de da Conceição / MG"
150,Ana Julia Silveira,617.295.048-76,joaquimsiqueira@example.com,84 3905-0165,"Loteamento de Alves, 2, Ouro Preto, 40945-236 das Neves do Galho / RO"
151,Pedro Lucas Dias,185.270.496-94,joao-lucasmoraes@example.net,+55 (051) 7086-7070,"Vila de Pereira, 60, Vila Aeroporto Jaraguá, 48101-848 Barbosa / TO"
152,Pietro Caldeira,914.532.076-43,ycostela@example.net,+55 31 2836 6309,"Vale Pedro Azevedo, Vitoria Da Conquista, 42544-767 Cavalcante / PB"
153,Sr. Luiz Henrique Mendonça,978.614.052-49,npastor@example.com,+55 (084) 7094-7302,"Rodovia de da Cruz, 5, Bom Jesus, 73999-350 Cavalcante / PI"
154,Ana Laura Novaes,036.725.891-95,teixeiramatteo@example.org,+55 (081) 8392-3726,"Parque Brito, 155, Independência, 56000-133 Moura de da Cruz / AM"
155,João Lucas Albuquerque,753.610.849-48,amonteiro@example.org,+55 31 4937 4501,"Loteamento de Monteiro, 18, Santa Terezinha, 54937483 Almeida / SC"
156,Beatriz Cunha,438.950.671-48,antony16@example.org,+55 81 0661 9344,"Vale Maya Pereira, 796, Diamante, 50201743 Camargo / RJ"
157,Sr. Miguel Borges,734.980.251-04,jose16@example.net,+55 (071) 8183-9993,"Rua de Vargas, 6, Pantanal, 39970945 Pires / RR"
158,Ágatha Siqueira,307.158.469-57,bcardoso@example.org,+55 (061) 2214-9590,"Vila Matteo Campos, 64, Marilandia, 62574333 Correia / AP"
159,Dr. Isaac das Neves,205.384.197-41,gustavo-henriquefonseca@example.org,+55 84 3130 7708,"Estação Pereira, 21, Vila Maria, 82144-236 Cardoso / RS"
160,Sr. Diego Gonçalves,304.795.218-32,arezende@example.org,+55 (011) 5105 0622,"Morro Gonçalves, 73, Apolonia, 33618792 Castro de Nogueira / PR"
161,Alexia Ramos,381.769.540-39,da-motasophie@example.net,31 4015-0520,"Feira Mendonça, 22, Gameleira, 92904228 Sales do Oeste / DF"
162,Emilly da Rosa,126.079.385-03,luiza35@example.com,+55 71 5943 2313,"Setor Noah da Mata, 56, Nossa Senhora Da Conceição, 97060101 Silva do Amparo / PA"
163,Danilo Abreu,089.452.671-58,freitasevelyn@example.net,71 8704-9037,"Lagoa Ana Araújo, 26, Urca, 91473816 Ferreira / PA"
164,Maya Rezende,790.584.216-94,kamillypires@example.net,0800 717 3976,"Lagoa Guerra, 54, Jaqueline, 31948-024 Melo do Oeste / AC"
165,Eloah Novaes,259.407.316-43,jade28@example.com,+55 11 5655 1504,"Sítio de Costela, 20, Camponesa 2ª Seção, 66783-504 Camargo de Silva / RS"
166,Emanuelly Cassiano,843.501.926-89,joao-vitorrios@example.com,(084) 3584-5526,"Colônia Milena Lima, 491, Acaiaca, 91669-334 Cunha / RN"
167,Luiz Henrique Rocha,574.816.293-82,pfernandes@example.org,41 2162 6170,"Fazenda Ryan Carvalho, 2, São Gonçalo, 66232-075 Caldeira / DF"
168,Nathan Leão,805.276.943-47,davisouza@example.net,+55 (071) 8837-7104,"Parque da Luz, Minas Caixa, 51045672 Moraes do Amparo / CE"
169,Gustavo Henrique Casa Grande,810.329.567-12,rcirino@example.org,+55 21 0189 4334,"Lagoa de Ribeiro, Universitário, 56538048 Fernandes / PE"
170,Anna Liz Novais,378.596.410-20,larissaguerra@example.net,+55 (011) 1905 2437,"Travessa Araújo, 36, Carlos Prates, 52835-744 Fogaça de da Costa / SP"
171,Ana Carolina da Cruz,742.305.186-17,vitor-hugoda-conceicao@example.com,(051) 0770-4383,"Residencial Peixoto, 95, Independência, 74668-156 da Rosa / RR"
172,Eloah Almeida,902.845.163-33,correiarafaela@example.net,31 9979-4006,"Pátio de Pastor, 31, São Gonçalo, 54584-455 da Rosa de Oliveira / AL"
173,Otávio Jesus,912.735.046-07,jaraujo@example.net,0300-579-5900,"Feira Nicolas Albuquerque, 9, Novo Aarão Reis, 58012-595 Mendes / MG"
174,Enzo Gabriel Nascimento,839.124.756-28,rael70@example.org,(084) 0186-2731,"Recanto de Macedo, 4, Vila Satélite, 04858827 Cavalcante / RR"
175,Dr. João Vitor Albuquerque,418.973.650-39,mcampos@example.org,+55 (031) 1754 7710,"Chácara Farias, 3, São Vicente, 78191-832 Fogaça de Oliveira / TO"
176,Ravi Lucca da Rosa,672.039.851-21,snovaes@example.net,(081) 7400 9520,"Jardim Ribeiro, 7, Castanheira, 58338-877 Gomes de Goiás / SP"
177,Dra. Heloisa da Cunha,764.802.351-26,ufonseca@example.net,(071) 5646-7931,"Vila de Caldeira, 87, Tupi A, 12737798 Duarte / PR"
178,Srta. Mariana Araújo,943.708.256-10,salesayla@example.org,(084) 1173 4271,"Parque Guerra, Sagrada Família, 86124761 da Mata / RN"
179,Dr. Nicolas Caldeira,845.907.136-75,araujosophia@example.com,+55 11 8218-9710,"Via de Nunes, 28, Paulo Vi, 44213-677 Fonseca do Oeste / AM"
180,Benício Moreira,923.841.567-64,moraesleandro@example.com,+55 (084) 8210 8274,"Quadra Maria Liz Vasconcelos, 89, Anchieta, 61473048 Andrade de Aparecida / MG"
181,José Miguel Pereira,941.273.865-09,bruna42@example.com,+55 (031) 8267-6929,"Área de Viana, 29, Vila Da Amizade, 22256269 Novaes / RR"
182,Emanuella Sá,524.163.780-07,fcastro@example.net,0900-459-4784,"Campo Mendes, 47, Marieta 3ª Seção, 62902-841 Mendonça de Almeida / RR"
183,Cecilia Nunes,091.486.352-51,sgomes@example.org,+55 (041) 0544 3256,"Alameda Rocha, 13, Granja Werneck, 67730-598 da Costa do Galho / AC"
184,Luigi Castro,740.136.829-31,nmachado@example.net,84 6488-1125,"Residencial Nicole Porto, 3, Vila Real 1ª Seção, 66770035 Siqueira do Amparo / MT"
185,Davi Lucca Cardoso,317.684.502-26,oliviacavalcante@example.org,21 3750 3126,"Quadra Sophia Carvalho, 47, Vila Ouro Minas, 23195919 Sousa / AP"
186,Luara Fogaça,953.041.287-88,davi-luiz31@example.com,11 0344-5080,"Área Montenegro, Vista Do Sol, 56596-754 Ribeiro / AC"
187,Bella Melo,834.920.516-42,oliviacosta@example.net,41 9202-6720,"Viela João Felipe Camargo, 17, São Luiz, 77460-999 Souza Paulista / RJ"
188,Mateus Sousa,317.420.859-97,luiz-gustavo86@example.com,+55 (061) 5862-3643,"Fazenda de Teixeira, Araguaia, 80969384 Barros / RN"
189,Dr. Enzo Lima,435.108.627-08,silvaolivia@example.org,0500-591-5306,"Área João Vitor Rios, 79, Vila Califórnia, 53819-172 Vieira / RO"
190,Sr. Mateus Pimenta,380.521.479-05,leaoluiza@example.net,0900 707 0439,"Conjunto de Ribeiro, 7, São Bento, 49121718 Correia do Campo / PB"
191,Vinícius Lima,349.158.206-70,wcorreia@example.com,(021) 5432 3364,"Praia Cavalcante, 77, Pongelupe, 49653282 Fogaça / MT"
192,Sr. Josué Monteiro,549.038.726-29,riosclara@example.org,81 6128-4280,"Parque Camargo, 75, Bom Jesus, 05066-944 Mendes Paulista / CE"
193,Sr. Luigi Fernandes,617.043.289-69,joana63@example.org,(011) 8224 4348,"Praia Julia Pereira, Estoril, 04777857 Casa Grande / SP"
194,Yasmin Aragão,408.351.769-75,mariah24@example.org,0500-768-4086,"Estrada Fonseca, 90, Dona Clara, 09669734 Silveira de Lopes / PR"
195,Rebeca Silveira,246.978.153-19,waraujo@example.net,61 7396-1365,"Viaduto de Teixeira, 1, Beija Flor, 12249935 Castro / DF"
196,Rebeca Cardoso,268.147.390-03,liviavasconcelos@example.org,(021) 1498-1636,"Recanto Cassiano, 85, Mala E Cuia, 32072367 Rezende Alegre / SP"
197,Cauê Sales,175.629.804-11,vitor-hugo95@example.com,+55 (071) 3553 2161,"Colônia Aragão, Serra Verde, 04766509 Souza / MS"
198,Henry Gabriel Sampaio,419.763.085-93,ana-carolina31@example.net,(081) 3436-6957,"Sítio Gomes, 90, Serra Verde, 63825-533 Nogueira / BA"
199,Dra. Olivia Nogueira,258.796.340-00,heitor53@example.net,84 8602 5001,"Travessa Mariah Cunha, 62, Bacurau, 71160-064 da Conceição do Sul / AM"
200,Stella Barbosa,376.598.102-86,leonardoda-rocha@example.net,11 2711 4895,"Viaduto Maria Cecília Leão, 426, Bandeirantes, 91514-582 Correia / GO"
201,João Felipe Vargas,625.971.840-30,clarice98@example.com,31 5511 0009,"Lago Novais, 61, Parque São Pedro, 72334157 Martins de Rezende / AP"
202,Noah Pastor,574.138.269-09,joao-vitorleao@example.com,51 7145 2718,"Fazenda Gael Costela, Tirol, 03571-334 Pimenta de Minas / MS"
203,Caio Porto,475.601.328-71,rochafrancisco@example.org,+55 (041) 0548 2054,"Loteamento de Araújo, 3, Sagrada Família, 39844587 Moura das Pedras / BA"
204,Kaique Fonseca,524.073.968-47,liviapinto@example.org,71 4744 4434,"Jardim de Abreu, 1, Piraja, 60126-795 Pereira de Cardoso / SC"
205,Dom Camargo,720.153.896-95,mayada-rosa@example.com,+55 (081) 3930 2739,"Lago Pimenta, 132, Madri, 22161-210 Albuquerque / PB"
206,Davi Lucca Azevedo,170.486.923-40,leandro36@example.com,41 4061-5288,"Praça Moreira, 67, Etelvina Carneiro, 05689452 Farias Alegre / SP"
207,Ágatha Sá,519.240.368-51,maria-sophia59@example.org,+55 (041) 5545 6475,"Largo Rodrigo das Neves, 843, Santo Antônio, 36128-407 Novaes / DF"
208,Maria Cecília Costela,825.147.690-94,dpeixoto@example.net,+55 (011) 4660-5149,"Jardim de Peixoto, 83, Monte São José, 14606249 Nunes / ES"
209,Lunna Machado,045.138.762-71,maria-laura36@example.org,(031) 6701 0045,"Favela de Cassiano, Aparecida 7ª Seção, 42843-285 Alves / ES"
210,Anthony Gabriel Rezende,364.250.178-80,qda-paz@example.net,+55 (051) 5608-2941,"Residencial de Costela, 7, Indaiá, 45532311 da Luz / SP"
211,Sra. Manuella Câmara,126.085.394-24,silvaeduarda@example.com,81 5528 6382,"Campo Duarte, 5, Satelite, 74375244 Carvalho / SE"
212,Nicolas Pimenta,529.364.107-70,luiz-miguel54@example.org,(031) 7659 6271,"Praia de Aparecida, 52, Novo Das Industrias, 94029-718 Rocha Grande / DF"
213,Daniela Araújo,287.365.904-10,iborges@example.org,+55 71 3995-3662,"Favela Brenda Leão, 34, Vila Calafate, 86779937 Rios / RO"
214,Vicente Alves,081.596.423-42,ana-liz51@example.net,0300-854-8970,"Alameda Aragão, Vila Maloca, 45306878 Andrade / DF"
215,Evelyn da Rosa,615.908.432-15,olivialima@example.com,+55 84 9544 4455,"Trevo Casa Grande, Vila Sumaré, 80095695 Correia / SP"
216,Erick Viana,872.695.301-30,dantefarias@example.org,+55 (051) 0123 7210,"Morro de da Mata, 77, Jardim Atlântico, 63075206 Duarte das Flores / SC"
217,Luan Teixeira,078.531.694-93,montenegromarcela@example.net,(084) 8762-3471,"Passarela Sales, 76, Castanheira, 88420978 Monteiro dos Dourados / TO"
218,Felipe da Rosa,571.240.683-71,almeidamaria-helena@example.com,+55 41 0529 5191,"Viaduto Gael Henrique Cavalcante, Nazare, 96410-796 da Paz / MS"
219,Maria Flor Cavalcante,231.946.587-19,ravi68@example.net,+55 81 1829 6798,"Ladeira Borges, 36, Oeste, 97377144 Fonseca / AM"
220,Elisa Cunha,629.043.785-29,theo76@example.com,(084) 4556-5328,"Travessa Leonardo Câmara, 69, Ipiranga, 39841880 Mendes / SE"
221,Gustavo Henrique Castro,907.581.234-50,isis75@example.net,(081) 0654-1465,"Largo Camila Pires, 357, Vila Nossa Senhora Do Rosário, 68901298 Leão de Fernandes / DF"
222,João Miguel Sampaio,294.017.865-85,rodrigoduarte@example.net,(051) 7321 2228,"Parque de Jesus, 6, Barreiro, 47476-831 Mendes / RR"
223,Raul Duarte,894.621.370-13,tgarcia@example.com,0500-144-6034,"Feira de Nascimento, 99, São Francisco, 33868550 Siqueira Grande / MT"
224,Igor Ramos,390.456.128-60,juliaalmeida@example.org,(031) 3585-4305,"Viela João Felipe Albuquerque, 63, Zilah Sposito, 73443112 Melo da Serra / BA"
225,Caio Santos,105.972.436-70,ferreiratheo@example.net,+55 84 6107-8250,"Rodovia Benicio Araújo, 8, Garças, 43119818 Marques / PE"
226,Oliver Cunha,053.892.764-00,dommoraes@example.com,+55 21 9301-6109,"Núcleo de Nogueira, 40, Distrito Industrial Do Jatoba, 77767592 Mendes Paulista / GO"
227,Luan Silva,091.376.428-04,viniciuspereira@example.com,41 2504-4754,"Avenida de Martins, 888, Nazare, 46595424 Pires da Praia / RJ"
228,Dr. Vinicius da Cunha,514.682.739-73,luisa60@example.com,+55 31 2966 8414,"Loteamento da Rosa, 69, Granja Werneck, 40369965 da Cruz de Ribeiro / SE"
229,Leonardo Vargas,528.470.136-44,renan95@example.net,0800 585 2799,"Favela Joaquim da Luz, 27, Marçola, 14755151 Santos de Rodrigues / ES"
230,Brenda Costela,354.867.219-19,isadoravasconcelos@example.net,+55 31 6527-1134,"Estrada Pacheco, 75, Santa Isabel, 89997-100 da Conceição das Flores / AM"
231,Maria Luiza Alves,751.692.840-20,henrique38@example.org,(011) 9894-0352,"Setor Emilly Marques, 73, Cônego Pinheiro 1ª Seção, 73324202 Viana de Sá / AC"
232,Sra. Sara Mendonça,621.584.097-11,kmendonca@example.com,+55 (021) 9136-2455,"Estrada Fogaça, Lagoinha Leblon, 97562028 Camargo / PA"
233,Mathias Lopes,208.941.637-87,nrios@example.org,(031) 6530 3659,"Núcleo Otto Gonçalves, 27, Piratininga, 25612-117 Martins / RO"
234,Liam Pinto,510.974.268-58,mfreitas@example.net,(021) 6308 2986,"Esplanada Davi Viana, Nazare, 35941068 Silva / MA"
235,Dr. Augusto Lima,718.964.352-46,sousabenjamim@example.org,(021) 7607-9776,"Vila Amanda Abreu, 40, Santa Lúcia, 22103750 Gonçalves / PI"
236,Davi Guerra,059.126.783-77,wjesus@example.com,71 7183-1082,"Trevo Júlia Pinto, 27, Vila Boa Vista, 42543088 da Conceição / AM"
237,Dr. Luiz Felipe Fonseca,103.564.897-01,ssantos@example.com,51 8756 6366,"Estrada Lucca Garcia, 42, Vila São Paulo, 68822-359 Cirino / RR"
238,Maria Luiza da Rosa,560.842.971-02,martinsleonardo@example.net,+55 21 5108 6065,"Vila Rezende, 483, Etelvina Carneiro, 55522-953 Casa Grande de Goiás / RS"
239,Rafaela Almeida,537.649.802-65,gabrielda-costa@example.com,(021) 2601-0451,"Setor de Guerra, 90, Cidade Jardim Taquaril, 52654-577 Vargas de Carvalho / GO"
240,Eduarda Marques,985.160.327-95,moreiraarthur-miguel@example.com,81 2441 8405,"Via Théo Câmara, 80, Vila Bandeirantes, 09119306 Farias / RO"
241,Rael Aragão,821.356.704-80,vianagael@example.org,+55 41 5465-6800,"Estrada Rodrigo Ferreira, 14, Vila Nova Gameleira 1ª Seção, 53393-676 Sales / PA"
242,Carlos Eduardo Gomes,197.586.203-12,rioseloah@example.org,0300-778-5534,"Quadra de Mendonça, Santo André, 90367349 Costela / SE"
243,Agatha Melo,941.860.735-20,bryan86@example.com,+55 41 1487-8243,"Estrada Hellena Fernandes, 761, Anchieta, 81281-329 Correia do Campo / SE"
244,Dr. Lucas Costela,308.164.925-06,limacatarina@example.net,+55 (061) 1905 1013,"Colônia Larissa Casa Grande, 5, Vila Pinho, 82854664 Marques / GO"
245,Rafaela Farias,412.865.739-55,marianada-paz@example.com,+55 (071) 5853-6568,"Jardim João Miguel Pinto, 233, Maria Helena, 09264223 Melo / RS"
246,Luiz Miguel Farias,250.317.486-80,limaanthony@example.com,(031) 0878-5631,"Campo de Oliveira, 9, Boa Viagem, 85805-126 Campos / PR"
247,Anna Liz Dias,625.478.091-76,joao61@example.net,(021) 7349-5529,"Loteamento de Sampaio, 34, Marajó, 77979-266 Silveira / AL"
248,Emanuel Fogaça,709.281.345-04,davi-lucas39@example.net,31 1499-0804,"Vila Gonçalves, 24, Independência, 52787-315 Costela de Silva / AP"
249,Srta. Julia Cassiano,381.249.705-05,camposbarbara@example.org,+55 (021) 9269 7587,"Vale de Jesus, 5, Cenaculo, 88250-889 Porto / PE"
250,Srta. Mirella Silva,846.795.120-67,vitor-gabriel77@example.org,+55 61 5334-5361,"Lago da Rosa, 291, São Paulo, 52892-617 Ferreira do Sul / SE"
251,Alexia Macedo,731.859.042-14,correiasarah@example.net,+55 (031) 6649-4497,"Chácara de Pires, 21, Trevo, 99819927 da Paz / AL"
252,Gabrielly Teixeira,104.572.896-94,benjaminfernandes@example.org,+55 (051) 6526 8401,"Condomínio Lopes, Cardoso, 53515652 Castro de Minas / ES"
253,Beatriz Moraes,213.809.764-13,vieiradiogo@example.net,+55 11 3322-4989,"Viaduto Fogaça, 48, Canadá, 70716-309 da Luz Alegre / RR"
254,Benjamin Teixeira,241.576.903-70,oferreira@example.net,(031) 7396-9329,"Estação Fogaça, Minas Caixa, 37761172 da Mata dos Dourados / AP"
255,Sr. João Felipe Duarte,108.294.356-89,marquesmarcela@example.org,+55 (031) 8901 8347,"Jardim Maria Sophia Farias, 48, Grotinha, 70385-363 Montenegro de Abreu / PB"
256,Fernanda Novaes,678.435.902-00,nmacedo@example.com,(084) 7032 4814,"Vale Marcelo da Cruz, 54, Monsenhor Messias, 23346-198 Alves / GO"
257,Luiz Miguel Sampaio,268.741.509-01,pimentalucas@example.com,+55 (031) 0041 6797,"Colônia Ana Sousa, 7, Vila Nova Gameleira 3ª Seção, 24063-986 Barros / AC"
258,Sra. Sophia Andrade,231.794.580-97,enrico28@example.org,+55 (051) 3835-1165,"Estação de Araújo, 332, Lajedo, 39278-140 da Cruz / AC"
259,Emanuella da Paz,087.345.216-07,sarahcirino@example.net,81 9743 3846,"Quadra Cassiano, 923, Ribeiro De Abreu, 99385-407 Vasconcelos / SE"
260,Amanda Fogaça,178.302.946-31,urodrigues@example.org,(081) 8338-3659,"Praça Allana Albuquerque, 23, Vila Olhos D'água, 38342309 Oliveira da Mata / SC"
261,Josué Moreira,451.836.279-91,siqueiraallana@example.com,41 0436 0944,"Setor João Gabriel Lopes, 2, Nova Granada, 79802621 Montenegro / MS"
262,Oliver Oliveira,420.159.876-49,vinicius99@example.net,+55 (061) 6719 7180,"Núcleo de Pinto, 79, Acaiaca, 35834-643 Pimenta de Macedo / AC"
263,Ana Liz Azevedo,145.237.960-25,vicente75@example.com,(071) 5528 5101,"Rua Gomes, 6, Vila Santa Monica 1ª Seção, 00958-323 Rocha da Prata / SP"
264,Sofia Camargo,093.467.815-48,leonardo68@example.net,+55 84 4561-4394,"Passarela de Ribeiro, 9, Das Industrias I, 45372281 Cavalcante Grande / PR"
265,Clara Sousa,215.834.670-17,nda-mata@example.org,51 7843 7317,"Rua Benicio Cavalcanti, 5, Vila Piratininga Venda Nova, 49396-214 Cavalcante de Rios / RN"
266,Amanda Pastor,526.140.379-07,apolloda-conceicao@example.com,81 4650-1703,"Distrito Caldeira, 30, Lagoinha, 66690-214 Nunes / RR"
267,Kamilly Albuquerque,645.729.830-38,wnunes@example.org,+55 (021) 1206-1027,"Lago Kevin Cassiano, 87, João Pinheiro, 74992648 Pinto da Praia / MG"
268,Ian Alves,487.165.203-35,vduarte@example.net,31 6909-4739,"Fazenda de Rodrigues, 3, Conjunto Califórnia I, 45808058 Montenegro / DF"
269,Anna Liz Andrade,701.382.546-80,hvieira@example.com,41 9228 0289,"Condomínio de Barros, 67, Cidade Jardim Taquaril, 29243-170 Fonseca / RR"
270,Anthony Garcia,890.645.371-00,guilherme87@example.net,+55 81 5335-1151,"Conjunto de Duarte, Vila Petropolis, 33630-960 Sampaio Grande / DF"
271,Pedro Abreu,176.342.985-73,mateus41@example.net,(071) 9493-7754,"Viela Maria Eduarda Campos, 4, Brasil Industrial, 36951577 Borges Verde / CE"
272,Augusto Ferreira,617.253.809-86,davi-miguelcunha@example.org,(041) 8272 4648,"Vale de Costela, 44, Boa União 2ª Seção, 63164-504 Vieira das Flores / SE"
273,Raul Pereira,024.768.519-49,manuella28@example.org,51 3451 2165,"Viaduto Marcela Sampaio, 44, Savassi, 61072567 Garcia do Galho / AC"
274,Maria Isis Viana,063.821.795-40,vargasarthur-miguel@example.org,0500 055 1053,"Rua Moreira, 2, Corumbiara, 19222-223 Lima / MS"
275,Augusto da Paz,408.653.729-00,yasminpinto@example.net,+55 41 5659 0769,"Esplanada de Barros, 960, Pirineus, 02070-666 Araújo / TO"
276,Arthur Cirino,486.315.972-28,mduarte@example.org,21 2578-5417,"Passarela Viana, 344, São Luiz, 69974-092 Nunes de Mendonça / AP"
277,Benjamin Porto,867.493.210-03,ryancorreia@example.net,+55 71 8439 2722,"Estação Benjamim Moura, 2, Vila Mangueiras, 41247999 Gomes / PR"
278,Melina Aragão,389.041.625-05,garcianina@example.org,0500-034-9975,"Praça Barros, 5, Casa Branca, 22355-548 Leão da Praia / SP"
279,Maria Helena Aragão,703.148.926-13,rodriguesolivia@example.org,41 8784-8550,"Vila Asafe Lopes, 77, Vila Mangueiras, 08481-059 Novais / AC"
280,Matteo Moraes,289.576.134-55,alexandreabreu@example.com,0800-263-1033,"Loteamento de Ramos, Santa Rosa, 40044-690 Porto / PI"
281,Gael Henrique Cunha,392.754.861-82,faraujo@example.com,+55 21 4125 9090,"Estrada de Gomes, 39, Casa Branca, 37404-138 Cirino / SE"
282,Dra. Maysa Macedo,018.945.326-51,joanacostela@example.org,21 7982 5138,"Pátio Mathias Siqueira, 11, Providencia, 80601930 Lopes / SP"
283,Aylla Costela,247.398.501-41,caldeiraana-julia@example.net,+55 (084) 1633 1123,"Núcleo Maria Fernanda Nunes, 39, São João Batista, 25198673 Pereira da Praia / SC"
284,Maria Laura Pastor,687.123.409-87,uaparecida@example.org,0900-059-0183,"Passarela Levi da Costa, 72, Varzea Da Palma, 00354794 Nunes do Sul / PE"
285,Luiz Henrique Ribeiro,461.037.985-66,gabrielly47@example.net,+55 (011) 9517 3167,"Rodovia de Brito, 31, Conjunto Taquaril, 49488-397 Cardoso de Pacheco / AL"
286,Rodrigo das Neves,812.936.740-87,franciscocardoso@example.net,+55 (061) 9205 6113,"Morro de Lima, 32, Flamengo, 40804832 Ribeiro do Norte / SE"
287,Theodoro Cassiano,957.064.238-65,sofia03@example.com,0800 484 0887,"Setor Samuel Albuquerque, 77, Minas Brasil, 78690-324 Rocha / SP"
288,Dr. Dom Vasconcelos,029.713.856-12,jfreitas@example.com,+55 71 6030 8031,"Conjunto Albuquerque, 7, Jardim Vitoria, 36576118 Viana / AL"
289,Luana da Mata,941.237.586-73,peixotoelisa@example.org,+55 71 1560-1649,"Rodovia Ágatha Silva, 9, Maria Virgínia, 14879-662 Farias / RO"
290,Gustavo Henrique Ramos,942.063.581-33,brendasales@example.org,51 2729 2399,"Praça de Barros, 417, Cônego Pinheiro 2ª Seção, 21578-859 Jesus da Praia / RN"
291,Mateus Cunha,870.524.139-14,guerraeloa@example.org,0900 943 3702,"Avenida de Aparecida, 9, São Marcos, 62338-018 Azevedo de Minas / AP"
292,Lorena Costa,850.921.347-04,giovanna66@example.com,21 7997 0725,"Vereda Ribeiro, 18, Copacabana, 91134923 Dias / RJ"
293,Marcelo Pacheco,346.982.751-64,valentinada-costa@example.com,+55 81 6832-3168,"Viaduto de Nogueira, Barroca, 08027-732 Sales / MG"
294,Yuri Cassiano,471.238.956-73,goncalvesdavi-lucca@example.net,41 0966-4847,"Viaduto Vicente Costela, Braúnas, 14701-524 Silva do Oeste / RS"
295,Ana Sophia Santos,851.926.740-85,anasouza@example.net,+55 (021) 6371-1142,"Ladeira Otávio Rezende, 69, Piratininga, 49979561 da Costa da Mata / MS"
296,Luiz Otávio Nunes,601.728.549-11,peixotonathan@example.com,+55 (081) 2948 7269,"Feira Anthony da Rosa, 78, Ambrosina, 96420-981 Brito / TO"
297,Dra. Giovanna Sousa,120.873.469-50,vianamaria-eduarda@example.com,+55 (041) 5741 6402,"Morro de Martins, 690, Vila Da Luz, 15039173 Ribeiro / SE"
298,Nina Rodrigues,714.509.328-60,martinsleonardo@example.org,(061) 5329 8228,"Favela de Novaes, Marieta 1ª Seção, 91890-386 Albuquerque Alegre / TO"
299,Esther da Cruz,410.369.785-75,zcampos@example.net,+55 51 1053 0433,"Conjunto Eduarda Silveira, 46, Ipiranga, 13609002 Moura da Praia / PE"
300,Helena Gonçalves,813.695.270-12,hcosta@example.org,(011) 5393 3428,"Esplanada de Souza, 84, Vila Atila De Paiva, 71022020 Câmara do Campo / RR"
301,Ana Cecília Vargas,093.865.172-21,domoliveira@example.com,+55 (051) 7263-4380,"Sítio de Monteiro, 94, Outro, 11736-537 Machado das Flores / MS"
302,Joana Teixeira,572.619.408-01,lfogaca@example.net,+55 (021) 1161-8479,"Vale Kaique Caldeira, 738, São Bento, 43321-260 Lopes Alegre / RS"
303,Marcela Sales,069.324.817-31,iteixeira@example.net,71 9145 8216,"Estrada Miguel Rodrigues, 55, Novo Santa Cecilia, 67537290 Cardoso / PA"
304,Eloá da Rosa,589.270.314-23,santosmurilo@example.com,+55 (031) 4755-6524,"Pátio Albuquerque, 4, Grotinha, 04906806 Caldeira / RS"
305,Marcela Peixoto,152.348.097-14,riospedro@example.net,0800-905-7506,"Rodovia Arthur Miguel Rodrigues, Liberdade, 92232905 Fernandes Verde / SC"
306,Gustavo Viana,027.591.364-34,sarah23@example.net,21 8900 5037,"Jardim de Ribeiro, 73, Vila Sumaré, 70071-297 Rodrigues / RN"
307,Caio Santos,974.563.281-37,joaquim64@example.com,0800 067 0513,"Largo Aparecida, 7, Ouro Preto, 02486201 da Luz / PE"
308,Joana Campos,910.735.286-77,britofrancisco@example.org,(061) 6634-8515,"Passarela Machado, 252, Vila Inestan, 95599987 Farias / AP"
309,Agatha Ramos,809.536.214-05,cferreira@example.net,+55 81 8420-6262,"Via Henry Gabriel Pires, 9, Castelo, 62810505 Rodrigues da Prata / BA"
310,Caleb Mendonça,654.180.273-44,ogarcia@example.org,+55 (031) 0070 4535,"Chácara Pedro Miguel Teixeira, Novo Aarão Reis, 37366-470 Ramos Grande / DF"
311,Joaquim Lima,325.196.708-86,nnascimento@example.com,+55 41 9022-7152,"Área da Rosa, 267, Alta Tensão 2ª Seção, 65548994 da Paz Verde / AM"
312,Leandro Borges,653.820.174-17,tmendonca@example.net,+55 (041) 5435 2996,"Alameda de Nunes, 61, Luxemburgo, 68597-668 Porto de Carvalho / DF"
313,Fernanda Nunes,526.148.039-60,enzo-gabrielnovaes@example.com,+55 (051) 9959-3388,"Setor de Castro, 78, Estrela, 54737-057 Melo / TO"
314,Gustavo Henrique Silveira,823.514.967-28,fcarvalho@example.com,61 3798-2185,"Distrito de Rezende, Santa Amelia, 11765-604 Oliveira / MS"
315,Lucca Rocha,915.087.342-32,emanuelly92@example.com,+55 (031) 0300-0860,"Via de Nogueira, 21, Ernesto Nascimento, 45700614 Novaes de Goiás / AC"
316,Arthur Gabriel Silva,179.205.486-67,sophia61@example.org,(031) 5842-2977,"Esplanada Pires, 462, Vila Antena Montanhês, 86981-248 Oliveira / AL"
317,Zoe Novais,356.482.970-92,tpastor@example.com,+55 (081) 1632-1727,"Aeroporto Liz Pires, 95, Solimoes, 26894062 Moreira de Goiás / AM"
318,Agatha Rocha,968.371.405-66,antonio37@example.org,0300-202-8025,"Colônia Ayla Montenegro, 90, Itapoa, 05263-910 Pires Grande / PB"
319,Caroline Caldeira,510.728.643-71,lucas40@example.org,21 3744-1081,"Pátio Felipe Duarte, 47, Pindura Saia, 04188-337 Albuquerque / AM"
320,João Pedro Barros,825.630.417-08,oliver43@example.org,(084) 9087-4123,"Rua de Barbosa, 20, Petropolis, 94789-713 Cirino / SE"
321,Sr. Daniel Cirino,138.574.092-23,lopesvalentim@example.com,(051) 6630-2955,"Feira de Castro, 33, Pilar, 84447072 da Cunha de Goiás / ES"
322,Srta. Esther Sá,048.637.592-74,brezende@example.net,0800-852-2068,"Pátio Maria Eduarda Albuquerque, 3, Vila Aeroporto Jaraguá, 86658002 das Neves / RO"
323,Luigi Sales,926.140.758-76,mcarvalho@example.org,+55 (084) 0264-6577,"Avenida de Vieira, 51, Jaraguá, 49595-854 Teixeira do Campo / SC"
324,Sophia das Neves,543.926.810-33,souzatheo@example.org,+55 (051) 7832 0458,"Trevo Mendonça, 50, Vila Piratininga Venda Nova, 74432337 Macedo / PI"
325,Mirella Barbosa,529.160.734-34,joao-miguelviana@example.net,11 7644 6841,"Vereda de Azevedo, Milionario, 84262272 Farias / PI"
326,Daniel Macedo,850.276.493-47,jade51@example.net,61 7230 1203,"Vila de Ferreira, 1, João Paulo Ii, 50876-166 Cavalcante / RN"
327,João Miguel Pinto,843.907.612-69,ravi-luccamacedo@example.org,11 6162-4135,"Loteamento Pacheco, 96, Baleia, 80407794 Pacheco / MG"
328,Dr. Enrico Fonseca,214.738.605-71,cavalcantilunna@example.com,71 8093-3754,"Pátio Liz Novais, 220, Piraja, 04401715 da Luz Paulista / ES"
329,Dr. Enrico da Conceição,479.836.102-03,leticiacamara@example.org,+55 51 8078 7970,"Via Emilly Cirino, 185, Nova Cintra, 66217-453 Lima / ES"
330,Catarina Cavalcanti,249.036.581-98,valentimfreitas@example.net,+55 (061) 1890-1985,"Rodovia Marques, 65, João Pinheiro, 00478-237 Cirino / GO"
331,João Vitor Leão,217.453.086-44,pereirahenry@example.org,(071) 7633 2676,"Residencial de da Paz, 82, Beija Flor, 58377-454 Macedo / DF"
332,Isabella Leão,370.582.916-59,kamillysampaio@example.net,0300-918-1304,"Área Caio Gomes, Santo Antônio, 41934-559 Ribeiro de Mendonça / ES"
333,Gael Henrique Ramos,481.392.706-87,irios@example.org,+55 51 3571 4339,"Sítio de Leão, 2, Tupi B, 79711954 Albuquerque / MS"
334,Yago Brito,514.968.320-51,pimentaana-livia@example.com,+55 (031) 3368 5756,"Rodovia de Marques, 14, Vila Fumec, 45640-896 Borges / PR"
335,Enzo Gabriel Cirino,130.879.465-75,novaesmaria-laura@example.net,+55 (081) 1242-0218,"Lago Pastor, 7, Vila Fumec, 45928319 Pastor das Pedras / RO"
336,Apollo Teixeira,346.970.152-07,noah44@example.net,+55 (084) 3745-4942,"Campo Theo Cavalcante, 21, Serrano, 47980-732 Alves Verde / AC"
337,Stephany Vasconcelos,618.503.742-44,gabriel24@example.com,(051) 4139-4832,"Quadra Moraes, 2, Cidade Jardim Taquaril, 34789-253 Oliveira / ES"
338,Yan Sá,079.358.462-00,pastorgustavo-henrique@example.com,(061) 5695 0015,"Alameda de Ribeiro, 145, Vila Nova Paraíso, 11434-167 Borges de Goiás / RS"
339,Agatha Farias,845.369.021-98,ccavalcanti@example.org,+55 84 9905 2743,"Viela Renan Nunes, 7, Vila São Geraldo, 78990040 Sales / SE"
340,Olívia Oliveira,329.718.065-02,marcela73@example.net,0800-530-3376,"Vila da Mata, 514, Beira Linha, 21182496 Pereira / DF"
341,Pedro Lucas da Conceição,748.935.210-04,cgomes@example.org,51 9394 5161,"Trevo Paulo Freitas, 4, Serrano, 70686307 Montenegro / AM"
342,Alexandre Fernandes,236.957.801-77,sofia18@example.com,+55 41 3672-9644,"Distrito de Lima, 5, Brasil Industrial, 42265-525 Sales / SP"
343,Dra. Isabela Cunha,204.695.387-83,yanmelo@example.com,0800-595-4744,"Estrada Sofia Rezende, 2, Boa Viagem, 36313-881 Santos do Norte / RO"
344,Ester Araújo,695.178.342-09,luiz-gustavo48@example.org,(011) 7389-3868,"Colônia Mendonça, 30, Palmares, 66070-933 Sá / AC"
345,Emanuel da Conceição,179.825.340-23,marcelo01@example.net,81 1654-2772,"Trecho de Sales, Grajaú, 73717-200 Santos / AP"
346,Davi Lucas Montenegro,625.849.103-06,maria-luisa55@example.com,+55 11 8752 4734,"Praça de Rezende, Ventosa, 40552-753 Oliveira do Oeste / SE"
347,Léo Brito,487.352.619-19,joana04@example.com,31 5992 7110,"Loteamento Cecília Barbosa, 9, Barão Homem De Melo 2ª Seção, 58703540 Ferreira / PE"
348,Matheus Fogaça,247.136.508-62,sbrito@example.net,+55 (084) 7983-0517,"Passarela André Rezende, 95, Marieta 2ª Seção, 25511-835 Nogueira Verde / DF"
349,Juan Viana,495.136.872-28,maria-lizcosta@example.org,(031) 0887-5307,"Praia Silveira, 37, Vila Santo Antônio, 42217450 Macedo / PB"
350,Cauã da Paz,478.591.023-23,eloafreitas@example.com,81 4544 2414,"Feira Agatha Cassiano, 462, Sion, 08432580 Correia / AC"
351,Thales Pires,876.249.035-47,costelaheloisa@example.com,61 4132 5903,"Lago Carlos Eduardo Gonçalves, 5, Vila Suzana Segunda Seção, 87082-340 Nogueira / PR"
352,Maria Julia Alves,827.195.360-59,caueporto@example.org,31 6516-3085,"Vale Maria Isis da Rocha, 39, Mineirão, 20806693 Ramos / PE"
353,Mathias Camargo,492.061.587-67,zgoncalves@example.org,41 4466-4636,"Conjunto de Fonseca, 157, Horto, 80303-123 da Rocha / SP"
354,Sr. Nicolas Mendonça,624.035.187-35,lopescecilia@example.org,+55 81 3662-4578,"Trecho Novaes, 39, Penha, 96398-200 Fogaça Paulista / PE"
355,Giovanna Cardoso,508.721.639-03,marcelabarros@example.org,0300 284 9159,"Área Lopes, 860, Vila Petropolis, 24310-154 Siqueira do Norte / SE"
356,Ravi Siqueira,603.481.259-33,alopes@example.org,(031) 0593 5531,"Condomínio de da Costa, 19, Vila Nova Cachoeirinha 2ª Seção, 38591-399 Teixeira de Garcia / PB"
357,Luigi Fernandes,108.753.962-59,kda-cunha@example.com,+55 41 7231-0192,"Área Duarte, 95, Paulo Vi, 03316335 Siqueira de Viana / PR"
358,Sra. Ágatha da Conceição,925.081.674-01,riosleo@example.org,11 8520 2391,"Feira Ferreira, 43, Delta, 03812-154 Rezende de Gonçalves / AP"
359,Theodoro da Rocha,184.379.605-84,erick75@example.org,(031) 6306 5833,"Viela da Conceição, 42, Jardim Leblon, 53619727 Freitas / RO"
360,Francisco Farias,821.097.563-30,acunha@example.com,+55 51 4566 0987,"Feira de Pacheco, 19, Vila São Francisco, 61558768 Pires / DF"
361,Benjamin Vargas,046.572.138-90,breno20@example.net,+55 81 8615 4954,"Praia Campos, 368, Copacabana, 77893-190 Barros de Goiás / PI"
362,Lucas Gabriel Viana,786.194.250-30,evelyn70@example.com,(021) 3379 8377,"Via de Almeida, 81, Marilandia, 95099809 da Cruz / ES"
363,Stephany Duarte,809.623.574-56,acaldeira@example.com,(021) 1323-1526,"Setor Mendes, 131, Outro, 25547-436 da Costa de Martins / AC"
364,Oliver Mendes,971.082.365-59,diogoduarte@example.com,51 0463 0309,"Rodovia Stella Peixoto, 77, Garças, 45350-276 Araújo / MG"
365,Emanuel Moreira,653.498.701-57,lizdas-neves@example.com,+55 (081) 9902 6118,"Pátio Vargas, 78, Conjunto Taquaril, 68103-963 Sá do Campo / MT"
366,Ana Cecília Pinto,203.615.749-16,tmarques@example.org,84 4242-5394,"Residencial da Mota, 79, Vila Do Pombal, 56825049 Borges / MS"
367,Nina Costa,750.843.916-39,zcorreia@example.com,(031) 4645 4547,"Favela Pereira, 65, Aparecida, 28997930 Moura / RR"
368,Felipe Cavalcante,361.524.798-19,melissa02@example.net,+55 61 2375-3263,"Rua Souza, 3, Aarão Reis, 75098671 Garcia / AM"
369,Maria Cavalcanti,798.025.461-94,apollo51@example.org,+55 (071) 8765 2581,"Ladeira Apollo Siqueira, 297, Santa Helena, 91696357 Fogaça do Sul / SE"
370,Larissa Lopes,093.257.648-65,davi-miguelmachado@example.org,41 5042-4777,"Pátio Jade Pastor, 62, Graça, 58223-323 Moura / PB"
371,Alexia Cardoso,934.870.615-20,larissagoncalves@example.net,+55 (041) 3829-8433,"Área João Miguel Fonseca, 953, Paquetá, 25150-227 Ribeiro das Pedras / BA"
372,Sr. Cauê Correia,392.560.784-65,aurorasantos@example.com,(081) 1019-9319,"Lago de Nunes, 33, Vila Sesc, 80326173 Pimenta do Amparo / PE"
373,Luana Sales,983.075.612-21,ravylopes@example.net,+55 81 1626 6566,"Vereda de Ferreira, 66, Solimoes, 51736-970 da Mata / AP"
374,Maysa da Mata,784.036.952-92,mariana60@example.net,0300-514-2215,"Distrito Vasconcelos, 14, Serra Do Curral, 05946-379 Rezende / GO"
375,Evelyn da Cruz,517.098.362-02,gabrielafreitas@example.org,21 1140-3952,"Aeroporto Joaquim da Rosa, 58, Conjunto Califórnia Ii, 73869-349 Gomes / MG"
376,Vinicius Porto,083.269.157-77,arthurnovais@example.com,+55 84 9894 8698,"Trecho Isaac Oliveira, 42, Delta, 20927-894 das Neves de Minas / SE"
377,Srta. Sophie da Cruz,105.843.279-60,pachecosophie@example.org,(081) 7224 6828,"Rodovia Gomes, 1, Ipe, 94967701 Sousa Verde / AM"
378,Lara Carvalho,723.581.690-21,gabrielafogaca@example.org,0900-702-3784,"Fazenda Yasmin Pastor, 69, Cônego Pinheiro 1ª Seção, 80579-493 Duarte / RS"
379,Dra. Nina Nogueira,108.294.657-58,dante26@example.net,31 8206 0141,"Jardim Cassiano, 95, Vila São Rafael, 31809-969 Lopes de Minas / SE"
380,Maria Alves,310.569.748-93,vianaoliver@example.net,(021) 1939-2766,"Morro de Aragão, 81, Vila Santa Monica 2ª Seção, 56573647 Mendes do Campo / RR"
381,Davi Fernandes,728.594.103-41,brunonovaes@example.net,(084) 9370-0107,"Esplanada Castro, Itaipu, 46380331 Costa / AL"
382,Raul Moura,039.582.147-97,iguerra@example.com,+55 21 6511 4086,"Sítio de Costela, 16, Bonfim, 53187482 Rezende / RS"
383,Ravi Rezende,826.710.435-62,rafaelacavalcanti@example.net,(031) 6428 6957,"Residencial Heloisa Pastor, Castanheira, 73708211 da Cruz / PA"
384,Letícia Correia,413.957.208-60,heloisacunha@example.com,81 0826-2502,"Alameda Maria Laura Vieira, 4, Jardim Alvorada, 36504477 da Cruz do Norte / SC"
385,Amanda Cavalcante,612.754.398-37,gael38@example.com,11 5219 2262,"Avenida da Cruz, 313, Aeroporto, 74265-602 Ribeiro de Lima / DF"
386,Gustavo Henrique da Costa,614.025.378-08,apollocarvalho@example.com,51 4469 2916,"Quadra Moraes, 27, São Salvador, 49532-374 Ribeiro / AM"
387,Rhavi Peixoto,036.951.742-34,pgoncalves@example.com,+55 (071) 9324 7181,"Trevo de da Rocha, Conjunto Santa Maria, 24189911 da Cruz Alegre / MT"
388,Lucas Gabriel Vargas,045.916.723-52,ana-carolinacamargo@example.net,+55 84 1555 8724,"Viaduto de da Cunha, 18, Novo Glória, 04041-694 Cassiano / RS"
389,Dra. Maria Alice Moraes,809.517.243-04,cfonseca@example.org,+55 61 7864-7036,"Núcleo Zoe Silva, Vila Nossa Senhora Do Rosário, 62231-964 Albuquerque / MA"
390,Ryan Campos,039.172.586-68,ana-liz41@example.net,+55 51 7326 7338,"Avenida Dias, 87, Granja Werneck, 05476-325 Garcia dos Dourados / SC"
391,Erick Ferreira,738.620.194-03,isiqueira@example.net,+55 71 7839 8656,"Distrito Sophia Caldeira, 91, Gutierrez, 52714073 da Mota da Praia / BA"
392,Francisco Farias,843.209.157-04,lcorreia@example.org,+55 41 0328-3225,"Rua de Vieira, 75, Vila Antena, 51648382 Guerra de Leão / PA"
393,Ana Clara Moraes,830.246.579-83,calebmacedo@example.net,+55 41 6792 4173,"Pátio de Campos, 59, Granja De Freitas, 94213-286 Aragão da Praia / MG"
394,Bryan da Rosa,814.095.236-24,julia92@example.net,+55 (061) 2578 1395,"Favela de Pires, 28, Funcionários, 62498479 Garcia dos Dourados / SE"
395,Dr. José Nascimento,356.748.091-00,larissada-paz@example.com,(061) 3886-1565,"Campo de Nogueira, 830, Jardim Felicidade, 76836-451 Pinto / RR"
396,Vicente Nascimento,895.413.072-05,joao-gabriel75@example.net,+55 (051) 6209-4887,"Avenida Lívia Sousa, 70, Manacas, 74513-351 Teixeira / MS"
397,Davi Lucca Campos,790.452.861-49,luan19@example.org,51 8539 6285,"Lago de Pereira, 56, Floresta, 31340172 Farias do Sul / RN"
398,Bárbara da Mata,329.860.175-68,moraesbryan@example.org,(011) 7435 8166,"Residencial de Pereira, 48, Vila Mangueiras, 28345-210 Cunha de Teixeira / PI"
399,Matheus Barros,207.896.541-30,qrodrigues@example.net,+55 61 4317-0975,"Praça de Caldeira, 2, Vila Independencia 2ª Seção, 58215380 Fogaça do Amparo / ES"
400,Luiz Miguel Siqueira,648.591.703-93,leandromartins@example.com,+55 (031) 1046 0085,"Trevo Dante Carvalho, 225, Serra Verde, 02860-889 Câmara / ES"
401,Sr. Otávio Pastor,295.617.803-21,maria-laura99@example.net,0900-169-2200,"Loteamento de Vargas, 63, Vila Ecológica, 05494-272 Pimenta / TO"
402,Sr. Enzo Cunha,820.469.371-04,ian29@example.org,11 6541-0328,"Praça Oliver Fogaça, 112, São Damião, 36344120 Barbosa Grande / RN"
403,Gustavo Henrique Barros,640.971.258-85,qda-rocha@example.com,+55 61 5981-0780,"Alameda de Correia, 283, João Alfredo, 05644141 Moreira da Praia / SP"
404,Enzo da Costa,698.530.247-56,liam72@example.org,+55 81 1657-6623,"Esplanada de Guerra, 36, Palmares, 77602-584 Fogaça / CE"
405,Dra. Nicole da Mata,761.824.593-28,barbosaaylla@example.net,+55 21 5222-8802,"Trecho de Moreira, Vila Suzana Primeira Seção, 41343-135 Araújo de Albuquerque / GO"
406,Laura Novais,539.608.142-24,valentina59@example.com,+55 51 0961 1327,"Estrada Helena Martins, 33, Vila Independencia 1ª Seção, 63318514 da Paz / AL"
407,Dante Alves,295.836.047-47,jjesus@example.com,+55 31 3192-1834,"Distrito Leonardo Cavalcante, Chácara Leonina, 94592370 Jesus de Minas / MS"
408,Isadora Pacheco,351.940.276-99,pachecoeduarda@example.org,+55 (031) 3629-0452,"Distrito de Barros, Concórdia, 88131874 Borges / RO"
409,Bárbara da Conceição,534.689.702-00,rodrigocarvalho@example.com,+55 (061) 4910 1757,"Trecho Evelyn Silveira, 7, Planalto, 82825868 Almeida do Oeste / SC"
410,Enrico Mendonça,681.420.375-80,luiz-henrique07@example.com,+55 (011) 2178-7877,"Rua das Neves, 75, Bacurau, 25050389 Pastor de Brito / MS"
411,Dr. Paulo Teixeira,027.948.351-14,wcampos@example.net,+55 21 6116-3357,"Viaduto Olivia da Mota, 5, Aeroporto, 02603303 Borges das Flores / AC"
412,Luiza Brito,526.314.980-89,da-costaantony@example.net,(051) 6834 2101,"Morro de Moraes, Guarani, 18493381 Dias de Ribeiro / PE"
413,Luna da Cruz,315.486.209-98,luara20@example.net,31 8491 7033,"Largo Clarice Oliveira, 92, Sport Club, 93469511 Novaes / MG"
414,José Miguel Nogueira,350.679.241-52,laura78@example.net,+55 41 3954 6264,"Conjunto de Gomes, 48, Mirante, 06300455 da Rocha / GO"
415,Caroline Cunha,164.209.753-52,liviamacedo@example.org,81 3533-0766,"Recanto Bento Sousa, 99, Vila Independencia 1ª Seção, 30228-341 Vieira / CE"
416,Ian Vasconcelos,321.480.759-50,oliveiraana-sophia@example.com,+55 (041) 6270 8400,"Praça Guerra, Jardim Dos Comerciarios, 09285-094 da Costa / BA"
417,José Viana,219.837.450-14,fnovaes@example.org,+55 84 4984 6860,"Área de Pereira, Beija Flor, 98882-482 Silva / SC"
418,Calebe da Luz,895.174.602-01,luiz-fernandomonteiro@example.org,+55 (061) 6430 4708,"Esplanada Sales, 38, Trevo, 14333-475 Machado / RR"
419,Pedro Aragão,758.306.129-68,azevedomaysa@example.com,(011) 4588-6444,"Praça de Pastor, 37, Confisco, 05025-276 Teixeira / PE"
420,Maria Isis da Rosa,284.603.195-98,bmoraes@example.com,(071) 7600-9135,"Vereda Vinícius Moraes, 57, Santa Isabel, 20025-576 Costa / AC"
421,Luísa Novaes,015.379.826-21,daniloda-mota@example.org,51 6979 8520,"Lago Castro, 780, Vila Sesc, 86158-189 Machado do Galho / AP"
422,Maria Isis Barros,418.926.075-49,marcos-vinicius66@example.com,0300-199-0583,"Viaduto da Paz, 87, Jardinópolis, 31716822 Brito de Cavalcante / PB"
423,Juliana Silveira,379.082.146-22,hramos@example.net,(051) 8539 3734,"Residencial de Santos, 7, Pongelupe, 85291853 Silva da Mata / AP"
424,Sra. Mirella Câmara,058.392.417-41,arodrigues@example.net,+55 (081) 6598-4664,"Quadra Francisco da Mota, 91, Barreiro, 49426420 Moura do Galho / AM"
425,Srta. Cecília da Rosa,174.235.860-80,mleao@example.com,+55 (081) 3490 0642,"Sítio Macedo, 6, Vila Madre Gertrudes 4ª Seção, 30957598 Aragão de Mendes / AL"
426,Lucas Silveira,241.587.963-00,da-matabrenda@example.com,0800 757 3186,"Largo Carvalho, 79, Minas Caixa, 61178413 Pimenta da Prata / PB"
427,Sra. Isabela Aragão,849.270.513-23,garciacaroline@example.com,+55 (071) 2064 8320,"Estação Cardoso, 524, Vila Jardim Alvorada, 86697055 Brito das Pedras / AM"
428,Theo Montenegro,621.480.375-44,monteirootavio@example.net,+55 (071) 8961 0502,"Sítio Martins, 6, Indaiá, 76988-799 Costela / TO"
429,Joaquim da Mota,604.273.891-78,enricosampaio@example.org,31 1082-5462,"Vila Samuel Aragão, 55, Zilah Sposito, 66807579 Pacheco Alegre / MS"
430,Srta. Maria Helena Castro,740.935.628-65,laisgoncalves@example.net,21 4728-8076,"Trecho de Mendes, 7, Vila Antena, 93534712 Mendonça / PE"
431,Alexia Cunha,186.705.342-07,jesusisaac@example.org,+55 61 1008 6765,"Lagoa Macedo, 79, Monsenhor Messias, 86625-687 da Mota / TO"
432,Brayan Moreira,785.192.304-23,otto51@example.com,+55 (084) 2726-7297,"Trevo Marques, 3, Vila Nova, 41471-337 da Luz / PB"
433,Eduardo Cirino,076.821.453-07,casa-grandeluna@example.net,+55 21 0618 3296,"Jardim Arthur Vargas, 1, Conjunto Paulo Vi, 75504513 da Mota de Rios / AP"
434,Luiz Henrique Montenegro,570.642.931-61,ana-julia98@example.net,+55 (021) 5491-3746,"Colônia de Caldeira, 5, Nova Suíça, 65971-254 Sá de Alves / PB"
435,Kamilly Sá,106.274.358-07,hellena20@example.com,84 4084-0820,"Vila de Rios, Belvedere, 72135-555 Teixeira / PR"
436,Leandro Câmara,310.782.694-40,tbarros@example.net,41 5304 3724,"Estação Cavalcanti, 96, Conjunto Jardim Filadélfia, 34384-829 Cirino de Minas / RR"
437,Juliana Abreu,820.175.634-71,guerraandre@example.net,81 1931-2687,"Estação Carolina Oliveira, 293, Betânia, 04884-771 Souza / GO"
438,Catarina Andrade,819.652.074-30,yuri90@example.com,(081) 1284 5620,"Viela de Novaes, 8, Juliana, 28619-437 Melo / SP"
439,Dra. Alexia Cassiano,642.798.315-64,pbrito@example.org,81 8065 4891,"Rua Porto, 26, Mineirão, 59652687 Duarte de Abreu / PA"
440,Pedro Miguel da Cunha,106.483.759-00,cecilia30@example.com,+55 (071) 1609 0472,"Via Lopes, 658, Vila Suzana Primeira Seção, 59580294 Mendonça / PI"
441,Dr. Carlos Eduardo Farias,025.384.719-23,hda-mata@example.org,0900 454 9197,"Feira Brito, 1, Custodinha, 57250-687 Araújo / MA"
442,Lucas Pimenta,094.156.723-07,nsampaio@example.com,+55 (031) 6005-6355,"Recanto Araújo, 15, Conjunto Jatoba, 24504-280 Silveira / AP"
443,Kaique Souza,692.413.075-52,riosthomas@example.org,+55 61 2027 6137,"Setor de Borges, 3, Copacabana, 88659449 Guerra da Praia / TO"
444,Dra. Helena Peixoto,971.503.468-39,abreuotavio@example.com,+55 61 0457-7970,"Ladeira Brenda Campos, 917, Capitão Eduardo, 56187-925 das Neves de Costela / GO"
445,Isabella Guerra,497.028.156-49,moraeskevin@example.org,51 4205 1885,"Largo Freitas, 56, Mangabeiras, 23401942 Vasconcelos das Flores / PE"
446,Heloisa Moura,638.715.042-62,aragaonatalia@example.net,(061) 5838 3746,"Condomínio Freitas, Vila Formosa, 67540629 Cirino da Mata / PR"
447,Felipe Ribeiro,475.203.168-07,hellenaborges@example.org,51 0493 2730,"Trevo Arthur Miguel Pereira, 89, Marieta 2ª Seção, 87277318 Araújo do Campo / RJ"
448,Aylla Pimenta,305.741.829-50,francisco08@example.org,81 6505 6975,"Loteamento Maria Júlia da Rosa, 8, Vila Madre Gertrudes 4ª Seção, 87553323 da Luz da Prata / MS"
449,Alana Alves,328.015.796-02,leonardo48@example.org,41 3402 9489,"Rodovia Rhavi Ramos, 85, São Bernardo, 07328-572 Sampaio / ES"
450,Bento Cavalcanti,607.985.124-58,moreiramaria-eduarda@example.net,(061) 6016 1317,"Morro de Andrade, Funcionários, 30945331 Rezende do Sul / TO"
451,Lunna Vargas,268.741.953-28,joaquim03@example.com,+55 51 2334 8492,"Morro de Novaes, 839, Mirtes, 59619825 Albuquerque / AC"
452,Pietro Câmara,325.690.817-95,lnovaes@example.net,+55 (021) 0403 2697,"Estação de Carvalho, 1, Maria Helena, 11799-310 Leão do Sul / AP"
453,Sophia Barbosa,875.291.064-49,silveiraana-sophia@example.com,+55 71 9303-2834,"Praça Luana Silveira, 2, Vila Califórnia, 51841691 Pinto / CE"
454,Marcelo Duarte,680.497.152-30,ottocostela@example.com,0500-278-8398,"Rua Miguel Cassiano, 99, Saudade, 79843214 Santos / ES"
455,Rebeca Pires,178.620.935-77,leonardo01@example.org,+55 (084) 5390-3827,"Loteamento de Nogueira, 33, Braúnas, 66010-804 Borges do Sul / RS"
456,Maria Liz Garcia,628.410.793-50,kguerra@example.com,(031) 6884-3007,"Loteamento Ramos, 30, Santa Maria, 59656551 Dias de Rezende / RJ"
457,Alexia Peixoto,156.720.894-02,leandro92@example.org,71 3644 5439,"Vale Leão, 6, Álvaro Camargos, 88146-697 da Conceição de Vargas / AP"
458,Vitor Hugo Campos,546.379.018-39,nogueiralorenzo@example.org,+55 41 5587-3451,"Aeroporto de Câmara, 80, Canadá, 64116508 Gomes da Prata / RS"
459,Camila Cirino,381.267.059-30,stephany94@example.com,+55 (071) 1495 8538,"Estação Lucas Vasconcelos, 23, Vitoria Da Conquista, 61543-814 Campos de Goiás / RO"
460,Laís Alves,529.714.380-23,costelalivia@example.net,+55 (071) 2793-9081,"Morro Andrade, 66, União, 32683315 Sá Paulista / RO"
461,Luiz Felipe Cirino,167.352.984-46,pachecovicente@example.com,+55 (021) 8563-4507,"Viela Andrade, 73, Pindorama, 55770534 da Luz / RR"
462,Maria Liz Pires,274.801.536-35,bmacedo@example.com,+55 (061) 7300 6183,"Vereda Garcia, 2, Conjunto Serra Verde, 85635211 Viana / PE"
463,Luana Santos,032.497.815-41,rafaelteixeira@example.net,+55 (071) 0860 2244,"Quadra de da Luz, 563, Vila Madre Gertrudes 2ª Seção, 35063341 Cavalcanti das Flores / ES"
464,Allana Moreira,601.279.584-01,moreirabeatriz@example.net,0800-663-0154,"Viaduto Ramos, 8, Barão Homem De Melo 3ª Seção, 32580908 Silva da Serra / AM"
465,Dr. Ravi Pires,758.496.210-67,fernandesjoana@example.com,0300-947-2113,"Residencial Luara Rocha, Nova Floresta, 27967022 Pires / CE"
466,Rodrigo Costela,230.647.859-74,maria-julia41@example.net,+55 61 8764-4290,"Travessa Garcia, 617, Gameleira, 38290491 Martins / SP"
467,Eloah Souza,041.853.296-60,mrocha@example.org,31 5235-7361,"Estação de Nascimento, 51, Vila Jardim Alvorada, 88145-694 Pereira / MT"
468,Catarina Cavalcante,593.682.041-60,melogustavo-henrique@example.org,(031) 6337-2034,"Loteamento Ana Laura Costa, 94, Céu Azul, 59706-283 da Luz da Mata / AP"
469,Lucas Gabriel Garcia,157.026.489-94,pedro-miguel19@example.net,+55 31 0556-5950,"Setor de Freitas, 61, Cidade Jardim, 56006145 Costa / RO"
470,Dr. Rael Cardoso,290.153.487-23,diasapollo@example.net,81 3940-5098,"Ladeira Luiz Otávio Melo, 5, Vila Olhos D'água, 40794-926 Aparecida / RO"
471,Luiz Henrique Gomes,174.038.256-08,maria-clara76@example.org,+55 71 9251 1236,"Residencial de Barros, 16, Vila Nova Gameleira 1ª Seção, 25900223 Pacheco das Flores / MA"
472,Isabella Borges,349.150.768-57,da-mataalicia@example.net,+55 41 1075 9180,"Rodovia Rios, 45, Providencia, 81432-660 Montenegro / RN"
473,Hellena Câmara,073.458.126-26,caua20@example.com,+55 31 0876-0164,"Vale Costela, 605, Esperança, 07065090 Vieira dos Dourados / ES"
474,Isadora Teixeira,349.561.280-70,fviana@example.net,+55 (041) 1929 8499,"Praia Cardoso, 50, São Lucas, 34806970 Rezende Verde / AP"
475,Isabela Duarte,807.241.365-17,julianacavalcanti@example.net,+55 (081) 3515 4080,"Colônia de Vargas, 596, Vila Puc, 92793-859 Marques de Minas / RN"
476,Igor Rodrigues,765.824.193-82,carvalhoanna-liz@example.org,+55 (061) 5902 8246,"Quadra Pedro Lucas Jesus, 69, Alto Dos Pinheiros, 31901-784 Pinto das Pedras / MG"
477,Sr. Cauê Aragão,508.712.439-97,costelabruna@example.com,71 2290 6402,"Favela da Cunha, 31, Nossa Senhora Aparecida, 84414879 Martins / MA"
478,Srta. Sofia Silva,654.829.370-38,silveiraeduardo@example.com,71 1832-0458,"Recanto Arthur Aparecida, 22, Alto Das Antenas, 55816002 Campos / PA"
479,Ágatha Sá,270.694.153-70,ferreirajade@example.org,+55 (031) 2689-3013,"Ladeira Kaique Campos, 71, Dom Silverio, 22815-499 Silveira / AP"
480,Fernanda Fernandes,735.180.426-53,jteixeira@example.net,(051) 4386 8742,"Favela Cassiano, 53, Bonsucesso, 37987058 Teixeira / RS"
481,Maya Monteiro,073.852.641-07,josueda-rosa@example.org,+55 31 5805-9903,"Vale Novaes, 709, Trevo, 23264-220 Sousa do Oeste / DF"
482,Heloísa Leão,093.251.467-70,joao-gabriel89@example.com,+55 (061) 4975-0438,"Favela Vasconcelos, 10, Madre Gertrudes, 78299-939 Borges / AP"
483,Pedro Lucas Garcia,895.712.306-77,auroradias@example.net,51 7002 5549,"Morro Bruna Azevedo, 132, Milionario, 32295-926 Caldeira das Pedras / AL"
484,Dr. Raul da Paz,360.425.178-80,vicente24@example.com,21 1149 4891,"Praça da Rocha, 8, Novo Ouro Preto, 62499243 Fogaça / PI"
485,Alice Gomes,698.317.425-91,leosousa@example.org,+55 (084) 7334-2734,"Rodovia de Cavalcante, 572, Cabana Do Pai Tomás, 79142-859 Freitas / BA"
486,Luiz Henrique Lima,981.037.254-04,uabreu@example.org,+55 61 2889-0738,"Aeroporto Pedro Lucas da Mata, Alípio De Melo, 27029-013 Cunha / TO"
487,Luigi Pinto,724.098.561-01,jose75@example.net,+55 71 4602-3882,"Viela Viana, 545, Carlos Prates, 45875-693 Aparecida da Mata / RN"
488,Caroline da Conceição,401.629.783-40,da-matapaulo@example.org,+55 31 1892-1513,"Residencial de Barbosa, 15, São Gonçalo, 81452-122 Santos de Goiás / RO"
489,Enzo Correia,405.927.163-25,franciscomarques@example.com,0900-202-7339,"Praça Moraes, 44, Vila Satélite, 43038-963 Barros do Oeste / BA"
490,Luiz Felipe Moreira,962.370.158-68,eduarda28@example.net,0300 532 6150,"Área de Oliveira, 33, Vila Barragem Santa Lúcia, 34158-916 Ramos / AM"
491,Davi Lucas da Conceição,963.142.758-73,arthur29@example.net,0900-089-7745,"Favela de Almeida, 413, Candelaria, 94554969 da Cruz do Campo / PB"
492,Ana Beatriz Monteiro,593.871.462-19,maria-ceciliasampaio@example.org,+55 11 2267-1888,"Viela de Pastor, Itapoa, 87333063 Fogaça / MS"
493,Laís Vasconcelos,164.308.792-40,xsales@example.com,+55 (084) 9256 3309,"Rodovia Laura Pinto, 8, Casa Branca, 37790-540 Duarte / PB"
494,Isabella Garcia,340.925.167-70,luanacampos@example.org,+55 (084) 8532 0174,"Pátio Sousa, 9, Alta Tensão 1ª Seção, 53880689 Ribeiro do Galho / BA"
495,Mariana Freitas,057.431.928-04,davi-luiz03@example.org,+55 81 0047 8367,"Lagoa de Siqueira, 770, Vila Da Amizade, 06183-476 Gonçalves / MT"
496,Pietro da Mota,954.817.602-58,cdias@example.org,+55 (084) 4836 1864,"Parque Marques, 91, Santa Tereza, 49717333 Aparecida / BA"
497,Alexia da Costa,195.674.032-52,asantos@example.org,(061) 4478-1714,"Condomínio de Barros, 368, São Benedito, 31983-125 Farias / DF"
498,Caleb Araújo,950.263.148-05,saragao@example.net,0300-294-1281,"Colônia Antonella Viana, 38, Santa Cruz, 40993-702 Aragão / MT"
499,Sra. Mirella Gonçalves,835.692.104-05,joao-pedrocavalcante@example.com,+55 21 6342 7856,"Ladeira Porto, 564, Vila Maloca, 08495-117 Nunes / PE"
500,Larissa Novais,314.065.879-66,arthur-miguel44@example.org,+55 61 8739-9979,"Fazenda de da Costa, 98, Juliana, 81435-682 da Luz Verde / RO"
501,Theo Casa Grande,905.621.378-40,camargoanthony-gabriel@example.net,0300 570 9434,"Aeroporto de Cavalcante, 82, Nazare, 12836-121 Correia Paulista / PB"
502,Ryan Sales,928.014.563-06,ravicastro@example.com,0500 667 7535,"Ladeira Sofia Almeida, 87, Palmeiras, 15896-344 Silveira / RS"
503,Luana Almeida,960.741.382-22,urodrigues@example.com,(031) 0689 3929,"Chácara Lucas Brito, 2, Vila Independencia 2ª Seção, 55352160 Sampaio / SC"
504,Henry Gabriel Campos,542.310.789-04,asafe35@example.org,81 1017-5125,"Travessa Otávio Leão, 1, Vila Dos Anjos, 75934953 Martins / RR"
505,Ana Júlia Pereira,436.018.295-33,juliana29@example.org,71 2950 2188,"Setor de Albuquerque, Santo Antônio, 93242572 Costela / SP"
506,Zoe Nogueira,156.849.370-39,domsiqueira@example.com,(061) 4331-9764,"Loteamento Barros, Horto Florestal, 82715951 Teixeira Grande / TO"
507,Sr. Vinícius da Luz,370.194.825-97,fernandabrito@example.net,+55 51 1212 3232,"Estação de Ramos, 5, Ernesto Nascimento, 67969202 Vieira dos Dourados / RN"
508,Valentim Teixeira,847.321.690-31,thiagocaldeira@example.org,+55 (041) 9958 2225,"Residencial Vinicius Freitas, 62, Vila Copacabana, 30372-844 Dias / ES"
509,Fernanda Macedo,273.864.159-82,ana-julia63@example.org,+55 61 2197 3173,"Jardim Arthur Miguel Sales, 149, Nova Granada, 91316-267 Nogueira / AC"
510,Breno Brito,865.219.403-33,novaesgustavo@example.org,31 6379 4998,"Fazenda Nogueira, 14, Delta, 22940440 Cardoso Paulista / RJ"
511,Isabelly Pimenta,017.624.389-50,milena47@example.net,11 5858-1804,"Estrada Andrade, 74, Atila De Paiva, 73887-831 Vieira da Mata / AM"
512,Ana Sophia Barros,403.125.976-06,imoura@example.net,(011) 1803 0613,"Lagoa de da Costa, 90, Vila Petropolis, 09213933 Santos da Praia / AM"
513,Isadora Guerra,639.472.518-82,isisrodrigues@example.org,+55 84 8996 3750,"Viaduto Mathias Pinto, 774, São Benedito, 56849847 Melo / RO"
514,Léo Pires,576.431.082-26,maria-eduardamacedo@example.com,0800 597 5415,"Vale Asafe Correia, 38, Horto, 07491948 Abreu / PE"
515,Olívia Marques,572.096.384-74,wda-mota@example.org,+55 (011) 3759 7869,"Travessa de Sampaio, 42, Conjunto São Francisco De Assis, 19004-078 Mendes / PE"
516,Rebeca Vasconcelos,698.475.320-10,vinicius58@example.org,+55 11 3108 6407,"Campo Aparecida, 112, Alto Dos Pinheiros, 62818-521 Pinto / PR"
517,Marcela Cavalcanti,054.693.287-83,nvargas@example.net,+55 (021) 8996 4703,"Campo Caldeira, 89, Santa Branca, 88256541 Rodrigues Grande / AP"
518,Clarice da Costa,538.720.496-74,gaparecida@example.net,+55 84 4604 0426,"Residencial Ana Vitória Novais, 614, Mineirão, 52532009 Rezende de Ramos / RJ"
519,Dr. Vinicius Abreu,217.490.635-06,isabel14@example.net,51 7400 5062,"Alameda Alves, 33, Nova Cintra, 86776-569 Caldeira de Goiás / SC"
520,Brenda da Mota,562.409.371-34,joao-gabrielfreitas@example.org,(071) 7725-5013,"Fazenda Eduarda Pastor, Sion, 95626542 Costela de Cardoso / RO"
521,Isabela Ribeiro,720.341.695-06,camaralucas@example.com,0300 962 0054,"Praia Oliveira, 373, Marçola, 02607461 Cassiano de Azevedo / DF"
522,Heloísa Lima,586.439.170-01,amanda44@example.com,+55 51 7189 8585,"Condomínio Pereira, 64, Cdi Jatoba, 37093527 Macedo da Mata / RR"
523,Laís Sousa,034.619.725-25,nascimentorafael@example.net,(051) 4572 9937,"Praia Alexandre Rios, 206, Bernadete, 44565734 Teixeira / PB"
524,Maria Liz Monteiro,794.218.536-28,correiaclarice@example.org,61 6773 3584,"Conjunto Pimenta, 13, Mangabeiras, 32387298 Sá / MA"
525,Pietra Cardoso,102.347.985-05,fernandacaldeira@example.com,71 2800-2780,"Residencial Isis Ribeiro, 72, Padre Eustáquio, 69793138 Ramos / RS"
526,Sra. Kamilly Barbosa,029.153.786-30,yan22@example.org,0500 234 9767,"Praça Aparecida, 796, Buritis, 88998527 Pastor / MA"
527,Elisa Mendes,176.408.593-01,pintovinicius@example.org,(011) 1310-6701,"Vereda Elisa Sampaio, 88, Boa União 2ª Seção, 75613631 Viana / RN"
528,Diogo Novaes,812.745.693-46,heloisaribeiro@example.net,+55 61 8106-9532,"Rua de Sampaio, 7, Jardim Leblon, 80108-025 Teixeira do Campo / MA"
529,Srta. Alícia Albuquerque,981.537.246-73,ipimenta@example.org,+55 (051) 9600-4004,"Passarela Cavalcanti, 18, Comiteco, 41943-321 Correia / MG"
530,Alexandre da Luz,483.290.157-50,ravi50@example.com,+55 (084) 7986-3112,"Setor de Monteiro, 4, Vila Madre Gertrudes 3ª Seção, 30306-390 da Rosa / MA"
531,Bernardo Marques,185.274.960-11,aragaoraul@example.org,(051) 6006 9497,"Trevo Pedro Pimenta, 649, Lindéia, 59789599 Pacheco / MT"
532,Cecilia Guerra,765.830.124-80,guilherme88@example.com,(031) 1462 7378,"Condomínio Mendonça, 64, Santo Agostinho, 60625-158 da Rocha / RO"
533,Sra. Larissa Nunes,657.390.841-48,rsilveira@example.net,+55 (061) 1243-3816,"Trecho Isabelly Borges, Alta Tensão 1ª Seção, 44556-927 da Costa do Galho / PI"
534,Sr. Heitor da Luz,632.879.105-40,joao-miguelsouza@example.net,41 3366 2653,"Colônia Pereira, Universitário, 29560946 da Cunha do Norte / SE"
535,Sr. Luiz Otávio das Neves,194.603.728-13,luiz-gustavonovais@example.net,+55 (081) 5635-0126,"Feira de Sousa, 9, Cidade Jardim, 17153-352 Machado das Flores / PB"
536,André Novais,590.476.128-76,npereira@example.org,+55 41 4258 1928,"Praça de Lopes, 80, Vista Do Sol, 69417-059 Pastor / MA"
537,Enzo Gabriel Araújo,394.016.825-42,fogacaeloah@example.net,(041) 8355-9624,"Campo de Farias, 59, Vila Nova, 02217-794 Azevedo / DF"
538,Juan Cavalcanti,356.249.087-92,amanda04@example.com,31 2124-0363,"Trecho Melissa Fernandes, 5, Vila Das Oliveiras, 15700-828 Monteiro do Sul / PR"
539,Oliver Cavalcante,870.215.693-86,acassiano@example.org,(061) 3584 1569,"Travessa Vasconcelos, 8, Boa União 2ª Seção, 45178-299 Campos / PE"
540,Maria Luiza Mendonça,845.270.391-05,joao-guilherme69@example.net,(031) 7710-9118,"Viaduto Lopes, 443, Belvedere, 40478-603 Costela do Campo / SP"
541,Jade Pereira,450.178.926-30,azevedopedro@example.com,(011) 1045 0010,"Aeroporto Cavalcante, 28, Alto Vera Cruz, 92384-056 Jesus / BA"
542,Antonella Teixeira,801.769.345-10,mbarros@example.org,+55 61 6322 3459,"Colônia de Barros, 45, São Vicente, 52025195 Lima de Goiás / SC"
543,Luna Lima,905.482.763-74,uporto@example.org,+55 (011) 1601 1652,"Área Ferreira, 1, Camargos, 62675-950 Pacheco / DF"
544,Sr. Liam Freitas,456.027.913-61,rebecaabreu@example.org,0300 536 8348,"Lago Jesus, 9, Salgado Filho, 39770899 Rezende do Oeste / CE"
545,Caroline Pastor,896.031.254-15,orodrigues@example.net,21 4127-4726,"Passarela Silveira, 16, Vila São Francisco, 14237-086 Nogueira / ES"
546,Maria Eduarda Gonçalves,183.952.670-02,carolinemendonca@example.org,+55 (051) 6624-3944,"Estação de Novais, 26, Casa Branca, 65083-152 Silveira de Minas / AL"
547,Cauê da Paz,764.180.523-07,augustofreitas@example.com,0500 729 9507,"Aeroporto de Brito, 35, Aarão Reis, 90552-819 Barbosa do Amparo / AP"
548,Otávio Andrade,629.130.847-96,vlopes@example.org,+55 (041) 0169-8052,"Núcleo Bento Lopes, Pousada Santo Antonio, 89856-914 Moreira / ES"
549,Paulo Farias,329.408.617-22,smarques@example.net,11 7568 2600,"Ladeira Sá, 453, Nazare, 74523-472 Novais / AL"
550,Dr. Arthur Miguel Costela,248.950.163-15,asantos@example.net,(081) 9016-7422,"Pátio Lopes, 939, Ribeiro De Abreu, 62343627 Viana Alegre / RS"
551,Mathias Nunes,195.034.782-60,thalesda-luz@example.com,+55 81 4531-4975,"Residencial Davi Luiz Porto, 524, Ribeiro De Abreu, 08354-003 Carvalho da Praia / MA"
552,Sra. Laís Leão,493.512.706-61,vitor-gabriel22@example.net,61 8001 0284,"Rua Melo, 84, Ipiranga, 05378673 Cirino das Pedras / AP"
553,Paulo Rios,234.165.087-26,rdas-neves@example.org,(031) 5832 3476,"Praça de Garcia, 6, Vila Santo Antônio Barroquinha, 33360321 Rios das Pedras / SP"
554,Dante Brito,134.620.598-15,zoe52@example.org,+55 51 0472 1071,"Recanto de Jesus, 88, São Gabriel, 27084025 Lopes / TO"
555,Cauã Ferreira,763.952.410-52,tnovais@example.net,+55 84 9195 0987,"Colônia Joana Farias, Vila Pilar, 61198-605 Mendes do Campo / RR"
556,Larissa Costa,624.189.370-03,piresbenicio@example.net,81 8533 2745,"Travessa Ana Clara Rocha, Frei Leopoldo, 13785171 Vasconcelos / MA"
557,Sr. Daniel Almeida,469.051.827-02,efogaca@example.org,+55 (041) 1700-1499,"Trecho Sara Dias, 62, Milionario, 42585598 Mendes de Costa / SP"
558,Srta. Olívia Nascimento,193.728.604-50,ucampos@example.org,+55 (041) 1503 9695,"Vale Pedro Henrique Marques, Bom Jesus, 21941-651 Marques / CE"
559,Dr. Thomas Cassiano,932.058.614-42,saraborges@example.net,(084) 8842 5731,"Rodovia Freitas, Bonfim, 86330991 da Paz / AL"
560,Maria Flor Peixoto,257.618.094-94,zvargas@example.net,(021) 8278-6869,"Fazenda Vinicius Sousa, 856, Aarão Reis, 37904-547 Carvalho / SE"
561,Luiza Viana,056.314.798-93,dsampaio@example.org,0300-482-1909,"Recanto de Azevedo, 597, Baleia, 64645-069 Vargas da Prata / RR"
562,Calebe Fonseca,265.390.748-83,correiarebeca@example.net,51 7874 8171,"Recanto Ana Julia Lopes, 29, Santa Inês, 95298-876 da Cunha / BA"
563,Dr. Vicente Fonseca,079.538.261-86,opimenta@example.org,(061) 7495 9159,"Campo João Vitor Carvalho, 70, Maria Tereza, 72095-810 Campos das Flores / PI"
564,Dra. Maitê Fernandes,893.174.602-40,ufonseca@example.org,+55 61 0131-7776,"Setor de da Cruz, 2, Bom Jesus, 64889-594 Barros / MA"
565,Henry Gabriel Peixoto,576.839.120-77,josuefogaca@example.com,21 7794 1790,"Colônia Sá, 705, João Alfredo, 26077582 Mendes de Sampaio / SP"
566,Cecília Monteiro,167.208.459-85,lorena40@example.net,+55 (051) 2646-4493,"Alameda Cunha, 27, Varzea Da Palma, 65070-051 Cavalcante / MS"
567,Thales Camargo,189.375.026-40,pbarros@example.com,31 0969 3861,"Jardim de Leão, 94, Barro Preto, 43369-704 Duarte / PI"
568,Dr. Isaque Siqueira,178.259.340-32,marinacastro@example.org,21 3734-1056,"Colônia Leandro Carvalho, 74, Vila Madre Gertrudes 4ª Seção, 67982737 Ribeiro / RJ"
569,Sr. Liam Oliveira,341.759.280-14,bcamargo@example.org,+55 (061) 9050 9649,"Favela Ágatha Rezende, 21, Lagoinha, 36306505 Andrade do Oeste / PI"
570,Pedro Lucas Correia,374.085.162-71,josuesouza@example.net,84 4717-5042,"Morro Ágatha Sampaio, Santa Isabel, 46314-937 Marques de Minas / MS"
571,Ana Cecília Novais,356.970.182-40,fernandessarah@example.com,+55 (084) 2940-3346,"Jardim Ana Laura Lima, 53, Teixeira Dias, 41215511 Dias / RN"
572,Pedro Lucas Melo,980.726.143-04,nascimentomaria-luiza@example.com,(051) 2448-0624,"Recanto Andrade, Acaba Mundo, 42823649 da Conceição Paulista / ES"
573,João Guilherme Cavalcante,592.463.781-64,sophiasilva@example.com,0800-377-8519,"Travessa de Pereira, 495, Vila São João Batista, 81854-113 Santos de Castro / MA"
574,Eloá Pires,401.596.283-42,ana-juliavieira@example.com,0900 032 6225,"Ladeira Arthur Cavalcante, 12, Sport Club, 52785-720 Barbosa do Oeste / AP"
575,Valentina Cunha,468.039.271-13,da-conceicaoarthur-miguel@example.com,(071) 1418 5749,"Viaduto de Novaes, 53, Vila Suzana Primeira Seção, 85909403 Nascimento de Casa Grande / ES"
576,Ana Beatriz Silva,870.691.345-84,milenafernandes@example.net,61 4014 1241,"Morro Cirino, 5, Vitoria Da Conquista, 06230822 Sousa / BA"
577,Calebe da Cruz,859.724.016-49,arthur-gabriel78@example.com,+55 (031) 9177-5825,"Parque Sousa, 25, Pindura Saia, 26082-100 Campos do Campo / TO"
578,Isadora Nogueira,135.472.680-44,bellacamargo@example.com,(011) 9977 9578,"Condomínio de Cavalcanti, Teixeira Dias, 83051-342 Sales / AP"
579,Maria Luiza Albuquerque,785.426.391-46,pcunha@example.com,+55 (011) 9697-5769,"Quadra Pietro Machado, 83, Santo Agostinho, 55509003 Rocha de Borges / RO"
580,Augusto Freitas,374.582.690-65,levisiqueira@example.com,+55 (084) 9732 7827,"Núcleo Camargo, 82, Vila São Geraldo, 83577506 da Paz do Oeste / AL"
581,Sra. Larissa Pacheco,934.581.270-97,uda-costa@example.com,0300-745-2866,"Rua de da Cruz, 1, Morro Dos Macacos, 47922-326 da Rocha da Mata / RN"
582,Ana Sophia Garcia,201.765.943-61,montenegroleo@example.org,0300-172-1549,"Conjunto Caldeira, 45, Barão Homem De Melo 2ª Seção, 81981948 Brito de Mendonça / PB"
583,Sr. Luiz Felipe Rodrigues,352.769.180-40,lara61@example.com,+55 (011) 1945-5301,"Praça Pinto, 960, Conjunto Floramar, 32042-753 Garcia / SP"
584,Benício Borges,603.921.857-68,oda-mota@example.net,71 8342-3694,"Residencial Rios, 88, Pirineus, 39229792 Dias Grande / PE"
585,Stella Nascimento,582.906.374-38,lorenzo72@example.org,61 9564-0050,"Esplanada de Cassiano, 783, Alto Dos Pinheiros, 20932-377 Lopes / GO"
586,Benjamim Pinto,734.982.601-03,isabela70@example.net,+55 81 9437 6532,"Colônia Felipe Duarte, 145, Vila Bandeirantes, 75947616 Nogueira / TO"
587,Noah Nogueira,892.405.613-15,valentimmendes@example.com,(021) 2539-2107,"Rodovia Leão, 2, Vila Jardim Alvorada, 92970635 Mendes / MT"
588,Ana Sophia Andrade,417.908.532-14,bento74@example.com,84 0718-0877,"Condomínio da Cunha, 52, Novo Glória, 30287446 Ribeiro / AM"
589,Isabella Pinto,084.562.371-08,bella57@example.com,+55 (041) 2502-1100,"Setor de Cardoso, 950, Vila Engenho Nogueira, 68799020 Sousa do Campo / BA"
590,Davi Lucas da Rocha,045.763.129-52,karaujo@example.net,+55 (071) 3264 8282,"Vereda da Cunha, Fernão Dias, 47521-298 Pacheco / SC"
591,Ana Laura Rodrigues,461.097.852-02,saraaparecida@example.net,71 5479-3729,"Viela de da Conceição, 989, Vila Jardim Alvorada, 10596788 Carvalho de da Luz / BA"
592,Paulo Montenegro,587.036.491-48,emilly09@example.net,+55 (081) 3035-3016,"Vila Carvalho, 38, Vila Batik, 34103-360 Garcia do Oeste / GO"
593,Thomas Vargas,178.092.564-67,pintojose-miguel@example.net,81 0671-7911,"Trevo de Casa Grande, 737, Jaraguá, 90549809 Lima Paulista / AP"
594,Lorena Mendes,794.286.530-47,vitoriacorreia@example.com,+55 11 7852 2856,"Fazenda de Lima, 588, Salgado Filho, 76632-108 Sampaio das Pedras / PB"
595,Eloah Almeida,920.158.734-14,xpires@example.org,+55 (041) 1863 7045,"Avenida Costa, 48, João Alfredo, 47497-340 Lopes do Sul / BA"
596,Vitória da Conceição,487.902.531-32,irios@example.com,(081) 0653-6067,"Sítio Laís Marques, 918, Conjunto Santa Maria, 35899039 Farias / MG"
597,Carolina Nunes,830.612.574-62,vargasraquel@example.com,+55 51 7735 6582,"Vila Nunes, 772, Lagoinha Leblon, 49463-685 Pires / ES"
598,Bianca Borges,386.271.945-64,ybarbosa@example.com,(081) 4087 6427,"Praça de Abreu, 97, Santo Agostinho, 66631-615 Moreira / RJ"
599,João Vitor Ferreira,905.643.872-74,matteo78@example.com,+55 (061) 1582 9177,"Condomínio Ravi Nogueira, Vila Trinta E Um De Março, 04115242 Martins de Azevedo / DF"
600,Caroline Aragão,752.834.160-62,das-nevesjoao-lucas@example.com,+55 81 2128 2512,"Colônia Freitas, 30, Beija Flor, 48501655 Jesus / RO"
601,Luara Viana,693.128.450-98,benjamin76@example.org,+55 51 5665 5506,"Praia Erick Costela, Pantanal, 44516293 Novaes / PI"
602,Elisa Souza,741.203.859-14,ada-costa@example.com,+55 21 1705 7940,"Largo Cauã Peixoto, 38, Glória, 46282-556 Farias da Praia / DF"
603,Luan Fernandes,763.512.809-40,yuridias@example.net,0300 093 5127,"Estação Barbosa, Vila Madre Gertrudes 3ª Seção, 25866-307 Ferreira dos Dourados / PA"
604,Ester Jesus,571.940.826-67,raquel46@example.net,31 2410-7948,"Conjunto de Ferreira, 46, Solimoes, 28774-234 Albuquerque / RS"
605,Ana Julia Pinto,204.693.158-06,garciaraquel@example.net,0800-391-8900,"Morro Garcia, 2, Confisco, 42019103 da Mata / ES"
606,Matheus Jesus,351.480.629-24,silveirapedro-miguel@example.com,+55 (031) 7164-6670,"Residencial de Sá, 38, Vila São Francisco, 62731-108 Nogueira da Serra / PE"
607,Sr. João Miguel Cavalcanti,675.841.209-11,asafenovais@example.com,+55 (084) 3013-7856,"Residencial Giovanna Fonseca, 177, Solimoes, 32149904 da Costa do Norte / AM"
608,Elisa Peixoto,805.972.346-47,fernando30@example.org,+55 (081) 5323-7731,"Vila Mendes, 479, Antonio Ribeiro De Abreu 1ª Seção, 28025702 da Mota do Norte / PI"
609,João Felipe Rios,728.435.610-35,camposlais@example.net,+55 (071) 9873-7259,"Condomínio de Andrade, 796, Vila Nova, 96059-193 Ramos de Gonçalves / PE"
610,Eduardo Mendonça,680.739.124-22,xnovaes@example.org,+55 (011) 0178 0316,"Área Cassiano, 62, Buraco Quente, 82653-954 Teixeira / MS"
611,Alexandre Costela,637.419.580-93,pimentamaria@example.org,(084) 7186 9884,"Praia Novais, 77, Calafate, 45096-725 Pires / RN"
612,André Gonçalves,085.362.947-10,ericksouza@example.net,+55 (061) 0075-6125,"Vale de Castro, 12, Vila Nova Cachoeirinha 1ª Seção, 91874-671 Sá Alegre / PE"
613,Ana Lívia Machado,625.097.418-02,davi29@example.net,+55 81 5929-2260,"Núcleo Josué Barros, Conjunto São Francisco De Assis, 42764-861 Borges / PI"
614,Ágatha da Paz,650.817.392-86,dante12@example.org,0900-546-7699,"Fazenda da Rocha, 18, Nossa Senhora Do Rosário, 80232-643 Barbosa / SC"
615,Alícia Almeida,749.051.628-58,joao-pedro77@example.net,+55 (031) 6993 5689,"Morro Bruno Caldeira, 32, Nova Gameleira, 98487368 Cunha / AC"
616,Milena Pimenta,903.547.182-23,costelajoao-gabriel@example.net,+55 (051) 4866-2393,"Conjunto de Guerra, 8, Vila Rica, 68386-500 Ramos de Gonçalves / SP"
617,Sara Pastor,920.635.781-68,joao-gabrielda-luz@example.net,81 6351 2107,"Estrada Correia, 65, Boa Viagem, 85607773 Ramos / AL"
618,Maria Fernanda Pacheco,568.972.140-94,alicesantos@example.net,+55 71 0996 2121,"Praça Bryan Rezende, 1, Carmo, 20639824 Fogaça / ES"
619,Bella Gonçalves,253.418.706-62,klima@example.com,+55 61 4646 4628,"Viaduto Vinicius Moreira, 60, Santa Inês, 51420190 Nunes do Sul / MG"
620,Dr. Davi Lucca Porto,743.280.156-80,gfernandes@example.net,(071) 9391-7475,"Conjunto Davi Miguel Ramos, 87, Lagoa, 39258-816 Santos de Minas / SE"
621,Catarina Aragão,374.598.601-66,fernanda65@example.org,(071) 0489-2776,"Ladeira Caroline Monteiro, 1, Santa Terezinha, 16394718 Pinto de Oliveira / MG"
622,José Albuquerque,689.271.034-40,antonyaragao@example.net,31 7237-1547,"Conjunto de Siqueira, 1, São Cristóvão, 69777-618 Carvalho de Campos / PR"
623,Zoe Barros,481.039.675-48,auroranogueira@example.org,+55 81 4495 2138,"Área Moreira, Itapoa, 96800-441 Cardoso / MG"
624,Levi das Neves,974.831.620-31,rodriguesolivia@example.org,+55 21 1998-4626,"Estrada Aragão, 78, Esperança, 97512-875 Pastor da Mata / MG"
625,Bella Rodrigues,043.572.198-41,camaralucca@example.com,41 6712-9350,"Aeroporto de Rezende, 90, Belvedere, 35955672 Correia da Mata / AP"
626,Francisco Brito,170.864.359-10,lucca11@example.com,0500-341-7978,"Parque Vinicius Rezende, 66, Bonfim, 12518847 Mendonça de Novais / AP"
627,Emanuel Sá,735.214.906-61,lavinia97@example.net,+55 (061) 7432-8778,"Praça Renan Pires, 92, Conjunto Santa Maria, 82672-733 da Mota de Pimenta / PE"
628,Zoe Marques,195.782.403-41,krezende@example.com,+55 41 0970 2366,"Largo Luísa Melo, 8, Vila Antena Montanhês, 07051346 Nascimento / PB"
629,Caio Nunes,362.741.850-62,otavio11@example.org,+55 (031) 3064-6669,"Vereda Eloah Cunha, 7, João Alfredo, 81250259 Monteiro do Norte / PB"
630,Dante Sousa,290.534.671-06,luiza01@example.org,+55 84 5457 9421,"Esplanada de Ferreira, Novo Santa Cecilia, 39259-613 Cirino do Norte / BA"
631,Ísis da Cunha,761.250.439-16,sampaiomaria-eduarda@example.com,+55 11 7966 6782,"Área Aparecida, 490, Jaraguá, 76818123 Souza / RR"
632,Cecilia da Mota,034.982.165-89,umachado@example.org,+55 31 5141 8060,"Campo de Macedo, 15, Santa Terezinha, 29709512 Andrade de Pacheco / PB"
633,Isabela Siqueira,976.238.150-59,raul17@example.com,+55 61 3382 0772,"Chácara Gabriel Almeida, 8, Lagoa, 81623-271 da Costa de Vargas / RR"
634,Alice Santos,341.296.870-69,alvesluiz-gustavo@example.com,+55 51 1097 0904,"Vila Sophia Andrade, 86, Barreiro, 44121616 Rios da Mata / SC"
635,Samuel Gonçalves,749.135.028-32,franciscoguerra@example.net,+55 81 0790 0333,"Pátio Helena Gomes, 19, Pantanal, 07827795 Azevedo / PR"
636,João Felipe Campos,970.246.158-85,smartins@example.org,(071) 6607-0162,"Viela Aylla da Costa, Monsenhor Messias, 16636671 Nunes / PR"
637,Dr. Dante Camargo,957.031.482-60,zsampaio@example.net,41 4280-6945,"Esplanada Augusto Viana, 67, São Bento, 98675-798 Fogaça / RJ"
638,Ryan Rodrigues,164.572.809-94,emanuellamarques@example.net,+55 21 9562-1185,"Parque Arthur Miguel Santos, Rio Branco, 53906-791 Lopes de Correia / AC"
639,Enrico Campos,510.637.429-43,uvasconcelos@example.net,31 7057 9400,"Via Alves, 73, Vila Vista Alegre, 04945-509 Pimenta Verde / AC"
640,Antony Cardoso,067.348.952-38,zoeda-mata@example.org,21 1845-4810,"Condomínio Ayla Vasconcelos, 48, Nova America, 45996394 Guerra / DF"
641,Maria Luiza da Cunha,259.403.186-06,viniciusdias@example.net,(084) 2719-1798,"Rua de Casa Grande, 1, Santa Monica, 88580-739 Alves / PI"
642,Miguel Vargas,620.549.387-00,luiz-gustavofreitas@example.org,51 0666 7382,"Fazenda Pacheco, 49, Vila São Rafael, 30269-186 Albuquerque do Norte / ES"
643,Daniela Melo,396.274.105-43,thiagoazevedo@example.org,21 8811 0009,"Travessa de Fonseca, 18, Delta, 38682-658 Cunha / CE"
644,Isabella Rios,921.567.834-46,sbarbosa@example.net,81 1864 6223,"Residencial Juan Fonseca, 12, Castanheira, 99444562 Santos do Amparo / AP"
645,Hellena Camargo,758.316.204-17,mayaribeiro@example.net,(051) 3299 3086,"Conjunto Gomes, 27, Funcionários, 39053-030 Ribeiro de Carvalho / AP"
646,Vitor Cirino,591.706.234-06,pimentaenrico@example.com,84 4606 2876,"Viela de Macedo, 17, Vila Trinta E Um De Março, 33308574 Câmara / RJ"
647,Mariah Costela,736.041.589-66,castroguilherme@example.net,(031) 1809 7402,"Rua Andrade, 174, Vila Paraíso, 14968-042 da Mota / RO"
648,Davi Lucas Araújo,160.937.542-43,zsilva@example.org,31 9498 7153,"Núcleo Cavalcanti, 14, Canaa, 82811340 Lopes / AM"
649,Josué da Mota,695.217.340-43,iduarte@example.net,+55 21 7710-0829,"Alameda de Rezende, 1, Jonas Veiga, 48729-430 Machado do Oeste / ES"
650,Dra. Lavínia Câmara,291.486.370-50,knovais@example.net,+55 21 5103-2875,"Viela Luísa Nogueira, 61, São Gonçalo, 46828-661 Sá / AM"
651,Mariah Costela,065.894.217-49,marcelobrito@example.net,0300-365-2757,"Campo de Rezende, 27, Andiroba, 14825-343 Viana de Barbosa / AL"
652,Dr. Nathan Martins,487.963.215-55,zcarvalho@example.com,(071) 6641-6874,"Trecho Teixeira, 5, Piraja, 13722-565 da Costa / SP"
653,Ravi Lucca Gonçalves,947.603.518-84,pmonteiro@example.net,0800-454-3127,"Estação Rezende, 72, São Francisco Das Chagas, 17497-042 Vieira do Galho / SC"
654,Arthur Gabriel Camargo,512.037.846-35,rhavicunha@example.net,(011) 1217 2701,"Travessa Kevin Vasconcelos, Santa Helena, 90222618 Montenegro dos Dourados / MG"
655,Luiz Fernando Montenegro,092.738.416-78,valentimandrade@example.net,(031) 3303-4680,"Conjunto de Santos, 41, Trevo, 87611049 Moraes do Campo / AP"
656,Lorena Rios,125.907.463-34,fernandapires@example.org,+55 81 5597 8870,"Fazenda Carlos Eduardo Freitas, Jardim Vitoria, 19357217 Oliveira / AP"
657,Gustavo Henrique Azevedo,943.728.651-55,ana-luiza51@example.org,+55 (061) 0371-0768,"Trecho João da Cruz, 71, Vila Sesc, 25979-840 da Cunha / RS"
658,Gael Barbosa,301.649.578-39,duartemaria-sophia@example.org,51 1175 6045,"Trecho Ferreira, Santa Cecilia, 24737750 Souza / TO"
659,Luiz Gustavo Duarte,580.976.423-10,andradecaua@example.com,+55 (061) 6621-9406,"Via Vargas, 33, Mariano De Abreu, 95524681 Monteiro de Minas / DF"
660,Nicole da Rocha,163.978.054-84,eloacirino@example.org,(031) 8580 6398,"Lagoa de Caldeira, 13, Vila Madre Gertrudes 3ª Seção, 44244254 Montenegro do Amparo / RS"
661,Lavínia Camargo,715.089.246-94,zcirino@example.org,(041) 5552-9058,"Loteamento Abreu, Vila Havaí, 03854124 da Conceição / PA"
662,Arthur Gabriel Aparecida,541.986.203-42,jademacedo@example.com,(041) 0816 1779,"Passarela de Machado, 53, São Pedro, 08693-202 Carvalho / MA"
663,Caio Siqueira,042.587.619-58,vmonteiro@example.org,+55 (061) 0902-6353,"Largo Vicente Machado, 81, Acaba Mundo, 91907009 Araújo / MA"
664,Dra. Beatriz Machado,160.259.834-70,maria-helenasilva@example.org,21 7649 6576,"Rua Enrico Castro, 87, Vila Cloris, 47775491 Rodrigues / RN"
665,Sr. Anthony Machado,193.248.065-05,erodrigues@example.net,+55 81 9782 7318,"Esplanada Nunes, 326, São Geraldo, 57521548 Marques Alegre / AL"
666,Joaquim Brito,250.491.768-67,zmartins@example.net,(071) 3464-9897,"Largo de das Neves, 14, Vila Jardim São José, 67139-412 Correia / TO"
667,Lara da Luz,018.967.245-58,salespedro@example.org,+55 (071) 2417 1470,"Quadra Enzo Gabriel Leão, 813, Vila Pilar, 31872815 Alves / RN"
668,Brayan Barbosa,531.746.829-91,mendoncaluiz-miguel@example.net,0900-506-0832,"Vereda Arthur Carvalho, 2, Vila Santo Antônio Barroquinha, 50957341 Marques / GO"
669,Asafe Campos,869.705.321-86,ottopereira@example.org,+55 (081) 4032 8674,"Alameda de Cavalcante, Alta Tensão 2ª Seção, 98807285 Jesus / MT"
670,Sra. Isabelly Sá,392.640.517-16,apollopinto@example.org,+55 (021) 9126-0065,"Alameda Moreira, 52, Grota, 74060-352 da Mota do Amparo / MG"
671,Ana Cecília das Neves,025.873.961-40,yda-mata@example.org,+55 (041) 5008-4356,"Lagoa Pastor, 37, Vila Formosa, 31438760 Albuquerque / MA"
672,Vitor Gabriel Marques,296.437.805-38,auroranovais@example.com,(084) 1036-1582,"Colônia de Barros, 4, Etelvina Carneiro, 21838-827 Castro / TO"
673,Gabrielly Garcia,983.071.426-87,dom79@example.net,21 5740-3540,"Praia Melissa Ferreira, 64, Vila Minaslandia, 37025-602 Albuquerque de Abreu / GO"
674,Isadora Lima,340.561.982-33,sviana@example.org,61 4666 7792,"Quadra Cavalcanti, 267, Santa Amelia, 64848035 Gomes do Norte / PR"
675,Dante da Paz,157.206.439-07,albuquerquelavinia@example.net,(084) 4762 9633,"Vereda Jade da Mata, 3, Vila Independencia 3ª Seção, 16308-145 Casa Grande de Farias / MT"
676,Joana Freitas,835.402.617-53,mariah54@example.net,+55 (021) 2071 2230,"Distrito Silva, 65, Tupi B, 69033-650 Mendes Paulista / GO"
677,Sr. Valentim Dias,519.068.732-59,evelyn42@example.com,+55 (011) 1394 5633,"Campo de Silva, 95, Liberdade, 75371998 Abreu das Pedras / RO"
678,Pietra da Cunha,679.342.105-07,emanuellamonteiro@example.net,31 5988 9382,"Colônia de da Cunha, 48, Barão Homem De Melo 1ª Seção, 48350-528 da Cruz / PR"
679,Maria Sophia da Mata,081.572.369-59,pimentamaria-vitoria@example.com,81 3196 1565,"Praça Gomes, 55, Jardim América, 41801-150 Mendes de Jesus / AC"
680,Samuel Viana,470.583.269-83,dcunha@example.org,+55 (084) 1264-4943,"Núcleo Marques, 36, Vila Mantiqueira, 64952-737 Pastor de Rios / SP"
681,Luiz Henrique Carvalho,310.896.572-77,beatriz57@example.com,0900-166-9552,"Vila de Ramos, 10, Padre Eustáquio, 23926-897 Rocha / MS"
682,Ravi Azevedo,631.270.485-80,ana-julia63@example.com,(051) 7439-0706,"Feira de da Mata, 85, Aeroporto, 79660290 Costa de Pastor / PI"
683,Dra. Raquel Silveira,827.401.539-88,vitor86@example.net,0800 711 7684,"Avenida Diogo Moreira, 45, São Bento, 63617-431 Lima / AP"
684,Antonella Farias,326.509.418-98,thalesda-cunha@example.com,+55 (051) 6168 2881,"Área Andrade, 778, Vila Da Ária, 03841379 da Paz / SP"
685,Vicente Jesus,412.368.095-05,mmachado@example.net,(061) 6327-8122,"Esplanada Nathan da Cunha, Novo São Lucas, 43804048 Garcia das Pedras / SC"
686,Yuri Freitas,695.738.140-48,lauraguerra@example.com,(031) 6087-8960,"Trecho Pires, 67, Aparecida 7ª Seção, 17487708 Gonçalves Alegre / MA"
687,Lucca Silveira,620.478.513-35,cmachado@example.org,(061) 0612-1939,"Praia Nunes, 428, Senhor Dos Passos, 57224467 Borges / SE"
688,Rael Andrade,153.478.620-17,ana90@example.com,(081) 1514 3195,"Rua de Duarte, Paquetá, 99072-329 Sampaio / RN"
689,Brayan Sales,781.359.640-48,zda-rocha@example.net,(041) 7535 2626,"Recanto Ribeiro, 6, Estrela, 39026094 Cirino Paulista / SC"
690,Maria Luiza Cardoso,925.061.473-06,maria-ceciliabarbosa@example.net,+55 31 2800-5742,"Estação Noah Gomes, 74, Camponesa 1ª Seção, 55582242 Barbosa / SC"
691,Clara Almeida,017.892.534-97,yviana@example.org,+55 (081) 5809 4142,"Travessa Nascimento, 665, Bernadete, 91696-434 Correia / SE"
692,Srta. Stephany Rios,567.234.108-07,correiacecilia@example.net,0900-148-7575,"Área Vasconcelos, 36, Olhos D'água, 85028-708 Aparecida Paulista / RS"
693,Nina Rezende,648.012.597-58,bcirino@example.org,(051) 7188-8627,"Estrada Sousa, 76, Tres Marias, 58374-391 da Mata das Flores / SP"
694,Isaac Moraes,846.573.029-65,maite97@example.net,0900 108 7128,"Ladeira Gabriela da Cruz, 941, Bandeirantes, 96748226 Vasconcelos / PA"
695,Brenda Rodrigues,539.641.720-06,yago87@example.com,0800-444-6911,"Área Cavalcanti, Bela Vitoria, 13380-847 Silveira Paulista / MT"
696,Sra. Luiza Novaes,783.149.206-22,maria-vitoriapacheco@example.net,+55 21 1958-1367,"Quadra Costa, 8, Nazare, 71920688 Rios / RR"
697,Leonardo Araújo,917.230.584-32,barbosaliam@example.net,+55 41 9773-6547,"Viaduto de Lopes, 8, Suzana, 69585238 Moraes das Flores / PA"
698,Apollo Peixoto,032.954.768-29,carolinada-conceicao@example.com,+55 84 0238-2824,"Feira Sabrina Ferreira, Beija Flor, 26865-528 das Neves de Lopes / RO"
699,Laís Macedo,462.039.517-06,saana-beatriz@example.org,(011) 5007 6840,"Setor de da Cunha, 72, Castanheira, 00583791 Viana das Flores / RS"
700,Ana Julia Moreira,285.391.046-60,kda-mata@example.com,+55 51 5783 1687,"Parque Pimenta, 27, Lourdes, 50532-589 Porto do Sul / PA"
701,Cecilia das Neves,867.504.923-47,luiz-gustavomarques@example.org,+55 21 6532-3308,"Alameda Barros, 47, São Gabriel, 62965796 Albuquerque / AM"
702,Ester Casa Grande,846.039.527-83,aylacaldeira@example.net,+55 (021) 2617 3410,"Pátio Evelyn Ramos, 62, Vila Maria, 48426-371 Barbosa / PA"
703,Guilherme Rezende,508.936.742-65,jesusjulia@example.net,(071) 6625-7847,"Vila de Correia, 74, Santa Amelia, 15269244 Novaes de Barbosa / PA"
704,Sra. Maria Clara da Paz,850.623.749-10,ana-clara69@example.org,+55 84 5526-7869,"Conjunto Pacheco, Comiteco, 02233-490 Fonseca / SC"
705,Gabrielly Lopes,620.198.537-95,palbuquerque@example.org,0500-104-8531,"Recanto de Pacheco, 63, Nova Pampulha, 33687208 da Mota dos Dourados / SE"
706,Manuela Pereira,641.235.098-51,naparecida@example.org,71 6070 7391,"Largo de Campos, 1, Antonio Ribeiro De Abreu 1ª Seção, 67786806 Mendes da Prata / MT"
707,Rebeca Rodrigues,893.645.012-33,vitoriada-rosa@example.net,81 7382 7174,"Aeroporto Isadora Pinto, 34, Vila Novo São Lucas, 59350-451 Campos / AC"
708,João Felipe Silva,671.849.320-13,matteoda-mata@example.org,+55 (081) 2751 8930,"Loteamento de Nascimento, 5, Granja De Freitas, 36553-073 Vieira de Campos / BA"
709,Brenda Melo,148.059.627-20,helenada-mota@example.org,0900-078-1897,"Setor Luiz Gustavo Porto, 9, Novo Ouro Preto, 75498318 Barros / SP"
710,Paulo Fogaça,615.708.492-85,yrodrigues@example.com,11 5417 9241,"Estação Aparecida, 72, Coração Eucarístico, 45361925 Sousa / PI"
711,Ana Liz Rodrigues,374.085.162-71,camargolucas-gabriel@example.org,+55 (031) 2110-5457,"Feira Machado, 2, Das Industrias I, 57341-849 Sá / AM"
712,Dr. Théo Castro,716.592.804-94,silvaalicia@example.net,(061) 1108-8600,"Via Carolina Vargas, 68, Nova Cintra, 57153939 Guerra de Minas / ES"
713,Henrique Fernandes,270.631.894-50,yasmin35@example.com,11 6983 2625,"Vereda de Sá, 362, Mariano De Abreu, 66019398 Cassiano do Sul / RO"
714,Antonella Melo,539.680.124-70,fogacavitoria@example.net,+55 31 6983-6703,"Feira de Guerra, 74, Tupi A, 32366156 da Mata / SE"
715,Alícia Almeida,248.309.156-33,emillysampaio@example.net,+55 (071) 3942 7831,"Sítio Sales, 466, Boa Viagem, 54129-985 Barbosa do Sul / BA"
716,Ana Júlia Silveira,843.167.509-84,oliveiraleonardo@example.com,+55 (081) 1687-1579,"Trevo Sampaio, 39, Céu Azul, 43677-089 da Mata da Praia / AP"
717,Raul Camargo,937.104.586-84,matheus66@example.com,+55 (081) 0728-9543,"Largo Henry da Paz, 42, Guarani, 81589-827 Cavalcanti / CE"
718,Hellena Vargas,013.287.945-04,nogueirapietra@example.com,+55 84 1040 5628,"Feira Almeida, 70, Confisco, 74144-251 Alves de Ferreira / MS"
719,Benício Barbosa,701.528.394-88,svasconcelos@example.com,11 5426 3866,"Estrada Garcia, 98, Suzana, 32424349 Mendes / PI"
720,Alícia Andrade,139.428.567-19,apolloleao@example.net,41 6801 7047,"Ladeira Silveira, Esperança, 29199-014 Barbosa / GO"
721,Cecilia Sá,045.862.917-02,joao-miguel66@example.org,(041) 0421-0408,"Fazenda de Porto, 662, Alto Caiçaras, 98331516 Teixeira de Lopes / BA"
722,Lunna Dias,829.316.057-86,cmachado@example.org,61 3157 0729,"Chácara de Duarte, 88, Canaa, 18837445 Pacheco / PA"
723,Antônio Câmara,810.329.645-70,bella36@example.net,+55 (041) 0867 6263,"Viela de Correia, 39, Beira Linha, 29205391 Barbosa / BA"
724,Sr. Luiz Otávio da Rosa,387.642.019-96,albuquerqueolivia@example.org,(041) 5665-3885,"Conjunto de Porto, 23, Vila Nova Cachoeirinha 1ª Seção, 73727-992 Alves / ES"
725,Srta. Alice da Paz,127.346.580-62,jesusenzo@example.net,+55 21 0866-9051,"Passarela Melo, 7, Vila Dos Anjos, 93163-158 Siqueira de Macedo / AC"
726,Srta. Ísis da Mata,460.851.293-51,cassianogael@example.org,+55 (051) 3337 0982,"Fazenda Maria Julia Monteiro, 94, Custodinha, 11629011 da Luz / RJ"
727,Vitor Hugo Melo,841.750.396-00,luan64@example.com,(061) 9863 7753,"Distrito Mathias da Cunha, 80, Vila Independencia 3ª Seção, 39865743 Pereira da Serra / RJ"
728,Nina Nogueira,154.863.920-60,ppires@example.net,+55 11 9360-1257,"Condomínio Montenegro, Aparecida 7ª Seção, 11102563 Azevedo / MS"
729,Lunna Moura,971.658.043-66,leomontenegro@example.net,31 3292 8461,"Rodovia da Cunha, 71, Mala E Cuia, 26283-704 Melo das Flores / MS"
730,Dra. Cecília Barbosa,639.584.271-46,diogoabreu@example.com,0300 989 6898,"Viaduto Bárbara Fogaça, 642, Cidade Jardim Taquaril, 43190-866 Leão / PI"
731,Júlia Vargas,230.765.841-62,eduardavasconcelos@example.net,41 0814 8588,"Aeroporto Arthur Gabriel Ferreira, 8, Goiania, 69992-844 Carvalho / BA"
732,Vinicius Albuquerque,470.826.519-02,grocha@example.com,(081) 3306-0197,"Esplanada Caldeira, Barro Preto, 07355-790 Macedo / PI"
733,Luigi Ribeiro,930.461.752-99,lferreira@example.com,+55 (031) 9967-2617,"Ladeira Câmara, 8, Heliopolis, 43436-177 Fonseca das Flores / CE"
734,Rafael Siqueira,268.794.105-02,josue52@example.com,(041) 5654-6407,"Condomínio Azevedo, 67, Nazare, 16949-285 Pastor das Pedras / PE"
735,Yago Farias,629.715.034-61,melinaviana@example.net,61 1686 6457,"Favela Campos, 4, São Marcos, 51317556 Moraes do Norte / RR"
736,Arthur Gabriel Abreu,957.021.463-52,castroluiz-miguel@example.org,84 9460-3598,"Praia de Nogueira, 2, Granja De Freitas, 37122017 Cunha de Rocha / MT"
737,Carlos Eduardo Nascimento,467.521.930-61,maite82@example.org,+55 81 6930-3680,"Parque Leão, 892, Palmeiras, 37270098 Camargo Paulista / RJ"
738,Hellena Azevedo,379.852.164-64,bsouza@example.com,+55 (084) 3932-8820,"Rua de da Mota, 775, Alpes, 03023-708 Nogueira / AC"
739,Benjamim Ferreira,956.013.847-20,giovanna87@example.com,+55 71 5319-2647,"Morro João Felipe Pacheco, 822, Vila União, 22218049 Abreu / SC"
740,Maria Clara Costa,430.712.869-96,theo20@example.org,+55 (031) 3884 7595,"Lago de Peixoto, 937, São Lucas, 93608352 Souza / AP"
741,Léo Fonseca,507.268.419-94,ana-juliada-luz@example.com,(081) 7827-2286,"Lago Sá, 5, Santa Rita De Cássia, 90427605 Sousa de Macedo / CE"
742,Rafaela Carvalho,491.765.028-30,rezendejoao-pedro@example.com,81 8790-9532,"Trecho de Nascimento, 84, Biquinhas, 83248164 Siqueira / SP"
743,Ian Aparecida,358.769.402-83,dribeiro@example.com,(011) 0035-7374,"Rodovia Otto Nogueira, 947, Vila Independencia 3ª Seção, 74398-667 Pinto de Siqueira / RO"
744,Alice Fonseca,452.763.901-34,luiz-otavio11@example.com,+55 31 0988 6618,"Viaduto de Pereira, 51, São Jorge 3ª Seção, 73043871 Machado / RJ"
745,Ryan Aragão,318.624.507-90,mirella92@example.net,0300 825 9648,"Trecho Ayla Santos, 46, Vila Tirol, 99134892 Carvalho / RS"
746,Thomas Nascimento,125.684.739-91,frocha@example.org,84 7297-1471,"Área Luiz Otávio Câmara, 25, Lagoinha, 13006-763 Andrade do Amparo / RJ"
747,Fernando Leão,875.416.320-07,cassianoalice@example.com,61 9082-7777,"Núcleo de Moraes, 961, Ápia, 24957-184 Duarte das Pedras / BA"
748,Daniela Novaes,429.103.576-43,luiz-gustavo38@example.net,+55 (011) 5874 3595,"Área Sofia Albuquerque, 3, Boa Esperança, 20543-700 Cirino / PR"
749,Maria Isis Mendonça,274.813.065-08,moreiragael@example.net,(061) 8030-4496,"Vila Isaac Novaes, 379, Barão Homem De Melo 3ª Seção, 85534084 da Costa de Minas / GO"
750,Emanuella Novaes,135.908.672-21,yago41@example.net,+55 61 5388 5159,"Recanto Pastor, 26, Fernão Dias, 08609-616 Porto de Goiás / PE"
751,Melina da Mata,903.614.825-15,pastorlaura@example.org,0300-994-1475,"Jardim Allana Camargo, 31, Inconfidência, 83700-477 Pires do Amparo / AC"
752,Isabella Gomes,741.320.685-44,halbuquerque@example.net,51 5378 7873,"Chácara de Pimenta, 65, Savassi, 13186858 Abreu do Oeste / TO"
753,Sofia Lima,354.687.290-83,luiz-henrique76@example.org,(021) 4964 3686,"Feira de da Rocha, 7, Esperança, 80492464 da Mata da Prata / SE"
754,Joana Vargas,859.306.217-21,gustavo-henriquepires@example.com,+55 61 4038 8577,"Lago de Cavalcante, 1, Jaqueline, 13037667 Mendes do Oeste / TO"
755,Augusto Melo,789.265.413-55,pedro-lucas68@example.net,0500-890-8564,"Loteamento de Monteiro, Morro Dos Macacos, 37457-945 Aparecida / PI"
756,Pedro Lucas Cavalcanti,194.206.587-67,xfarias@example.com,(011) 4393 9585,"Favela de Sá, 20, Vila Barragem Santa Lúcia, 59396090 Pacheco de da Rosa / SC"
757,Luiz Miguel Monteiro,316.207.458-44,luiz-henriquemartins@example.net,81 2116-9116,"Aeroporto de Correia, Novo Santa Cecilia, 67108-441 Porto / AC"
758,Maria Flor Leão,805.619.274-30,garciagabriela@example.org,+55 (021) 5027-9785,"Recanto Jade Vieira, 40, Nossa Senhora Da Aparecida, 59216166 Silveira do Campo / RS"
759,Srta. Eduarda Alves,340.987.156-00,bduarte@example.com,11 4941-3081,"Praça de Casa Grande, 67, Camponesa 2ª Seção, 04521655 Silveira da Serra / PE"
760,Natália Barbosa,140.287.593-23,beatriz00@example.net,+55 71 1377-4032,"Favela João Montenegro, 2, Santa Terezinha, 35250-680 Guerra / MT"
761,Bárbara Mendes,913.786.024-04,leonardomoraes@example.org,(011) 7213-1877,"Condomínio Nunes, 595, Concórdia, 89028864 Cirino da Prata / PE"
762,Elisa da Cunha,826.703.945-74,estherramos@example.com,11 0305-6810,"Conjunto de Lima, 39, Zilah Sposito, 09881423 Macedo de Montenegro / CE"
763,Liam Alves,189.046.327-22,britomatheus@example.com,(071) 6705 9765,"Residencial Barros, 8, Sport Club, 91509-553 Marques / MA"
764,Caroline Teixeira,932.176.805-02,juliacavalcante@example.com,+55 11 3792 6170,"Vereda de Garcia, 91, Nossa Senhora Da Conceição, 52787-936 Montenegro / BA"
765,Rafael da Paz,503.149.627-43,laura95@example.net,(071) 1460-2098,"Jardim Rezende, 2, Conjunto Floramar, 34569587 Moraes / RJ"
766,Bryan Sales,231.078.546-62,da-luzlevi@example.com,(011) 6077 5623,"Rodovia Igor Azevedo, 67, Vila São Gabriel Jacui, 60283620 Pinto de Cunha / AC"
767,Eloá Mendes,378.046.921-96,vianaemanuella@example.net,0800 029 3149,"Setor Farias, 980, Vila Olhos D'água, 37114706 da Cunha / RO"
768,Pedro Miguel da Mata,516.078.239-77,rezendedavi-lucca@example.org,+55 41 0394-7655,"Campo Maria Alice Carvalho, 2, Vila Boa Vista, 56673366 Ramos / AL"
769,Ana Caldeira,127.805.639-40,leticiasouza@example.org,(051) 5026 7781,"Parque Montenegro, 609, São Marcos, 65711961 Teixeira / DF"
770,João Pedro Rezende,593.248.176-55,joao-lucas96@example.com,81 7282 7469,"Via de Mendes, 75, Nova Granada, 74114895 Moreira do Galho / AC"
771,Enzo Gabriel da Rocha,063.718.542-08,anogueira@example.net,+55 31 0325 5706,"Conjunto Lucas Sousa, 40, Mangabeiras, 69881-619 Vieira / TO"
772,Luiz Felipe Dias,378.029.546-65,jduarte@example.org,+55 (061) 7700 9223,"Viaduto de Alves, 33, Vila Santa Monica 2ª Seção, 46845-226 Moura de Silveira / SE"
773,André Duarte,789.142.360-13,rafaelada-cunha@example.net,+55 51 8993 2777,"Viela João Lucas Albuquerque, 632, São José, 15381-996 Freitas / DF"
774,Maria Julia da Mata,619.548.203-05,eramos@example.org,0500 973 9761,"Vila Gonçalves, 49, Milionario, 31007621 Mendonça / PA"
775,Alice Souza,873.450.612-80,ayla00@example.net,(081) 7780-7835,"Estação de Casa Grande, 69, Santa Isabel, 94979783 Alves do Amparo / SC"
776,José Miguel Casa Grande,372.109.654-16,marianabarbosa@example.com,+55 31 3665 7803,"Loteamento Ramos, 51, Vila Ouro Minas, 38722499 Novaes / ES"
777,Amanda Souza,945.160.873-75,joao-pedroviana@example.org,+55 51 7671 9868,"Lago Milena Mendonça, Ademar Maldonado, 12794180 das Neves / TO"
778,Felipe Castro,175.280.396-59,kamilly39@example.net,+55 (084) 6788-6583,"Largo Allana Monteiro, 741, Prado, 89911929 Nascimento / SC"
779,Ana Moura,947.805.236-56,goncalveseloa@example.org,0900-619-2616,"Vale Bárbara Cunha, 55, Monsenhor Messias, 73393706 Ribeiro / MS"
780,Luiz Otávio Guerra,762.059.184-20,jmendonca@example.org,+55 (031) 2376-6362,"Chácara Júlia Silveira, 96, Vila Vista Alegre, 39889-400 Castro / DF"
781,Dra. Isabel Porto,597.126.843-00,albuquerquematteo@example.org,(011) 3184-4740,"Sítio Josué Sousa, 68, Candelaria, 93535-927 Marques das Pedras / TO"
782,Srta. Maria Liz Pereira,530.642.179-25,ramosana-beatriz@example.com,+55 71 4832 6794,"Praça de Gomes, Petropolis, 95721-830 Farias Grande / SP"
783,Sr. Rhavi Camargo,598.614.307-84,moraesvalentina@example.com,0900 193 8340,"Rua Carvalho, Vila Petropolis, 70222-089 Viana Paulista / DF"
784,Anthony Castro,654.890.271-85,yuriabreu@example.net,(041) 2436 8299,"Estrada Monteiro, 153, Vila Do Pombal, 40083-468 Cirino das Pedras / AP"
785,Rael Pimenta,458.109.726-67,imachado@example.net,51 7189 6640,"Conjunto Borges, 55, Santa Monica, 84241218 Cardoso Grande / SC"
786,Maria Luísa Siqueira,475.089.216-58,ysilva@example.net,51 7165 3180,"Vila Joana Carvalho, 109, Vila Suzana Segunda Seção, 23062-893 da Conceição da Serra / MT"
787,Juliana Melo,127.065.834-44,caldeirajade@example.com,(031) 9716 1291,"Praia Yan Correia, 30, Etelvina Carneiro, 14746-562 Mendes do Galho / RN"
788,Maria Clara Aragão,710.925.368-68,duartelevi@example.com,84 2300 3026,"Rodovia Ana Luiza Aparecida, 6, Alto Vera Cruz, 58713986 Cavalcante da Praia / SE"
789,Valentim Machado,986.513.427-64,dante47@example.net,(084) 1841-6921,"Viaduto Sales, 93, Vila Aeroporto Jaraguá, 23192415 Rodrigues / AL"
790,Ana Julia Campos,398.025.714-23,ramosmaria-cecilia@example.net,0500 964 4372,"Rodovia Davi Lucca da Paz, 63, Olaria, 70980924 Fonseca / AC"
791,Marcelo Pimenta,948.072.513-41,manuela67@example.org,+55 (081) 2110 3024,"Estação de Araújo, 530, Renascença, 16242880 da Mata de Moreira / BA"
792,Lunna Cavalcante,568.419.732-91,caioda-rosa@example.com,+55 11 9011 5830,"Feira Maria Laura Cardoso, 36, Frei Leopoldo, 12924-895 Pastor Grande / DF"
793,Mathias da Luz,701.835.946-57,antonella11@example.net,+55 84 9871 4025,"Rodovia da Paz, 85, Vila Nova Gameleira 2ª Seção, 42952838 da Rocha / MA"
794,Natália Brito,204.865.391-05,evargas@example.org,84 0985-2843,"Esplanada Levi Vargas, 86, Apolonia, 81361066 Correia do Campo / MS"
795,José Ramos,450.896.372-29,qcassiano@example.net,+55 84 8990 0932,"Parque da Cunha, 851, Biquinhas, 97772-048 Cunha / RN"
796,Luiz Fernando Porto,201.473.968-40,martinserick@example.com,21 4468-2982,"Praia Almeida, 2, Coqueiros, 78764438 Montenegro / PB"
797,Lavínia Caldeira,186.457.023-71,lmendonca@example.org,0300-512-8153,"Viela João Miguel da Conceição, 82, Antonio Ribeiro De Abreu 1ª Seção, 13781893 Aparecida / PA"
798,Srta. Lavínia Santos,984.271.603-13,bianca28@example.org,31 8726-5683,"Praça de Silva, 80, Cenaculo, 50430-125 Cavalcanti da Serra / GO"
799,Luísa Sampaio,329.617.485-00,pedro-henriqueduarte@example.org,84 7747 5635,"Largo Dias, 4, Beira Linha, 48263-802 Oliveira de Montenegro / MA"
800,Sr. Luiz Fernando Rocha,840.527.916-49,vfarias@example.net,(031) 8435 1530,"Lagoa da Rosa, 98, Coração De Jesus, 06772320 Barbosa / SC"
801,José Miguel Mendes,120.986.754-02,nrodrigues@example.org,11 2982 3610,"Parque Yago Mendes, 24, Esplanada, 65299827 Moura / RO"
802,Mariana da Rocha,501.729.638-77,lrodrigues@example.net,0900-179-9734,"Vila Oliver Freitas, 34, Jardim América, 58619-267 da Mota / PE"
803,Srta. Helena Macedo,084.321.695-60,teixeiranicole@example.com,31 6948 0343,"Avenida Campos, 17, Indaiá, 14654-252 Porto / AM"
804,Dra. Clara Fernandes,326.789.140-03,cauapastor@example.org,(061) 9355-0665,"Praça de Jesus, 7, Vila Madre Gertrudes 1ª Seção, 29761303 da Mota / RR"
805,Ágatha Sampaio,406.931.572-16,cardosojoao-miguel@example.org,+55 (081) 5626-1205,"Estação de Pereira, 90, João Pinheiro, 22601-416 Viana / AP"
806,Giovanna Souza,679.314.028-04,pachecobianca@example.org,+55 (021) 3305-1960,"Vila Luana Fonseca, 86, Mangabeiras, 78478714 Pinto de Vasconcelos / AP"
807,João Guilherme da Paz,620.719.385-77,da-costapietro@example.org,+55 71 0808-0563,"Viaduto de da Cruz, 2, Santa Amelia, 12762-656 Fogaça / AL"
808,Lavínia Azevedo,728.496.531-28,zmendes@example.org,+55 (081) 2009 1299,"Residencial Luiz Fernando Moura, 44, Grotinha, 46933762 Sales do Oeste / MT"
809,Srta. Natália Peixoto,107.845.629-11,isisaparecida@example.net,0900 828 0901,"Estrada Elisa Moura, Flavio De Oliveira, 37306559 Sampaio / ES"
810,Heloisa Nunes,093.164.752-52,aylacamargo@example.com,+55 (071) 2853-7311,"Ladeira Santos, 511, Vila Mangueiras, 07020437 Barbosa da Mata / RO"
811,Dra. Sophie Ferreira,018.359.762-12,melinacorreia@example.org,+55 (081) 5649 9515,"Largo de Monteiro, 45, Santa Sofia, 60637991 Nascimento / AC"
812,Dr. João Miguel Pacheco,395.718.620-02,barrosluiz-miguel@example.net,+55 61 4651 3067,"Conjunto de Rodrigues, 74, Vila Petropolis, 14907413 Câmara / TO"
813,Eloah Câmara,615.308.279-30,ferreiraisaque@example.net,+55 (021) 2966-6390,"Loteamento Ramos, 133, Vila Paris, 48739-296 Dias de Mendes / DF"
814,Josué Abreu,102.587.436-62,caio94@example.org,+55 (011) 6879-5723,"Esplanada Montenegro, 18, Fernão Dias, 84033713 Rocha / RS"
815,João Lucas Ribeiro,782.431.065-53,stella27@example.net,+55 41 6156 2259,"Favela Maria Liz Santos, Vila São João Batista, 80074-814 Nascimento / RO"
816,Dr. Ravy Nascimento,451.906.738-39,laracirino@example.com,+55 (071) 1991 6148,"Largo Gael Henrique da Cunha, 49, Ribeiro De Abreu, 65214-688 da Mota da Praia / AC"
817,Yasmin Almeida,391.047.526-43,leonardomoreira@example.net,41 2796-0795,"Rodovia Otávio Costela, 511, Santa Margarida, 72574-991 Duarte de Pires / MA"
818,Srta. Helena Andrade,524.387.096-00,pirespaulo@example.net,51 7564 4085,"Favela Vitor da Rocha, 49, Santo Antônio, 09407-182 Freitas / GO"
819,Lorena Mendes,184.603.579-10,brayanda-paz@example.com,+55 (011) 5299-4449,"Sítio Ana Cecília Silveira, 144, Paraíso, 94458-491 Jesus do Norte / PA"
820,Isabella Nunes,049.537.612-43,cunhaleticia@example.org,+55 61 9899 5379,"Lago de da Cruz, 985, Coqueiros, 19925-489 Vargas / AC"
821,Lucas Gabriel Araújo,024.791.658-76,llima@example.org,81 1234 9682,"Vila Cassiano, 364, Vila Pilar, 13039023 Pacheco / MA"
822,Rhavi Carvalho,970.145.326-34,drocha@example.net,+55 (041) 5574 4490,"Chácara Pastor, Candelaria, 52729091 Oliveira / MA"
823,Theo da Cunha,724.158.039-79,antony54@example.net,(071) 4826 7998,"Trecho de Caldeira, 62, Tiradentes, 05443-120 Pinto do Amparo / MS"
824,Theodoro da Paz,569.381.247-28,melodavi@example.org,51 3117 2998,"Quadra Allana Cavalcanti, 95, Paulo Vi, 66374350 Mendonça / PE"
825,Letícia Correia,561.498.372-46,wcampos@example.com,(084) 1028 8250,"Colônia Arthur Freitas, 4, Conjunto São Francisco De Assis, 36369921 Sampaio / MT"
826,Emilly Souza,147.805.329-14,cavalcanteana@example.org,(071) 5799 0588,"Alameda de Novaes, 39, Conjunto Celso Machado, 64450954 Marques do Sul / AM"
827,Maria Eduarda Moura,104.289.657-76,camila40@example.net,0800 918 4967,"Pátio de Borges, 14, Serrano, 09881918 Barbosa do Norte / SE"
828,Allana Sales,098.714.263-13,leo29@example.net,+55 51 8488 6384,"Colônia Maysa da Cruz, Lagoa, 45897-452 Fernandes do Norte / AC"
829,Bruno Macedo,507.468.192-85,da-pazalice@example.com,+55 (071) 0093-3177,"Parque Sales, 341, Graça, 83466701 Pimenta / AC"
830,Anthony Gabriel Santos,213.095.876-12,pietrafernandes@example.com,+55 41 0821 6925,"Largo de Lima, 29, Pantanal, 98967051 Melo Verde / BA"
831,Pietra Garcia,853.496.712-19,rjesus@example.net,+55 (051) 2908 7385,"Vila Yan Nogueira, 86, Universitário, 73613160 Monteiro / AM"
832,Maria Peixoto,491.073.625-52,wcunha@example.org,41 2953 4943,"Morro de Pinto, 99, Vila Piratininga Venda Nova, 93648021 da Paz / DF"
833,Catarina Costela,375.410.298-23,ocosta@example.net,51 4258 0967,"Morro de Aragão, 90, São Luiz, 80712283 Carvalho / PA"
834,Augusto Pires,312.647.598-19,bda-conceicao@example.com,41 1407-1289,"Área Murilo Rocha, 93, Zilah Sposito, 60668-486 Duarte de Martins / ES"
835,Natália Cunha,120.567.948-02,eloaalves@example.net,+55 61 2168-7061,"Pátio de Cunha, Vila Santa Rosa, 51797943 Lima / MA"
836,André Camargo,853.627.049-74,fda-paz@example.com,(021) 9288-8354,"Rua Santos, 48, Castelo, 65051-413 Montenegro / PE"
837,Vicente Melo,516.937.248-55,monteirocaio@example.net,0900-368-1530,"Fazenda de Correia, Vila Ipiranga, 19040241 Machado / RJ"
838,Dr. Liam Nascimento,087.195.236-02,lorenzo72@example.net,21 3520-5607,"Travessa Mendonça, 67, Vila Havaí, 61551-238 Cavalcante das Pedras / SC"
839,Manuella Sales,851.024.673-44,machadofernanda@example.org,+55 51 4374 2636,"Lagoa Santos, Conjunto Minas Caixa, 04383-188 Pastor / SE"
840,Dr. Benício Pinto,160.258.749-30,oliveirabarbara@example.net,+55 84 8171-6258,"Aeroporto Sarah Mendes, 4, Taquaril, 33969-290 Albuquerque / BA"
841,Cauã Albuquerque,425.193.678-73,rfreitas@example.org,(071) 3077-7278,"Praça Azevedo, 38, Rio Branco, 34829-406 da Cruz Grande / MG"
842,Srta. Sarah da Rosa,936.547.281-46,isabelsa@example.com,+55 31 2121-1483,"Estação Pietra Câmara, 90, Andiroba, 72316-454 Gomes / ES"
843,Ana Júlia Monteiro,923.750.618-02,raquel73@example.net,+55 (084) 2623-3846,"Vereda Maria Julia Novaes, 62, Nossa Senhora Da Aparecida, 82713255 Andrade de Fogaça / AL"
844,Luiz Miguel Sá,608.542.197-49,theodoro23@example.org,(084) 4779-6602,"Chácara Murilo da Paz, Barroca, 01016756 Fogaça / CE"
845,João Gabriel Nunes,740.621.395-61,amelo@example.net,(061) 7062-5416,"Condomínio Giovanna da Mata, 26, Dom Bosco, 19778-418 Camargo da Mata / RR"
846,Clarice Pimenta,186.394.750-75,eazevedo@example.com,+55 21 3515 1202,"Favela Moreira, 43, Aeroporto, 13841524 Jesus / TO"
847,Marcos Vinicius Duarte,830.541.297-05,moreiralara@example.org,(081) 3513 8958,"Fazenda Calebe da Paz, 91, Conjunto Minas Caixa, 71190975 Gonçalves / PI"
848,Dra. Maria Isis Dias,625.830.971-21,oliveiraelisa@example.net,+55 21 7923-0591,"Lagoa Caleb Dias, 43, Novo Santa Cecilia, 66633-271 Moreira / AC"
849,Dra. Marcela Pastor,273.958.604-38,abreumaria-eduarda@example.net,0800 020 7337,"Conjunto Danilo Carvalho, 72, Barro Preto, 72512714 Guerra / SE"
850,Maria Vitória da Cruz,786.920.154-58,caldeiramaria-luisa@example.net,+55 (051) 6522-9450,"Morro Rebeca Rios, 6, Vila São João Batista, 22475-968 Pimenta / BA"
851,Pedro Vieira,579.413.082-23,xborges@example.net,81 8733 6455,"Núcleo de Souza, 62, Vila Paraíso, 15417-550 Almeida / SC"
852,Augusto Cirino,950.726.831-68,aribeiro@example.com,(071) 2502-8875,"Trevo de Moreira, 70, Distrito Industrial Do Jatoba, 58357-075 Sales / PB"
853,Amanda Pinto,604.917.253-61,brunarios@example.org,(031) 8811-1687,"Jardim de Porto, 56, Inconfidência, 35747-967 Teixeira / RN"
854,Davi Luiz Garcia,916.870.453-48,luarada-mota@example.net,(051) 6811 3026,"Distrito de Vasconcelos, 2, Vila Madre Gertrudes 1ª Seção, 80715-420 Pereira das Flores / DF"
855,Luiza Aparecida,235.817.069-03,vasconceloshenrique@example.com,21 2978-4587,"Lago Azevedo, 34, Ventosa, 61184-369 da Mota da Mata / RJ"
856,Isabel da Rocha,463.910.287-96,machadovitoria@example.net,51 2264 4788,"Passarela Guerra, 27, Bom Jesus, 23718-133 Pimenta de Abreu / PI"
857,Juan Porto,432.109.786-03,arthur-gabrielfernandes@example.net,(081) 5263-9362,"Quadra Cassiano, 13, Vitoria Da Conquista, 55752-136 Vargas da Serra / DF"
858,Dr. Arthur Gabriel Correia,740.698.125-20,isabellaviana@example.net,+55 (021) 6618 8694,"Praia de Nunes, 23, Pilar, 36949421 Mendonça / SE"
859,Pedro Lucas Oliveira,164.359.708-66,henry-gabrielpastor@example.net,31 7542-8902,"Jardim Maria Isis Pinto, 35, Cinquentenário, 19532-880 Costa / BA"
860,Isabella Andrade,613.572.408-80,acaldeira@example.org,31 6417 3887,"Favela Gustavo Henrique Pires, 63, Indaiá, 19595-289 Freitas do Sul / SE"
861,Ravi Alves,768.409.235-92,lnovais@example.com,+55 (021) 0051-9474,"Via Fogaça, 55, Boa Viagem, 01421060 Camargo / MA"
862,Sra. Rebeca Nunes,324.796.850-47,pmarques@example.com,+55 (081) 6104 5671,"Esplanada Carlos Eduardo Barros, 90, Vila União, 79908-337 Novais do Campo / AP"
863,Luigi da Luz,586.139.027-40,walves@example.org,+55 51 4118 5199,"Condomínio Silveira, 401, Lajedo, 17549470 da Mata Verde / ES"
864,Sr. Nicolas Moura,540.132.869-98,martinsmaria@example.org,(084) 9567 2368,"Núcleo de Souza, 23, Horto, 05387868 Nascimento Verde / RN"
865,Cecília da Costa,265.341.097-43,dda-rosa@example.net,+55 31 0767 8928,"Feira de Marques, 2, São Jorge 2ª Seção, 67754-095 Nogueira do Amparo / TO"
866,Ryan Martins,950.673.248-56,da-pazvinicius@example.org,(061) 2683 5533,"Estrada Viana, 71, Novo Tupi, 89455874 Rios de Goiás / RJ"
867,Noah da Mata,701.246.395-34,ubrito@example.net,84 5685-8889,"Passarela Andrade, Nova Pampulha, 92752-275 Vargas / PE"
868,Maria Eduarda da Luz,197.648.052-30,fsousa@example.org,+55 61 6613-0799,"Favela de Cardoso, 45, Vila Da Ária, 82333-513 Souza / BA"
869,Srta. Ana Júlia Ribeiro,014.726.358-17,saragomes@example.com,+55 (081) 4883-9367,"Colônia de Montenegro, 574, Álvaro Camargos, 50522847 Ramos / RJ"
870,Kamilly Machado,958.120.734-14,heloisa16@example.net,(021) 7278-2635,"Vale Davi Miguel Siqueira, 6, Acaba Mundo, 65666-592 Vieira do Galho / GO"
871,Arthur Gabriel Cavalcanti,930.126.758-68,carlos-eduardo35@example.com,(061) 1919 1996,"Pátio de Marques, 790, Vila Santo Antônio, 03769127 Brito / PE"
872,Ana Julia Lopes,109.463.285-60,joao-lucas47@example.net,61 3415-1123,"Rua Dias, 2, Pongelupe, 41938362 Monteiro / MG"
873,Brenda Gomes,950.143.627-61,pietrosales@example.net,+55 (071) 2493 9179,"Ladeira de Montenegro, 8, Vila Cemig, 11627-382 Pinto / SC"
874,Gabriela Brito,130.528.964-15,maria-alice97@example.net,+55 (021) 7188-5846,"Largo de Campos, 159, Marilandia, 03842-611 Câmara / RJ"
875,Rodrigo Santos,347.528.601-71,raulporto@example.org,+55 31 7363-9360,"Avenida Moraes, 14, Bairro Das Indústrias Ii, 78051521 Marques de das Neves / SC"
876,Liam Andrade,604.298.735-65,xsilva@example.com,61 2955-7369,"Rodovia Felipe Teixeira, 82, Ermelinda, 52973062 das Neves / AP"
877,Clara Pastor,583.492.706-83,da-pazraul@example.net,+55 (011) 7329-5674,"Travessa Pinto, Jardim Alvorada, 37185108 da Mata das Flores / PE"
878,Eduardo Vargas,719.502.634-52,pedrojesus@example.org,0300 776 3782,"Vereda Albuquerque, 70, Vila Paris, 86659579 Cardoso da Mata / SE"
879,Anna Liz Abreu,761.042.859-02,xcasa-grande@example.net,+55 (061) 7072-7660,"Passarela Allana Leão, 25, Califórnia, 46197-113 Oliveira de Ramos / RR"
880,Dr. João Gabriel Teixeira,894.517.620-94,lopesisabelly@example.org,+55 11 4670 4341,"Lago de Fonseca, Vila Esplanada, 01395304 Ferreira / RS"
881,Marina Lima,328.947.061-03,da-luzolivia@example.com,81 6750 7445,"Feira Costela, Jardim Guanabara, 31112788 Jesus de Costa / PB"
882,Hellena Ribeiro,038.547.162-90,sarahpereira@example.org,(081) 1597 7496,"Rua de Leão, 576, Vila Nova Cachoeirinha 2ª Seção, 35104771 Vasconcelos do Oeste / CE"
883,Júlia Porto,591.704.362-07,rochaesther@example.org,(071) 2474-3538,"Condomínio de Gonçalves, São Marcos, 25986-664 Azevedo de Duarte / DF"
884,Sr. Vitor Gabriel Ribeiro,685.310.429-33,ocavalcanti@example.org,+55 61 8558 1352,"Distrito Camila Macedo, 11, Padre Eustáquio, 48029-268 Borges / AL"
885,Srta. Heloisa Cavalcante,146.983.720-03,zaraujo@example.com,41 2763-7274,"Ladeira Pimenta, 5, Calafate, 40510005 Duarte de Silveira / RS"
886,Bento Cavalcante,240.639.178-78,icavalcante@example.net,21 2418-1399,"Vereda Fonseca, 6, Carmo, 80211-588 Rodrigues / SC"
887,Kevin Abreu,506.743.289-65,otto65@example.net,51 7868 0222,"Alameda de Silva, 22, Conjunto Capitão Eduardo, 16432-513 Vieira de Minas / SC"
888,Marina Oliveira,925.067.314-07,diasvalentim@example.net,(051) 2874 1912,"Rodovia Allana Nascimento, 9, São José, 35294-714 Lima / MG"
889,João Lucas Almeida,315.846.907-39,vargasemanuelly@example.net,+55 71 2861 0022,"Conjunto de Novais, Vila Oeste, 26634-265 Ferreira da Mata / AL"
890,Maysa Duarte,629.074.853-00,vbarbosa@example.org,0300 917 5124,"Campo de Lopes, 51, Vila Piratininga, 65578834 Dias / SE"
891,Luana Nogueira,748.093.512-97,wfreitas@example.org,71 6751-8739,"Vereda de da Conceição, 51, Mirtes, 29243304 Silveira / RN"
892,Heitor Moraes,741.520.693-25,antonio75@example.com,+55 71 6210-9551,"Ladeira Nogueira, Laranjeiras, 38621-798 da Conceição da Praia / PR"
893,Gabrielly Rocha,649.527.138-73,jfreitas@example.com,(041) 5739-5985,"Setor Sousa, 72, Cruzeiro, 00470-467 Silva / AP"
894,Caroline Leão,943.180.672-03,isadoramarques@example.com,(021) 9558-8127,"Alameda de Cassiano, 28, Vila Nova Gameleira 2ª Seção, 11047-345 Andrade / AP"
895,Maya Andrade,316.258.940-15,lpastor@example.net,+55 41 3798 9049,"Estrada de da Cruz, 676, Vale Do Jatoba, 49946344 Albuquerque / PR"
896,Henry Mendes,982.367.405-10,vitoriapires@example.org,+55 (081) 5947 4067,"Estrada Cauê Montenegro, 37, Salgado Filho, 97045-567 Macedo / PR"
897,Bento Mendonça,584.196.703-75,antoniomacedo@example.net,61 0921 8010,"Núcleo de Cavalcante, 509, Pilar, 29083341 da Paz do Amparo / MA"
898,Ana Júlia Silveira,127.950.436-61,dviana@example.com,(041) 8308-6693,"Condomínio de Borges, Dom Silverio, 02874442 Porto de Novaes / PE"
899,Camila Pimenta,782.936.504-00,maria-alice74@example.com,0900 478 3201,"Estrada de Costa, 4, Santo Agostinho, 52443728 Lopes de da Cunha / RJ"
900,Léo da Mata,073.816.549-20,fogacarael@example.net,(051) 0819-9716,"Área Azevedo, 88, Xodo-Marize, 39069-733 Azevedo de Monteiro / MG"
901,Sra. Vitória Marques,962.140.853-98,igornovais@example.org,0800-763-5283,"Viaduto Rocha, Teixeira Dias, 17116885 Rocha / SE"
902,Sra. Júlia Alves,724.380.596-56,matteoalbuquerque@example.com,(084) 5200-6236,"Vereda Barros, Novo Glória, 66010-462 Cavalcante de Rezende / ES"
903,Isaac Macedo,830.941.275-41,luna85@example.org,(061) 6582-1883,"Viela Leandro Porto, 118, Frei Leopoldo, 75799-741 Nascimento / PE"
904,Ana Julia Rodrigues,870.642.395-74,qfonseca@example.org,+55 61 1946-4889,"Vila de da Conceição, 59, Álvaro Camargos, 19525157 Lopes do Campo / PR"
905,Sr. Calebe Barros,210.439.675-16,araujodom@example.org,+55 41 4757-6808,"Residencial Ramos, 66, Nova Esperança, 51899-440 Costela / AL"
906,Theo Marques,632.845.079-65,psampaio@example.com,84 7420 0170,"Alameda de Montenegro, 5, Vila São Dimas, 24148040 Peixoto de Goiás / PI"
907,Liam Abreu,693.785.201-03,nunesjoao-pedro@example.com,(051) 2320-1179,"Viaduto Andrade, 65, Providencia, 30299-786 Lima / PI"
908,Srta. Fernanda Pires,278.516.490-30,araujomarcela@example.com,0800-747-9523,"Vila Azevedo, 62, Camponesa 2ª Seção, 19235639 Cardoso / SP"
909,Ayla Mendes,075.341.982-32,valentina25@example.com,+55 (084) 4516-4281,"Viaduto de Sales, 532, São Sebastião, 44691908 Vasconcelos / SP"
910,Augusto Sales,312.689.745-28,costelahelena@example.net,51 8970 9015,"Favela Costela, 59, Ernesto Nascimento, 13371005 Porto de Albuquerque / ES"
911,Juliana Fonseca,865.143.027-26,goncalvesigor@example.com,(031) 3085 6429,"Núcleo Pastor, 41, Grajaú, 23273-344 Duarte / RO"
912,João Felipe Camargo,953.268.710-68,pereirabenjamim@example.com,0300-351-7770,"Lagoa de Garcia, Nossa Senhora Da Aparecida, 01832256 Ribeiro da Serra / BA"
913,Levi Camargo,790.325.418-97,inovais@example.net,+55 84 3165 3221,"Vila de Nascimento, 1, Xangri-Lá, 01777-570 Cardoso de Azevedo / AC"
914,Isis da Mata,932.568.704-65,freitasluiza@example.com,(071) 2646-5963,"Campo Carvalho, 47, Novo Glória, 33873766 Mendonça / AL"
915,Amanda Martins,163.542.087-35,zribeiro@example.org,31 9520-0760,"Sítio de Jesus, 72, Palmeiras, 22715-870 Nunes de Rios / MG"
916,Arthur Miguel Campos,057.182.963-59,gomesravi-lucca@example.net,+55 61 2497 1417,"Trevo Sarah Campos, 40, Vila Da Luz, 88232-182 Oliveira / MA"
917,Renan Jesus,309.867.421-04,gferreira@example.com,+55 (071) 9380 8120,"Distrito de Rodrigues, 72, Mariano De Abreu, 06411-017 Lima / AL"
918,Luan Cardoso,628.135.079-03,oliver26@example.net,+55 (041) 9315 8487,"Parque da Paz, Dom Bosco, 59958943 Costa / CE"
919,Evelyn Nogueira,719.802.654-02,manuella32@example.com,(051) 6459 5393,"Campo Costa, 69, Vila Betânia, 49817-682 Pimenta / PI"
920,Maria Luiza Pimenta,820.674.513-08,pimentaisis@example.net,61 9833-4097,"Vale de Carvalho, 81, Bairro Das Indústrias Ii, 04678-750 Gonçalves / CE"
921,Thiago Correia,051.893.247-88,luarafreitas@example.net,+55 (051) 3740-1690,"Lago Thales Nunes, 11, Novo Das Industrias, 68879-687 Viana / BA"
922,Srta. Mariana Pastor,518.493.076-01,anna-liznascimento@example.org,(031) 6054 3630,"Praça de Barbosa, 36, Padre Eustáquio, 55134614 Peixoto Paulista / RO"
923,Dr. Benicio Vieira,201.457.683-17,maria-laura14@example.org,+55 61 5289-6082,"Estrada Daniela Lopes, Paraíso, 31750-908 da Rocha de Duarte / ES"
924,Kevin Casa Grande,256.410.893-89,costelaalexandre@example.org,+55 11 2531 9476,"Alameda da Conceição, Piratininga, 77034873 Nunes dos Dourados / TO"
925,Dr. Bernardo da Paz,908.472.531-04,marianamonteiro@example.org,(061) 9565-3861,"Esplanada Barros, 55, Vila Copasa, 33833-703 Sampaio / TO"
926,Danilo Aparecida,790.861.435-39,monteiromelina@example.net,+55 84 5908-1742,"Área Silva, 8, Barão Homem De Melo 2ª Seção, 69796295 Cunha do Amparo / AL"
927,Ana Beatriz Moreira,204.658.197-02,mariane63@example.net,31 6121 1777,"Viela de Santos, 863, Grota, 22221907 Rodrigues / SE"
928,Davi Correia,120.458.673-07,peixotoemanuel@example.org,(084) 9454 1108,"Ladeira de Novais, 54, Ernesto Nascimento, 35723679 Mendonça das Pedras / BA"
929,Eloá Siqueira,468.537.190-93,estergoncalves@example.com,0500 130 8126,"Esplanada de Ramos, 13, Madre Gertrudes, 45690-019 Fogaça de Lopes / RJ"
930,Sra. Carolina Costela,047.569.132-61,freitascaua@example.org,+55 (011) 5112-1239,"Morro de Lopes, 83, Vila São Dimas, 67784-272 das Neves / DF"
931,Pedro da Cunha,702.456.193-99,antony44@example.net,+55 (041) 9909-6459,"Vereda João Lucas Macedo, Vila São Paulo, 60742-960 Azevedo / SC"
932,Ravi Lucca Andrade,893.410.526-70,yago35@example.org,31 4986 8314,"Campo Raquel Azevedo, 173, Horto Florestal, 63240898 Silva do Galho / RR"
933,Isabela Camargo,091.826.753-68,valentim80@example.org,+55 84 6869 6840,"Sítio Ágatha Lima, 232, Jardim Montanhês, 33695-536 Campos / RR"
934,Danilo Mendes,650.423.819-70,carolina03@example.com,0500 786 8068,"Pátio Igor Lopes, 96, Castanheira, 38385028 Duarte / RS"
935,Lucas Gabriel Cavalcante,134.589.602-60,macedoana-cecilia@example.net,+55 81 3088 6107,"Estrada Câmara, 678, Custodinha, 07370784 Sampaio / AP"
936,Alexandre Casa Grande,351.602.798-30,isis96@example.net,41 3864 5494,"Praça de Abreu, 438, Acaba Mundo, 58455586 Marques / RN"
937,Dante Jesus,018.592.643-60,cteixeira@example.org,+55 (081) 2659-9335,"Via Alves, 599, Nova Suíça, 92512-771 das Neves / PB"
938,Rebeca Nogueira,620.874.591-85,qcastro@example.net,+55 21 5253-1806,"Lagoa de Mendonça, 80, Itapoa, 40976502 Fernandes do Sul / CE"
939,Cauã Sampaio,524.917.063-34,maria-eduardafreitas@example.net,+55 (081) 2148-9986,"Favela de Araújo, 92, Oeste, 46802-372 Cunha do Oeste / RS"
940,Dr. Gustavo Henrique Aragão,358.091.674-20,csouza@example.com,+55 84 8546-0239,"Área Cardoso, 6, Pindura Saia, 83720233 da Mota Alegre / RN"
941,Dr. Luigi Vasconcelos,459.617.823-28,lmonteiro@example.org,(031) 7677-7003,"Área de Sales, 21, Tres Marias, 88303365 Oliveira / CE"
942,Paulo Melo,253.697.140-61,bcirino@example.net,+55 (041) 5577 6546,"Praça Kamilly Melo, 68, Olaria, 91140535 Peixoto / GO"
943,Lara da Mata,487.632.509-00,rhavi07@example.com,81 7494-6343,"Condomínio Levi Viana, 99, Granja De Freitas, 95290-421 Ribeiro / SE"
944,João Miguel Porto,127.854.960-94,tazevedo@example.net,+55 31 2856 1283,"Passarela Abreu, 3, Engenho Nogueira, 34547733 Pinto do Sul / PB"
945,Vinícius da Mota,548.312.096-51,cecilia89@example.com,(011) 4694 2540,"Passarela Thales Machado, 81, Grotinha, 07688-916 da Mota / RO"
946,Sara Cassiano,364.508.179-84,emanuelbarros@example.net,(021) 5639 2038,"Vereda Maria Fernanda Machado, 9, Custodinha, 33222886 Araújo / SC"
947,Carlos Eduardo Silva,235.780.916-77,pedro-miguel39@example.net,+55 71 8067-3116,"Residencial da Conceição, 8, Vila Copasa, 25628241 Farias de Novais / TO"
948,Nicolas Pereira,036.581.297-86,bianca65@example.com,(011) 2061 1495,"Lago Ryan Cavalcanti, 22, Manacas, 18570575 Fonseca Paulista / AM"
949,Eduardo Costela,564.189.720-58,vargasoliver@example.net,+55 (021) 3957-7994,"Campo Andrade, 83, Fazendinha, 00342659 Cirino do Galho / PA"
950,Srta. Maria Laura Moraes,510.673.942-06,mramos@example.org,71 8300 9647,"Área Nascimento, 70, Mantiqueira, 93999-968 da Rosa / GO"
951,Matteo Moura,417.086.529-49,zpeixoto@example.net,71 7495 8706,"Vila Brenda Correia, 440, Engenho Nogueira, 74459912 Sá / RR"
952,Bruna Monteiro,157.892.046-94,calebe47@example.org,0500 189 4119,"Chácara Cirino, 94, Santa Rita, 12546-632 Costela de da Conceição / SE"
953,Dr. Marcos Vinicius Farias,358.967.102-59,abreubianca@example.com,41 4239-3314,"Setor Isaque Siqueira, 742, Novo Das Industrias, 14942250 Andrade Paulista / MT"
954,Ana Júlia Sousa,081.925.374-04,benicioaraujo@example.net,21 0266 3355,"Estrada de Pastor, 29, Vila Madre Gertrudes 1ª Seção, 03217-939 Moura do Norte / RN"
955,Amanda Cardoso,134.597.286-55,lunna77@example.net,0900-330-9841,"Praça Mendonça, 1, Guarani, 88828-253 da Mota / RS"
956,Caroline Oliveira,710.369.825-21,eborges@example.net,+55 31 7986-1906,"Aeroporto Bruna Cavalcanti, 978, Nova Granada, 12389-949 Pereira / PR"
957,Guilherme Cardoso,275.180.346-62,alana67@example.org,+55 81 8437 7084,"Viela de Mendonça, 73, Providencia, 19008540 Farias de Mendes / PE"
958,Sr. Isaac Dias,398.140.572-23,laisda-mata@example.org,(021) 0180 1565,"Condomínio de Moraes, 4, São Marcos, 64784119 Albuquerque da Prata / SC"
959,Igor Farias,067.314.598-01,mateus33@example.net,+55 (021) 2000 3140,"Largo Marina Barbosa, 647, Parque São Pedro, 46398-490 Cavalcante Grande / RR"
960,Agatha da Mota,641.509.827-67,ogomes@example.com,0900-139-4431,"Residencial Correia, 24, Vila Ecológica, 28625781 Sales / AC"
961,José Pedro Mendonça,916.537.480-01,carvalhomariah@example.org,61 3071 1656,"Trevo Sá, Vila Paquetá, 90967-648 Melo de Moraes / RR"
962,Pedro Aparecida,493.015.827-32,lorenapeixoto@example.com,(051) 1382 1393,"Campo Hellena Pires, 19, Aguas Claras, 18165-310 Gomes / AC"
963,Laura Mendes,304.972.516-80,xvargas@example.com,0300-069-3006,"Praia de Borges, 64, Bacurau, 13359651 Albuquerque / AL"
964,Ian da Rosa,823.107.945-97,crodrigues@example.com,(041) 3106 7492,"Jardim Vinicius Vargas, 23, Conjunto Califórnia I, 88715183 Farias / PI"
965,Milena Pimenta,605.932.417-70,zduarte@example.com,31 1948-2771,"Sítio da Luz, 12, Glória, 58074-041 Novaes / PA"
966,Dra. Mirella Borges,816.504.723-07,jose-pedro18@example.com,(041) 8095 0196,"Passarela de Sampaio, 23, Conjunto Providencia, 36350-532 Farias das Flores / PR"
967,Olívia Jesus,014.683.972-22,ksousa@example.net,+55 51 5462 7149,"Feira Rodrigo Lima, 98, Dom Joaquim, 23873778 Mendes de das Neves / RS"
968,Maria Vitória da Luz,568.192.370-30,ravygarcia@example.org,0500-962-7011,"Passarela Otto Gonçalves, Vila Antena, 91708970 Pires de da Cruz / MT"
969,Maria Luiza Duarte,028.574.693-65,dmoreira@example.com,81 6084-0273,"Aeroporto Mathias Caldeira, Distrito Industrial Do Jatoba, 74074-787 Borges de Aragão / PA"
970,Isabella Almeida,950.283.741-04,gustavo-henrique68@example.com,(031) 7136 7672,"Trecho Maria Cecília Peixoto, 467, Ribeiro De Abreu, 23321-052 Martins do Amparo / AC"
971,Renan Brito,743.621.809-31,theoduarte@example.org,+55 21 2390-6558,"Jardim João Lucas Andrade, 3, Cabana Do Pai Tomás, 81471940 Rios do Norte / PR"
972,Théo Camargo,978.105.624-01,camposhenrique@example.net,(051) 6942 7499,"Passarela Leonardo Montenegro, 30, Vila Oeste, 92990301 da Cunha Grande / ES"
973,Mariana Cunha,286.791.354-37,gaelcosta@example.com,(084) 6693-3098,"Rodovia de Araújo, 47, Vila Barragem Santa Lúcia, 52214327 Nunes / RJ"
974,Maria Sophia Nunes,328.405.967-92,emanuellypereira@example.net,(021) 6584-4145,"Vereda Pastor, 96, Santa Maria, 64999-006 da Rocha de Barros / RJ"
975,Arthur Gabriel Azevedo,893.142.507-41,guerraolivia@example.com,+55 (081) 8895 1850,"Trevo Aurora Barbosa, 6, Vila Madre Gertrudes 3ª Seção, 05883-418 Duarte / RO"
976,Dr. Arthur Miguel Duarte,360.475.218-35,maria-cecilia08@example.net,+55 11 7708 0742,"Recanto Luiza Santos, 2, São Jorge 2ª Seção, 08699-464 Guerra / PE"
977,Stephany Santos,863.091.547-10,maria-juliacamargo@example.com,84 2477 8757,"Passarela Isis Pacheco, 6, São José, 07919-593 Silva / SC"
978,Luna da Rocha,812.467.059-58,arthur-miguel68@example.com,51 6542 1157,"Chácara da Rosa, 187, Das Industrias I, 88305-440 da Rosa / AP"
979,Dra. Laís da Costa,152.084.376-35,luiza24@example.com,+55 (061) 8761-3953,"Alameda Nascimento, Tirol, 93303-471 da Rocha / PA"
980,Lavínia Azevedo,397.152.480-04,da-pazalana@example.com,+55 (051) 3440-8461,"Viaduto de Gomes, 5, Santa Isabel, 00787367 Ramos de Marques / PI"
981,Dr. Pedro Miguel Lima,368.410.927-40,eporto@example.net,+55 84 6754-4068,"Vereda de da Conceição, 15, Boa Vista, 62367-490 da Cunha Verde / RR"
982,Catarina da Rosa,548.762.901-30,oalves@example.org,+55 (021) 5248-6551,"Parque Luiz Otávio Lopes, 45, Pongelupe, 99894557 Pinto / PE"
983,Luigi Ribeiro,140.569.832-24,novaessarah@example.com,+55 61 6301-8836,"Trecho Rocha, 12, Aarão Reis, 35080-499 Macedo / RN"
984,Yuri Rezende,592.830.146-42,sribeiro@example.org,+55 (031) 5123-5311,"Residencial Leão, 6, Lagoinha, 56524-324 Cunha Verde / RN"
985,Arthur Miguel Guerra,521.638.947-46,danilosampaio@example.com,(041) 3085-3147,"Pátio Matteo Santos, 63, Cônego Pinheiro 1ª Seção, 73895308 Vieira Grande / MT"
986,Sr. Gustavo das Neves,806.375.149-39,tduarte@example.com,(021) 7760 9008,"Estação de Jesus, 4, Vila Petropolis, 39216-489 Carvalho da Prata / RN"
987,Dr. Emanuel Mendes,049.721.365-61,montenegrovitoria@example.org,+55 41 1629-3132,"Morro de da Cruz, 206, Bela Vitoria, 80613-120 Cassiano / BA"
988,Miguel Novaes,205.638.419-15,maria-ceciliavasconcelos@example.com,+55 71 6247 1720,"Viaduto de Aragão, 76, Primeiro De Maio, 58263832 Cavalcante do Galho / AL"
989,Ravi Lucca Costela,369.408.217-40,mgomes@example.com,+55 81 7041 0658,"Vila Brayan das Neves, 544, Conjunto Serra Verde, 94608347 Aparecida Alegre / AC"
990,Carlos Eduardo Cirino,206.957.431-80,rafaelduarte@example.org,+55 31 2458-6132,"Residencial Clarice Jesus, Indaiá, 59812-710 Pacheco / RJ"
991,Maria Isis Oliveira,853.219.764-73,borgesalicia@example.com,(061) 3291-4042,"Largo de Correia, 40, Lagoinha, 47992-121 Duarte de Montenegro / ES"
992,João Vitor Cassiano,903.867.215-21,bmoura@example.org,0500-947-3576,"Trecho Brayan Pacheco, 65, Barão Homem De Melo 3ª Seção, 30219836 Jesus / PI"
993,Laís Machado,306.548.917-10,calebfogaca@example.net,0800-680-6300,"Pátio Pereira, 27, São José, 63275-351 Leão / PE"
994,Gael Nogueira,760.824.913-78,tbarros@example.net,+55 (061) 4258-4541,"Vale de Nunes, Carmo, 86268-232 Machado da Mata / SE"
995,Ana Júlia Melo,941.253.876-64,leocampos@example.com,+55 (011) 0179-7959,"Núcleo de Camargo, 8, Tirol, 42451-201 Barbosa / RJ"
996,Noah Campos,527.836.149-28,diasjoaquim@example.org,(011) 0063 3456,"Largo Novaes, 47, Conjunto Taquaril, 89000540 Jesus / CE"
997,Gael Henrique Sampaio,175.286.903-68,kaiqueleao@example.org,61 1368 1827,"Estrada Nina Rios, 482, Parque São José, 58536-026 Casa Grande das Pedras / ES"
998,Maria Cecília Araújo,163.789.520-86,alana13@example.net,+55 41 4730 6676,"Lagoa de Nascimento, Nova Pampulha, 84651287 da Conceição de Silveira / DF"
999,Mariane Souza,371.048.659-93,guerrarafaela@example.org,+55 (084) 6169 9449,"Trecho Câmara, 42, Outro, 14726531 Gonçalves / TO"
1000,Maria Flor Oliveira,194.503.726-16,enzo-gabrielsales@example.com,(051) 7894-6311,"Praça de Andrade, 2, Vila Real 2ª Seção, 41556-292 Fogaça / GO"
1001,Lucas Gabriel Cavalcanti,910.873.426-78,joao-vitor95@example.com,+55 51 6546 2895,"Setor de da Luz, 4, Vila Batik, 89751419 Cavalcante da Praia / PI"
1002,Pietro Barbosa,038.497.625-56,rodriguesjoao-pedro@example.org,71 1697-5158,"Conjunto Benjamim Pimenta, 87, Nova Cachoeirinha, 76687712 Vasconcelos Alegre / MS"
1003,Luna da Mata,275.983.106-02,qmoreira@example.net,0900-044-4469,"Ladeira Ramos, Araguaia, 66248093 Aragão / PE"
1004,Ian Cavalcanti,897.014.325-41,costamarcos-vinicius@example.org,41 3029-6879,"Estrada de Silva, 48, Horto, 00675-427 Correia Grande / AP"
1005,Ryan da Paz,425.831.076-07,beatriz43@example.com,+55 (031) 4394-6575,"Esplanada Peixoto, 249, Leticia, 07886343 Fonseca / MG"
1006,Vinicius Nunes,982.670.351-68,arthur-gabrielsousa@example.net,(071) 7506 2128,"Avenida Aragão, 746, Nossa Senhora De Fátima, 72003-575 Nunes / PB"
1007,Breno Vasconcelos,238.409.167-04,sophie43@example.org,(051) 5772-2649,"Praça Emilly Rezende, 91, Vila Nova Cachoeirinha 2ª Seção, 50171-730 Sá / AP"
1008,Thiago Vasconcelos,761.908.432-04,cassianohenry-gabriel@example.org,51 5209 8919,"Distrito de Andrade, 47, Vila Nova Paraíso, 25542793 Sousa / AL"
1009,Ana Beatriz Aparecida,192.785.034-79,bellamelo@example.com,(021) 0574-9839,"Residencial de Casa Grande, 355, Vila Piratininga Venda Nova, 23869-748 Almeida de Sousa / SC"
1010,Bryan Costela,680.274.931-96,alvesnina@example.org,+55 71 8002 2470,"Ladeira de Mendonça, 41, Universitário, 90633991 Brito / AP"
1011,Maria Flor Costela,839.256.071-02,xfernandes@example.com,51 3519 8787,"Campo de Camargo, 63, Esplanada, 66787-453 Pimenta / SC"
1012,Igor das Neves,380.947.156-93,sda-mota@example.org,+55 31 9417-3894,"Esplanada de Fogaça, 8, Vila São Rafael, 31777756 Vargas / RN"
1013,Mariane Jesus,364.205.798-56,ocostela@example.net,+55 (011) 9582 8056,"Avenida Casa Grande, 90, Vila Real 1ª Seção, 04682559 Dias das Flores / MG"
1014,Liam Rodrigues,892.547.360-74,joao-gabrielpires@example.com,+55 (021) 4476 1766,"Rua de Cardoso, 124, Dom Bosco, 13408480 Alves / ES"
1015,Vitor Sampaio,390.146.528-60,cauamacedo@example.org,+55 51 4246 5320,"Distrito Carolina Marques, 165, Vila Pilar, 34892-475 Mendes / MT"
1016,Antônio Martins,731.089.245-32,da-pazkamilly@example.com,(011) 7624 0196,"Vale Ester Vasconcelos, Pantanal, 78947180 Abreu / RS"
1017,Dra. Stella Moreira,706.345.819-10,danilo23@example.com,11 9777 6106,"Feira Pinto, 90, Caiçaras, 52316548 Sousa de Ferreira / TO"
1018,Enzo Gabriel Vargas,869.204.175-02,enzo-gabrieldias@example.net,+55 (061) 9433 9009,"Conjunto Pastor, Mariano De Abreu, 03750-573 Moreira / AC"
1019,Dr. Mateus Barros,349.017.582-41,felipealbuquerque@example.com,+55 61 4173 5564,"Trevo Moura, 9, Nossa Senhora De Fátima, 40834-254 Aragão do Galho / MS"
1020,Ayla Casa Grande,490.218.567-94,alexiavasconcelos@example.net,(021) 6521-8844,"Setor Ana Luiza Castro, 66, Carlos Prates, 67646-822 Pinto / RS"
1021,Sra. Luara Nunes,523.891.074-60,ipeixoto@example.com,21 3542 1194,"Sítio Murilo Machado, 63, Santa Cecilia, 63386-587 da Rocha de Minas / RS"
1022,Ana Liz Machado,267.084.913-03,vrezende@example.org,51 4853 0380,"Viela Cassiano, 4, São Salvador, 41951370 Albuquerque do Campo / PB"
1023,Dr. Ravi Lucca Cavalcanti,598.601.374-39,da-pazisis@example.net,84 7800-7180,"Área José Miguel Novais, 64, Santana Do Cafezal, 72412-493 Garcia / RR"
1024,Maria Vitória Barros,182.765.034-62,alicepastor@example.com,+55 (031) 8911-7768,"Esplanada Dias, Nova Esperança, 71402395 Nogueira / SE"
1025,Marcelo da Mata,057.298.436-74,qsampaio@example.com,(011) 6616 2448,"Passarela de Vargas, 15, Vila Nova Cachoeirinha 2ª Seção, 38101-487 Castro de Goiás / AL"
1026,Sophia Silveira,742.156.089-02,diasluiz-otavio@example.net,(081) 0976 1431,"Vila de Vasconcelos, 10, Álvaro Camargos, 35203-141 da Rosa do Sul / PE"
1027,Kevin Mendes,418.756.932-46,gabriellyaparecida@example.com,(081) 2516 4692,"Aeroporto de Macedo, 893, Barro Preto, 16655-106 Monteiro / AL"
1028,Maria Laura Porto,654.310.782-08,caue80@example.org,0800-417-2479,"Loteamento de da Rocha, 544, Saudade, 93841170 Andrade de Casa Grande / RS"
1029,Dr. Igor Ribeiro,782.513.946-19,pedro-miguelmacedo@example.net,11 1936 5961,"Rua de Mendes, Camponesa 1ª Seção, 82771-478 Vargas / RJ"
1030,Marcelo Cavalcanti,426.819.035-05,julia19@example.com,84 7171-1317,"Lagoa Maya Cavalcante, Estrela, 69499419 Pinto / MS"
1031,Evelyn Gonçalves,504.732.198-32,ida-conceicao@example.net,+55 31 8156 6424,"Parque Gomes, 455, Mariano De Abreu, 96315-879 Gonçalves de Goiás / MT"
1032,Maria Clara Moreira,654.283.791-46,luiz-miguelda-paz@example.com,+55 21 9718 3033,"Jardim de Moraes, 18, Fernão Dias, 37258-093 Machado / AC"
1033,Dr. Levi Teixeira,914.703.852-79,mouravitoria@example.com,(081) 9319 2661,"Setor João Lucas Sampaio, 87, Conjunto Lagoa, 22459937 Duarte de Goiás / PR"
1034,Sra. Jade Cavalcanti,914.573.208-60,danilo29@example.com,(071) 5557 3773,"Travessa de Machado, 545, Vila União, 82112056 da Cruz / SP"
1035,Davi Luiz Camargo,830.496.572-00,usampaio@example.net,+55 (084) 6470-5021,"Estrada de Ribeiro, 85, Grajaú, 84819-387 Almeida / PR"
1036,Dr. Ravi Lucca Pires,948.753.120-32,carlos-eduardo47@example.com,0500 817 1138,"Área Campos, Santana Do Cafezal, 61231-077 Novaes / SE"
1037,Levi Pimenta,350.649.718-93,jcirino@example.org,(041) 5962-6767,"Lagoa Amanda Martins, 94, Zilah Sposito, 46147839 Guerra de Minas / PB"
1038,Ísis Cirino,096.284.537-00,da-rochajulia@example.com,+55 (084) 4514-4896,"Praia Luiz Miguel Vasconcelos, 5, Granja Werneck, 57351-797 Fernandes / PA"
1039,Pedro Jesus,523.061.748-90,mirella37@example.com,+55 51 3484 0376,"Esplanada da Cruz, Vila São Gabriel, 53888-785 Teixeira / RS"
1040,Luigi Siqueira,905.362.741-34,joaquimmarques@example.com,+55 51 0429 7513,"Trevo de Garcia, 58, São Jorge 3ª Seção, 95057261 Novais / PR"
1041,Augusto da Costa,316.285.407-53,mda-costa@example.org,+55 21 6759-5035,"Condomínio João Lucas Gonçalves, 4, Cônego Pinheiro 1ª Seção, 72045669 Nunes das Pedras / CE"
1042,Natália Sousa,134.698.570-75,cunhavalentim@example.net,0300 610 2106,"Travessa de Montenegro, 579, Heliopolis, 54839-010 Vasconcelos do Amparo / GO"
1043,Maria Laura Souza,603.915.478-01,da-cunhaluiz-gustavo@example.org,+55 11 6575 8868,"Travessa Laura Guerra, 84, Boa Viagem, 07945-131 Lima de Cardoso / DF"
1044,Vitor Hugo Pastor,073.641.825-35,enzo66@example.com,+55 41 4784-1817,"Rua de Martins, 688, Alta Tensão 1ª Seção, 55494-370 Fonseca / RR"
1045,Ravy Ramos,153.984.067-01,diasnicolas@example.net,21 1454 5272,"Praia Nunes, 78, Candelaria, 33597084 Ribeiro / MG"
1046,Elisa Guerra,137.246.950-80,theo81@example.com,71 6332 0774,"Chácara Gomes, 48, Conjunto Califórnia I, 77669099 Cavalcanti de Vasconcelos / PA"
1047,Vitor Gabriel Porto,296.547.083-29,mda-costa@example.org,51 8147 3443,"Pátio Theo Pinto, 88, Nova Esperança, 15453-318 Fonseca Verde / CE"
1048,Matteo Costa,951.674.823-64,heloisa54@example.org,+55 (081) 3681-5430,"Distrito de Martins, 183, Saudade, 21949458 Correia dos Dourados / TO"
1049,Luna Rocha,321.978.506-95,isiscamara@example.net,(084) 3500-4163,"Largo Jesus, 4, Caetano Furquim, 00312-548 Martins do Galho / RN"
1050,Dom Guerra,764.589.023-10,lorenzofreitas@example.org,+55 (071) 1334 9340,"Viaduto Antonella Sampaio, 33, Vila Paquetá, 73854-275 Porto Paulista / BA"
1051,Esther Freitas,102.967.853-77,pedro-miguel10@example.org,11 3732 5537,"Rodovia Gael Henrique Cardoso, Vila Inestan, 53616566 Mendes da Prata / AL"
1052,João Guilherme Novais,645.091.372-06,cardosoamanda@example.net,+55 (031) 0610-8681,"Campo de Ramos, Santa Margarida, 80196083 Silva / PB"
1053,Luiz Fernando Moura,671.492.085-76,lais74@example.com,(021) 3339-5995,"Parque Garcia, 20, Miramar, 99838-243 Abreu / SC"
1054,Maya das Neves,129.647.803-31,zlima@example.com,(031) 5034-9764,"Passarela de Costa, 114, Madre Gertrudes, 83062864 Marques de Minas / RS"
1055,Maya Campos,108.479.653-84,da-motaana-laura@example.org,0300-814-1207,"Feira Carolina Cardoso, 517, Canadá, 51197-382 Siqueira / RS"
1056,Dra. Aylla Costa,791.685.042-76,diogorodrigues@example.com,21 0980 1704,"Aeroporto de Sales, 53, São Pedro, 52141-058 Pereira / TO"
1057,Dr. Ravy Pacheco,028.731.654-80,das-nevesbella@example.org,(031) 6960-6078,"Residencial Pedro Lucas Monteiro, 223, Mangabeiras, 38603097 Pinto das Flores / PI"
1058,Davi Aparecida,694.023.871-96,bryanmachado@example.net,(051) 1088-9250,"Avenida Novais, 4, Vila Aeroporto Jaraguá, 12258821 da Rosa do Amparo / RS"
1059,Bianca Pimenta,620.345.871-62,marcelo85@example.net,41 9866-9645,"Trevo de Aragão, 5, Liberdade, 76491-194 Fonseca Grande / AM"
1060,Ana Vitória Cavalcanti,690.237.158-02,elisa74@example.com,(061) 8508 4157,"Aeroporto de Pires, 30, Barroca, 08583-926 da Cunha das Flores / SC"
1061,Lorenzo Duarte,829.501.463-33,da-luzheitor@example.com,+55 (071) 3170-0498,"Vale de Pires, 4, Granja Werneck, 00486349 Pastor de Minas / AC"
1062,Eloah Fernandes,954.012.638-05,marcela78@example.com,+55 (051) 2731-5995,"Vila Pedro Henrique das Neves, 99, Cidade Nova, 23777300 Nascimento do Amparo / MS"
1063,Ana Beatriz Novais,073.248.695-56,macedomaria-julia@example.net,+55 11 2464-0745,"Aeroporto de Cavalcante, 10, Vila Pinho, 84175-913 Abreu / CE"
1064,Maria Luiza Martins,356.904.871-39,lunna76@example.org,+55 41 4400 0034,"Aeroporto de Machado, 36, Vila São Dimas, 60373200 da Mota / RJ"
1065,Dra. Ana Carolina Azevedo,934.572.108-88,jcastro@example.org,(084) 3131 8730,"Lagoa de Machado, 1, Liberdade, 80861-035 Ramos / PB"
1066,Sra. Cecília Mendonça,543.926.108-70,anthony-gabriel59@example.com,+55 11 8209 7632,"Quadra de Cunha, 61, Ribeiro De Abreu, 76661-838 Cunha / RR"
1067,Brayan da Mata,621.583.409-24,sophie33@example.net,(011) 6858-3145,"Feira Antony da Rocha, 2, Vila Canto Do Sabiá, 72094296 Cavalcante / MT"
1068,Hellena Barbosa,249.163.758-82,maitecamara@example.net,(021) 2371-2443,"Avenida Maria Eduarda Oliveira, 13, Heliopolis, 66174477 Campos dos Dourados / GO"
1069,Maria Isis Marques,645.731.908-48,aliciaramos@example.net,(071) 9933-6409,"Jardim Joana Aragão, 236, Universitário, 21562696 Mendes / CE"
1070,Mariana Jesus,762.431.580-71,talmeida@example.net,+55 11 7617-0665,"Residencial de Almeida, 71, Belmonte, 21406149 Castro / MS"
1071,Sra. Maria Luísa Alves,960.712.435-99,diasotto@example.com,(021) 8084-3836,"Estação Monteiro, 34, São Francisco, 48949295 Oliveira / RR"
1072,Yuri Mendes,920.573.146-34,ramoscarlos-eduardo@example.com,41 6095 0582,"Praia Almeida, 924, Madre Gertrudes, 16583563 Andrade de Novaes / RJ"
1073,Antonella Oliveira,428.156.709-76,maria-luisafogaca@example.net,84 3109-1111,"Condomínio Emanuella Andrade, 27, Vila Aeroporto, 30983786 Pastor / SE"
1074,Melissa Sousa,124.896.075-02,zdas-neves@example.org,(081) 6291-2087,"Recanto de Jesus, 44, Teixeira Dias, 38318827 Araújo das Flores / AC"
1075,Gabriela Novaes,973.268.450-00,acarvalho@example.net,11 2251 3786,"Via de Pacheco, 176, Conjunto Taquaril, 00474-312 Aparecida / PE"
1076,Hadassa da Paz,678.450.239-65,milenarodrigues@example.com,(041) 1706 1598,"Vale Sarah Rodrigues, Copacabana, 37840-087 Castro / SE"
1077,Theo Alves,403.271.986-13,jesusluiz-henrique@example.com,0800-620-3093,"Estação Lavínia da Mata, 40, Cachoeirinha, 03856046 Vieira / MT"
1078,Stella Macedo,415.690.783-00,danielaparecida@example.net,(011) 0268 5275,"Setor de da Rosa, 644, Buraco Quente, 43714-768 Lopes / SC"
1079,Gael Henrique Aragão,678.914.325-46,sara04@example.org,+55 (021) 2328-4237,"Feira da Mata, 24, Vila Independencia 2ª Seção, 12276-440 Silveira / MG"
1080,Luigi Pacheco,182.074.936-31,montenegronina@example.net,+55 (021) 2432-8193,"Setor Camargo, 90, Buraco Quente, 63207152 Oliveira da Serra / AP"
1081,Dr. Caio Cirino,859.174.630-93,heloisa40@example.com,+55 (041) 1020-2753,"Aeroporto Carvalho, Pirineus, 97774-257 Azevedo / PA"
1082,João Vitor Novaes,314.690.587-66,antonella10@example.org,(021) 2971-4429,"Residencial Maria Julia Almeida, São José, 53073-086 Nogueira / RN"
1083,Ana Vitória Machado,360.942.851-15,ana91@example.com,(071) 0404-1375,"Estação de Albuquerque, 21, Maria Tereza, 73119470 Gomes da Serra / TO"
1084,Ana Sophia Santos,548.209.361-15,rafael28@example.net,+55 51 3409 5302,"Recanto Lima, 61, Buritis, 06360555 Albuquerque de Cassiano / PA"
1085,Sabrina Nunes,410.673.859-75,lunna15@example.org,(084) 5888 5681,"Trevo Porto, 5, Barão Homem De Melo 1ª Seção, 17593283 Sá / BA"
1086,Yan da Costa,704.689.135-48,pietra38@example.org,71 6707 6878,"Rua Laura Cunha, 238, Jardim Dos Comerciarios, 80930296 Rezende / PR"
1087,Ana Beatriz Sampaio,652.017.893-40,joao-guilhermepacheco@example.org,+55 (051) 7730 1034,"Morro Pedro Gomes, 59, São Gabriel, 52696072 Câmara / GO"
1088,Lara Cassiano,314.062.857-90,barbosaluiz-miguel@example.net,+55 (021) 7366 9220,"Residencial Pedro Lucas Viana, 8, Castanheira, 96854600 da Mata / ES"
1089,Rhavi Sales,786.495.312-37,eloa23@example.net,0500 742 9517,"Estrada Raquel Silveira, 837, Ipe, 34237601 Pereira das Pedras / GO"
1090,Ana Luiza Mendonça,604.123.987-96,xoliveira@example.org,(081) 6510 6739,"Praia Lucas Rios, 121, Beija Flor, 34578762 Oliveira / TO"
1091,Cauê Cavalcanti,423.501.876-08,azevedojoao@example.net,+55 (041) 8781 1026,"Favela Miguel Gomes, Lagoa, 59671401 Sousa Paulista / CE"
1092,Srta. Emanuella Cirino,691.024.837-69,dguerra@example.com,+55 84 8869-3700,"Recanto de Farias, 631, Santa Cecilia, 79945071 Borges / PI"
1093,Dr. Diego Costa,724.680.351-35,zrocha@example.com,0300-955-0551,"Pátio Freitas, 43, São Jorge 1ª Seção, 59002864 Castro do Amparo / MA"
1094,Liz Azevedo,463.718.925-09,anna-liz46@example.org,+55 (081) 3351-0276,"Condomínio Barros, 15, Ambrosina, 70476606 Ribeiro / TO"
1095,Ana Laura Montenegro,021.396.458-98,hpacheco@example.com,+55 (061) 6080 3877,"Lago Freitas, 7, Vila Primeiro De Maio, 85027656 da Conceição / RS"
1096,Luiz Miguel Siqueira,731.580.642-35,diegosouza@example.com,+55 (061) 4885-9446,"Vereda de Aparecida, 78, Jardim Vitoria, 33528219 Vargas / CE"
1097,Ana Caldeira,802.756.931-12,calebepires@example.org,+55 51 6851 5319,"Aeroporto de Leão, 1, Zilah Sposito, 89037-901 Castro / RS"
1098,Dr. Pedro Miguel Azevedo,734.298.015-32,qfonseca@example.org,+55 51 8052 8537,"Avenida Cavalcante, 20, Vila Nossa Senhora Do Rosário, 48421842 Novaes / SP"
1099,Daniela Moraes,869.125.074-76,oliveirazoe@example.com,+55 71 3452-8355,"Ladeira Albuquerque, 110, Mirtes, 11550594 Correia / PI"
1100,João Pedro Oliveira,752.913.064-16,spastor@example.org,0500-157-6234,"Rodovia Ramos, 96, Taquaril, 22514696 Azevedo do Oeste / ES"
1101,Ravi Lucca Pimenta,294.857.631-82,carlos-eduardorios@example.org,+55 84 5326 6703,"Rodovia Beatriz Viana, 6, Vila União, 57778101 Borges / PB"
1102,Dr. Otto Costela,189.352.046-33,asafe22@example.net,+55 (011) 7825-9865,"Recanto de Cavalcanti, 93, Belmonte, 40893-273 Borges de Souza / DF"
1103,Benjamin Teixeira,045.138.927-14,gustavo-henrique89@example.org,41 3633 1337,"Distrito Sofia Campos, 406, Urca, 65503490 Sampaio / TO"
1104,Kaique Caldeira,120.948.753-50,tfreitas@example.net,+55 (061) 0160 5715,"Viaduto de Novais, 61, Guarani, 94208-025 Macedo de Cunha / AC"
1105,Antony Souza,687.102.594-49,lmartins@example.com,(071) 1997-6332,"Parque Sousa, 4, Vila Santa Rosa, 91646-690 Moura / RO"
1106,Maria Flor Almeida,410.659.278-94,portoalice@example.org,61 8513 3912,"Rua Sophia Sá, 22, Das Industrias I, 97332-810 Farias da Serra / SP"
1107,Lavínia Alves,890.527.146-49,vianacarlos-eduardo@example.com,0500-354-7293,"Esplanada de Correia, 4, Cruzeiro, 90469102 Pires da Praia / GO"
1108,Theo Aparecida,617.590.432-06,paraujo@example.com,+55 (051) 4579 5637,"Morro Maria Liz Duarte, 95, Mangabeiras, 12269-840 Silva / GO"
1109,Hellena Dias,134.052.769-34,gcosta@example.com,11 9019-0730,"Núcleo Martins, 3, Vila São Gabriel Jacui, 74531-938 Moreira dos Dourados / SE"
1110,Hellena Casa Grande,927.413.508-41,smendes@example.net,+55 (084) 1336-7559,"Jardim Giovanna Aragão, 12, Ermelinda, 97444686 Guerra / ES"
1111,Marcos Vinicius Teixeira,274.861.509-30,yago10@example.net,+55 (021) 2012-8674,"Loteamento Emilly Siqueira, 62, Barroca, 29311940 Lopes Paulista / AM"
1112,Dom da Rocha,367.142.085-53,ucarvalho@example.net,(071) 1593 9273,"Setor Erick da Costa, 9, Aparecida, 28676176 das Neves / CE"
1113,Ana Sophia Viana,790.183.642-31,melina55@example.org,+55 71 9065-7068,"Viela de Nascimento, 3, Vila Da Luz, 43090-183 Barros de Jesus / SE"
1114,Vinícius Jesus,468.351.092-89,rodriguesantonio@example.net,+55 41 3304-9546,"Núcleo Amanda Novais, Nova America, 39782671 Machado de Pastor / AC"
1115,Juan Macedo,652.384.791-82,eloa35@example.org,+55 11 4911 7888,"Loteamento de Barbosa, 75, Saudade, 32883622 Barros / GO"
1116,Isabela Fernandes,397.584.602-00,oliveiramaria-luiza@example.org,(031) 0642 5237,"Área Novaes, 54, Marieta 3ª Seção, 73370-997 Casa Grande / MS"
1117,Catarina Silveira,346.250.189-51,alexandrepereira@example.net,+55 (041) 7378-4029,"Quadra Azevedo, 54, Alto Caiçaras, 31038-758 Peixoto / RS"
1118,Sr. Marcelo Pacheco,326.718.094-50,jose27@example.com,+55 (041) 6527-6403,"Esplanada Camargo, 30, Pedreira Padro Lopes, 08593-836 Almeida / MS"
1119,Dr. Mathias Silveira,638.570.129-86,ferreiralaura@example.com,+55 (041) 6288 7399,"Condomínio de Almeida, 13, Conjunto Santa Maria, 43162-030 Moraes do Oeste / SP"
1120,Vitor Gabriel Costa,318.947.260-22,gpereira@example.net,+55 41 4468-4183,"Viaduto Fonseca, Granja De Freitas, 09722-052 Cassiano da Prata / AM"
1121,Maria Vitória da Rosa,748.256.190-02,balmeida@example.com,51 3073 9361,"Via Pacheco, Glória, 39140-185 da Mata / BA"
1122,Sr. Miguel Azevedo,260.345.918-05,juliacamargo@example.net,+55 11 6360-4077,"Fazenda Freitas, 28, Bernadete, 79732631 Mendonça / MS"
1123,Carolina Pastor,430.791.528-32,wduarte@example.org,+55 (051) 2506 6010,"Lagoa de Moraes, 42, Novo Glória, 32370855 Caldeira Alegre / MG"
1124,José Miguel Sampaio,479.681.530-93,zoecarvalho@example.com,(081) 1637-7082,"Distrito de Albuquerque, 1, Brasil Industrial, 17420001 Garcia do Amparo / AP"
1125,Alexandre das Neves,026.491.358-24,mcamargo@example.com,+55 31 9650-8806,"Setor Apollo Mendonça, 834, Santo André, 21451871 Cavalcanti de Cavalcante / PI"
1126,Emanuel Mendonça,719.582.306-77,gustavo-henriquebarbosa@example.org,+55 84 5968-5874,"Avenida de Campos, 35, Fernão Dias, 47600706 Cirino do Campo / MT"
1127,Sr. Pedro Henrique Nogueira,607.592.348-92,das-nevesarthur-gabriel@example.org,+55 (041) 9973-0880,"Aeroporto Cauã Rios, 1, Pompéia, 31469-950 Pastor Paulista / PA"
1128,Vicente Vasconcelos,136.584.709-84,mendesluigi@example.com,+55 41 7800 4740,"Quadra Samuel Pires, 917, Concórdia, 30798-035 Pinto / MT"
1129,Alexandre Pinto,985.046.271-01,luanaaragao@example.com,+55 41 7176-8692,"Rodovia Giovanna Nunes, 8, Vila Ipiranga, 56943-929 Guerra / TO"
1130,Larissa Garcia,872.635.910-30,lucas-gabrieldas-neves@example.net,41 0171 6749,"Sítio Elisa Rocha, 23, Acaba Mundo, 58050-574 Melo Alegre / RR"
1131,Gustavo Barbosa,134.507.968-01,antony54@example.net,+55 21 9588-8331,"Lago de Ribeiro, 1, Itaipu, 47663-868 Moraes / MG"
1132,Theodoro Souza,985.702.146-85,davi-luizsousa@example.com,+55 (011) 3066-7267,"Jardim de Rezende, 19, Tupi B, 96365-990 Sampaio / RJ"
1133,Miguel Melo,028.769.134-96,lorenanovaes@example.net,+55 51 0160 2610,"Passarela Albuquerque, Vila Suzana Segunda Seção, 46869-290 Pacheco das Flores / PA"
1134,Allana Farias,845.937.126-37,vmelo@example.com,+55 61 4805 1777,"Praça Pastor, 9, Vila Sesc, 16634031 Cardoso / GO"
1135,Dr. Ravy Porto,039.824.617-31,mmoreira@example.org,81 6957 0390,"Viaduto de Camargo, 27, Vila Petropolis, 32473-934 Pinto / RS"
1136,Anthony Gabriel Souza,420.195.783-79,nbrito@example.org,31 8520-5492,"Setor da Mata, 962, Cônego Pinheiro 2ª Seção, 82725-476 Fonseca de Minas / RO"
1137,Ana Lívia Silveira,578.463.120-90,brayan24@example.com,+55 (081) 6352-5825,"Vila Rebeca Pires, 3, Camponesa 2ª Seção, 58325-143 da Mata da Prata / BA"
1138,Otávio Andrade,169.830.475-75,thomas92@example.net,(061) 1650-8020,"Campo Correia, 19, Vila Santa Monica 2ª Seção, 44834870 Peixoto da Serra / SP"
1139,Srta. Allana Carvalho,873.059.261-59,zda-mata@example.org,(041) 7176 5400,"Alameda de da Cruz, 37, Santa Branca, 49034-017 Câmara de Andrade / PI"
1140,Nicole Silveira,643.192.580-70,usales@example.net,71 0405-9561,"Colônia Julia Cirino, 83, Dom Cabral, 33150362 Siqueira de Minas / AP"
1141,João Gabriel Garcia,746.382.905-74,lguerra@example.org,+55 31 5420 1567,"Recanto Monteiro, 922, Solar Do Barreiro, 92584871 Porto de Minas / MT"
1142,Maria Farias,604.178.593-84,maria-eduardacarvalho@example.com,+55 41 7462-8117,"Feira Paulo Andrade, Vila Paquetá, 35092-537 Fernandes do Norte / MG"
1143,Sra. Mariana Oliveira,842.679.031-31,lunnasouza@example.com,71 9404 6867,"Estrada de Cardoso, 10, Cônego Pinheiro 2ª Seção, 65499-788 Porto / DF"
1144,Ana Julia Viana,704.586.913-48,lpires@example.net,+55 (061) 3890-3705,"Trevo Sampaio, 400, Coqueiros, 55101150 Nunes / SC"
1145,Davi Aparecida,701.325.486-07,jose99@example.org,(021) 9196-7989,"Conjunto Davi Luiz Nogueira, 3, Universitário, 55854-820 Teixeira dos Dourados / MA"
1146,Vicente da Rosa,380.295.417-32,mariah36@example.com,71 7640 3078,"Morro da Luz, 2, Salgado Filho, 75574100 Lopes / RJ"
1147,Aylla Nascimento,019.235.648-89,aragaoana-liz@example.net,(021) 2368 7650,"Condomínio Melo, 9, Vila Sumaré, 43390-360 Costa de das Neves / SP"
1148,Maria Júlia da Conceição,871.362.504-71,laparecida@example.com,+55 (061) 1999-5577,"Passarela de Fernandes, 98, Santa Maria, 21059-098 Sampaio / SC"
1149,Diego Cavalcante,981.647.325-91,saracavalcanti@example.org,+55 (084) 1223 7141,"Sítio da Luz, 79, Gutierrez, 78298219 Cirino / TO"
1150,Eloá Dias,735.246.180-90,da-rosatheo@example.com,0300 198 4761,"Aeroporto Pietro Vieira, 65, Tres Marias, 68341637 Sousa de Carvalho / PA"
1151,Matheus Lima,823.079.415-41,vianapedro-miguel@example.org,+55 41 0267-7306,"Jardim de Carvalho, 445, Vila Santa Monica 2ª Seção, 64497457 Araújo / DF"
1152,Valentim Sales,923.560.814-70,igorpinto@example.com,+55 (051) 0264 6390,"Fazenda de Melo, Vila Santa Monica 2ª Seção, 63396769 Garcia / MA"
1153,Isabelly Duarte,651.827.430-17,borgesisis@example.net,+55 61 6351-3555,"Núcleo Jade Cavalcante, 36, Taquaril, 01239-982 da Rosa / PR"
1154,Mirella Vasconcelos,937.682.045-29,isabelfarias@example.net,(071) 6880 8896,"Feira Farias, 22, Jardinópolis, 74364767 Souza de Minas / RJ"
1155,Lucas Gabriel Albuquerque,582.173.469-09,isabela68@example.org,+55 21 7278 6541,"Vale Silveira, 91, Vila Pilar, 59264130 Moreira Grande / RR"
1156,Guilherme Lopes,930.265.718-30,mendoncaesther@example.org,+55 (084) 5188-3593,"Recanto de Albuquerque, 998, Ermelinda, 87089-447 Sousa / DF"
1157,Dr. Enzo Abreu,826.541.739-09,kamillypimenta@example.org,31 6276-3610,"Passarela de Barros, Novo Ouro Preto, 95113-565 Costela / AP"
1158,Kevin Siqueira,513.207.948-23,caldeiraaylla@example.org,0500-331-0400,"Esplanada de Marques, 46, Cidade Nova, 48119-381 Fonseca da Praia / RN"
1159,Luiz Otávio da Costa,764.083.519-48,gustavo-henriquecampos@example.net,0800-258-4923,"Lago Teixeira, 67, São Francisco Das Chagas, 49233-560 Correia / BA"
1160,Ana Clara Mendes,359.128.764-46,nataliajesus@example.com,(011) 6350-0307,"Viaduto de Camargo, Vila Nova Paraíso, 67155706 Campos das Flores / PR"
1161,Luiz Gustavo Vieira,378.426.905-29,dandrade@example.org,0300-201-2011,"Feira Emanuelly da Rocha, 370, Carlos Prates, 50029108 Cavalcante da Prata / TO"
1162,Caroline Araújo,531.862.974-19,yanda-luz@example.com,+55 41 4571 4985,"Viaduto Rezende, 87, Pousada Santo Antonio, 49972914 Machado da Prata / PE"
1163,Maria Fernanda Cassiano,718.039.546-39,jsouza@example.com,+55 31 9445-5007,"Recanto Lopes, Gutierrez, 20122008 Novais / AL"
1164,Daniela da Cruz,481.635.720-35,cassianomaria-eduarda@example.com,31 2376 7649,"Vale Casa Grande, 88, Vila Atila De Paiva, 32209-433 Nascimento de Minas / MG"
1165,Sr. Joaquim Freitas,147.908.652-58,luiz-miguelborges@example.com,+55 (084) 7744 0103,"Residencial Machado, Ouro Preto, 05536-544 Sampaio / SP"
1166,Alexia Peixoto,490.285.173-32,rezendealexandre@example.org,0500-274-9855,"Largo Pastor, 79, São Gonçalo, 13479-337 Duarte / PA"
1167,Theodoro Lopes,128.094.763-22,karaujo@example.net,(031) 7581 8084,"Rua Aragão, Jardim São José, 49887371 Vieira de Ribeiro / MG"
1168,Leonardo Souza,479.168.350-10,lucas-gabriellima@example.org,31 8783-9738,"Largo de Rocha, Antonio Ribeiro De Abreu 1ª Seção, 92002-265 Abreu / TO"
1169,Maria Luísa Vieira,874.210.639-78,eduarda71@example.net,0300 957 2696,"Pátio de Peixoto, 53, Chácara Leonina, 48654-253 Dias do Galho / RR"
1170,Murilo Vasconcelos,693.512.870-68,isis18@example.com,+55 81 9204-5981,"Aeroporto Vargas, 276, Conjunto Serra Verde, 84921656 Mendonça da Prata / MG"
1171,Nina Santos,745.308.216-17,samarcela@example.org,0500 574 6734,"Travessa Davi Luiz Gonçalves, 47, Planalto, 41410-522 Jesus do Galho / AC"
1172,Rafaela Martins,047.219.365-16,da-cruzmariana@example.com,+55 11 5083 1269,"Passarela Danilo Câmara, 2, São João, 26004282 Moraes Grande / RS"
1173,Gael Araújo,295.031.476-70,sousaandre@example.org,(031) 4095-0005,"Feira Yasmin Martins, 77, Centro, 53999-617 Jesus / SC"
1174,Erick Sales,650.381.274-44,da-pazbenicio@example.org,+55 (011) 5390 2690,"Morro Alana Azevedo, 9, Inconfidência, 09579874 Casa Grande / RJ"
1175,Dr. Otto Siqueira,985.416.307-57,agatha75@example.com,0500 345 2873,"Pátio de Azevedo, 69, Bernadete, 03367-425 Almeida de Pereira / CE"
1176,Fernando Correia,456.938.021-24,rnovais@example.org,0300 780 8455,"Estrada Mirella Cavalcante, 49, Conjunto Floramar, 88842431 da Rocha / RR"
1177,Olívia Cirino,731.946.028-96,hadassacamara@example.net,(031) 6167 2531,"Parque Luara Pacheco, 59, Vila Nova Gameleira 2ª Seção, 87373-238 da Conceição de Cassiano / RJ"
1178,Ana Julia Duarte,587.491.320-32,orios@example.org,+55 (084) 8909-2727,"Avenida Pastor, 90, Das Industrias I, 57101702 Câmara Verde / CE"
1179,Dra. Emilly Pacheco,236.798.514-64,correiaarthur-gabriel@example.net,+55 (061) 3704 5595,"Recanto de Rezende, 668, Vila Esplanada, 66164047 Macedo de Minas / MS"
1180,Srta. Sabrina Campos,613.729.580-02,da-cunhaana-luiza@example.org,+55 11 8114 2761,"Rua Bruna Rezende, 69, São Francisco, 47317593 Aparecida Grande / PI"
1181,Calebe Cardoso,432.681.957-09,marcela03@example.com,+55 61 5280 3017,"Área Barros, 342, Ambrosina, 04169-089 Casa Grande Alegre / MA"
1182,Valentim Santos,512.467.083-53,falves@example.com,41 3986 8530,"Condomínio Rocha, 60, Campo Alegre, 45262930 Leão do Norte / AP"
1183,Dra. Ana Carolina Ramos,438.612.057-26,fonsecaisadora@example.com,(071) 5342 0410,"Chácara José Miguel Fogaça, 92, Jaqueline, 81249761 Cavalcante do Norte / PE"
1184,Cecília da Cruz,754.286.319-37,oliver02@example.net,+55 (051) 0994 5872,"Campo de Vargas, 2, Mangueiras, 90289403 Cardoso / ES"
1185,Sabrina Pacheco,832.756.490-00,montenegromaria-isis@example.net,(031) 2534 2321,"Sítio Danilo Ribeiro, 1, Ademar Maldonado, 11490872 Sá da Serra / PE"
1186,Clara Fernandes,982.346.507-00,melohenry@example.com,0300-029-6063,"Área Ana Carolina Lopes, 371, São Marcos, 42477-156 Cunha do Norte / SP"
1187,Lorena Cunha,549.063.721-80,mariana05@example.com,(084) 6156 5670,"Praça Sá, 3, Mirtes, 98549-465 da Luz / AP"
1188,João Felipe Guerra,928.173.056-12,luiza09@example.com,0500 553 7990,"Aeroporto Gael Brito, 63, Tupi A, 16870-212 Correia de Viana / DF"
1189,Dra. Milena Farias,129.384.675-91,laura25@example.net,+55 (021) 9093-2261,"Estrada da Costa, 8, Goiania, 94606-816 Casa Grande / SP"
1190,Sr. Otto Nascimento,620.917.483-31,vinicius85@example.net,+55 81 9693 7893,"Praia Elisa das Neves, 48, Gameleira, 57768-681 Montenegro / RJ"
1191,Sra. Ágatha Teixeira,217.803.946-40,pimentaotto@example.org,21 2967-9890,"Área Maria Julia Souza, 405, Vila Satélite, 01015-826 Rezende do Sul / BA"
1192,Isabel Campos,635.074.912-06,martinsdavi-lucca@example.org,+55 41 1081 8309,"Estrada Montenegro, 68, Vila Calafate, 92336122 Vieira de Costa / AM"
1193,Manuella Gonçalves,691.287.534-37,da-mataana-beatriz@example.com,+55 (084) 2300-4611,"Viela Matheus Rodrigues, 2, Vila Suzana Primeira Seção, 52225560 Souza / AL"
1194,Renan Araújo,605.972.831-68,joao-vitor55@example.com,+55 (071) 9883 0587,"Praia Bruna Andrade, Vila Trinta E Um De Março, 67778722 da Mota de Goiás / MT"
1195,Danilo Almeida,943.067.185-57,da-rosajade@example.net,11 3408-2665,"Área de Pinto, 3, Marajó, 86485107 Pimenta das Pedras / PE"
1196,Isaque Farias,078.591.432-32,emanuelly34@example.com,31 6668 7048,"Recanto Novaes, 926, Nova Esperança, 71738859 da Rosa / RO"
1197,Marcos Vinicius da Cruz,627.514.398-37,njesus@example.org,0800-753-3730,"Travessa de Aparecida, 8, Jardim Do Vale, 60641-325 Casa Grande / CE"
1198,Srta. Maria Alice Farias,472.135.896-28,ipereira@example.com,(084) 7154-2300,"Setor Santos, Frei Leopoldo, 07057-578 Rodrigues / ES"
1199,Luara Aparecida,180.235.497-23,orios@example.net,(021) 5144-7133,"Praça Emilly da Conceição, 94, Vila Paraíso, 11217-876 Fernandes de Minas / AM"
1200,Apollo da Mota,514.739.862-73,fogacaana-laura@example.org,+55 (021) 6914-6939,"Conjunto Augusto Rios, 75, Marieta 1ª Seção, 96484-848 Sampaio / PR"
1201,Rafael Azevedo,302.169.845-05,juliamendonca@example.org,+55 (071) 7779 7016,"Campo Rafaela Leão, Vila São Rafael, 63414-619 Cavalcante da Mata / DF"
1202,Nina Teixeira,623.104.578-17,stephany77@example.com,0500-314-4016,"Vale Gonçalves, 2, Jardim São José, 22359221 da Mota de Duarte / AL"
1203,Srta. Mariah Rocha,235.978.604-00,cmachado@example.net,(031) 5511-8323,"Colônia Costela, 7, Álvaro Camargos, 15080-447 Cardoso de Minas / PE"
1204,Danilo Sales,702.149.368-13,ycamara@example.net,+55 41 2211-2343,"Viela Borges, Vila Maria, 75290-385 Aparecida de Cavalcante / AP"
1205,Dra. Aylla Vargas,751.609.824-85,limasophie@example.com,(021) 5036 5533,"Esplanada de Oliveira, 67, Vila Independencia 1ª Seção, 55591-737 Pereira de Borges / RJ"
1206,José Miguel Vieira,179.845.320-79,cauarodrigues@example.net,+55 51 9846 5494,"Colônia de Moraes, 50, Jonas Veiga, 60338-610 Vargas / BA"
1207,Danilo Pires,261.038.457-26,isis35@example.org,+55 31 0591 5673,"Residencial Ana Carolina Vargas, Sagrada Família, 95137203 da Paz / RJ"
1208,Julia Marques,602.195.783-03,joao-gabriel96@example.net,0800 071 6133,"Praia de Azevedo, 72, Flamengo, 25037097 Peixoto / PE"
1209,Oliver Pires,395.460.872-38,kda-cunha@example.com,+55 (084) 7033 4849,"Praça de Porto, 86, Jatobá, 09399562 Duarte / RO"
1210,Sra. Lara Camargo,871.602.359-59,portogustavo-henrique@example.net,(081) 1179-8816,"Praça Nogueira, 90, Santa Margarida, 77962-351 Sampaio / RO"
1211,Eduarda Câmara,564.790.813-66,felipe84@example.org,(041) 6496-8415,"Setor de Duarte, 4, Santa Sofia, 19269-876 Sá dos Dourados / RN"
1212,Davi Lucca da Mata,504.128.369-98,kgarcia@example.net,+55 51 7022 5541,"Área Pinto, 96, Graça, 49785-380 Nogueira do Sul / RJ"
1213,Dr. Eduardo Siqueira,216.809.357-12,abreujoao-felipe@example.net,61 2106-4607,"Vale Lopes, 68, João Alfredo, 40426-780 Castro / ES"
1214,Lara Cavalcanti,392.175.806-86,araujogael@example.net,(021) 7182 5736,"Praça Pedro Henrique Aragão, 7, São Vicente, 05512543 Macedo / MS"
1215,Maria Julia Vargas,194.763.580-84,vmacedo@example.net,0800 137 3161,"Ladeira Rodrigues, 21, Bacurau, 50642350 Casa Grande / GO"
1216,Sr. Léo Siqueira,708.493.156-20,da-costazoe@example.net,31 3047-9493,"Sítio Isaac Cassiano, 9, São Cristóvão, 66888-454 Machado de Freitas / RR"
1217,Sra. Maria Isis Cassiano,498.513.627-19,manuella21@example.com,+55 (081) 5350-5089,"Trecho de Nunes, 36, Mariquinhas, 00379-740 Azevedo do Amparo / BA"
1218,Nicole Costa,817.063.495-48,joao-pedro91@example.com,+55 (051) 3361-3018,"Parque Câmara, 149, Maria Helena, 37313670 Carvalho / PI"
1219,Sra. Maria Vitória Araújo,697.215.083-30,davi-lucas99@example.org,(061) 0169 7451,"Sítio de Cavalcanti, 43, Guarani, 21092924 Sampaio Grande / MT"
1220,Leonardo Souza,382.150.674-17,wda-conceicao@example.com,+55 (041) 9114-1606,"Lago Martins, Estrela Do Oriente, 63305-320 Aparecida / RO"
1221,Lavínia Pastor,743.198.056-66,joao-vitormendonca@example.com,+55 (011) 5506 8377,"Aeroporto Castro, 5, Prado, 82861-197 Viana / PI"
1222,Sr. Luiz Miguel da Rosa,928.560.734-92,miguel18@example.org,+55 (031) 1805-2584,"Trecho Nogueira, Horto Florestal, 08918-765 Borges / PR"
1223,Benicio da Rosa,934.210.856-33,caldeirarenan@example.com,(031) 1295-6081,"Praça Melo, 25, Jardim São José, 00344-414 Gomes / RJ"
1224,Dra. Maria Isis Oliveira,079.628.145-94,nascimentootavio@example.org,11 1294-2027,"Rodovia de Gomes, 15, Santo André, 33270600 Moura da Serra / RN"
1225,Ísis Santos,768.950.231-86,qgarcia@example.net,+55 81 5928 4398,"Distrito Agatha Camargo, 10, Pousada Santo Antonio, 76568451 Dias / AP"
1226,Apollo Lima,172.546.308-35,siqueiraclarice@example.org,+55 21 9247-5586,"Vila de Cirino, 28, Vila De Sá, 64109687 Cavalcanti da Serra / PI"
1227,Sr. Alexandre Sá,568.392.704-83,tcosta@example.org,+55 41 4340 8507,"Lago da Cruz, 46, Copacabana, 16369-989 da Mota / BA"
1228,Henry Silva,126.370.594-43,cirinojuliana@example.net,+55 21 8947 7058,"Lago de Camargo, 7, Canadá, 61998-698 Almeida / SE"
1229,Rael da Conceição,690.815.427-02,costelasophia@example.com,+55 (061) 7911 9090,"Distrito Campos, 5, Dom Silverio, 83137-419 Cunha Grande / SC"
1230,Vitor Silva,967.830.542-92,ana-vitoria40@example.net,+55 (061) 1029 8404,"Alameda Luiz Gustavo da Rosa, 38, Vila Fumec, 34439-328 Montenegro de Goiás / MT"
1231,Melissa Mendes,298.135.706-95,almeidaana@example.com,0900 192 3704,"Trecho de Fonseca, 91, Apolonia, 94920-530 Rios / SC"
1232,Enzo Gabriel da Rocha,851.096.432-70,juliabrito@example.net,71 4271-5162,"Setor de Viana, Palmeiras, 20474-082 Fogaça / RR"
1233,Luiz Henrique Borges,537.916.480-39,da-rochaalexia@example.org,31 8824 3839,"Largo Oliver Jesus, 19, Alto Caiçaras, 59111511 Gonçalves de Alves / MA"
1234,Zoe Gomes,904.678.231-03,pnunes@example.net,51 3763 3798,"Travessa Farias, 641, Vila Fumec, 18820993 da Rocha / TO"
1235,Marina Cavalcanti,328.417.569-55,vitor-hugopeixoto@example.com,0800-820-0120,"Condomínio de Silveira, 46, Vila Batik, 35843-266 Martins / TO"
1236,Cecilia Rios,365.821.740-53,auroracavalcante@example.org,+55 (011) 8218-0636,"Vale Isis Pereira, 741, Vila Madre Gertrudes 3ª Seção, 94901-940 Vargas do Norte / ES"
1237,Mateus Rezende,137.462.085-80,jose-pedro93@example.com,+55 81 7185 4325,"Morro de Fonseca, 35, Vila Jardim Leblon, 65357-903 da Conceição do Amparo / AC"
1238,Breno das Neves,189.302.567-59,xmendes@example.net,+55 (084) 4774 1230,"Conjunto de Marques, 50, Serrano, 34350-899 Cardoso / MG"
1239,Ana Laura Nunes,285.109.476-94,maria-flormartins@example.org,(051) 5749-2499,"Sítio de Martins, 34, Santa Rita De Cássia, 21323-680 Correia / TO"
1240,Enzo Nogueira,196.380.742-13,zsiqueira@example.com,(031) 5924 8689,"Conjunto Gustavo Henrique Novaes, Sport Club, 39668698 Aparecida / PE"
1241,Marcos Vinicius Sampaio,742.685.091-94,alana17@example.net,(041) 3255-5299,"Condomínio de Pereira, 31, Atila De Paiva, 41683-553 Rios de da Costa / RJ"
1242,Ana Beatriz Lopes,947.035.821-04,maria-vitoriacarvalho@example.org,+55 (031) 7136-8398,"Estrada Santos, 71, Carmo, 42264-855 Martins / PB"
1243,Srta. Maria Liz da Conceição,854.193.267-28,caue61@example.org,+55 (011) 0555-5819,"Conjunto de da Costa, Sagrada Família, 62666-088 Azevedo / MA"
1244,Dr. Antony Fogaça,109.357.648-01,piresvalentim@example.org,+55 (021) 2702-4721,"Esplanada de Pires, 65, Corumbiara, 77296978 Carvalho / PE"
1245,Heloísa Andrade,076.843.921-31,isaque02@example.com,41 9971 3676,"Fazenda de Nascimento, 477, Colégio Batista, 53856-990 Abreu / PI"
1246,Davi Miguel Jesus,418.207.693-13,dbarros@example.org,0900-712-9762,"Loteamento de Gonçalves, 45, Santa Isabel, 50885740 da Mata / GO"
1247,Leandro Cirino,832.096.157-21,tgoncalves@example.com,+55 11 8562-8487,"Colônia Pacheco, 87, Vila Nova Paraíso, 16621120 Albuquerque de Correia / AC"
1248,Sra. Luara Moraes,791.052.364-52,marcos-vinicius26@example.org,+55 (051) 0314 4243,"Estação de Freitas, 1, Biquinhas, 13743-109 Vasconcelos / CE"
1249,Dr. Davi Lucas Pacheco,695.271.340-99,josue08@example.com,+55 84 2308-3427,"Rua Bianca Teixeira, 191, Planalto, 04706-986 Abreu de Minas / MT"
1250,Rafaela Siqueira,028.136.497-40,pmonteiro@example.com,+55 41 1693 6331,"Viela Ana Alves, 41, Vila Puc, 46896-232 Martins Alegre / AP"
1251,Calebe Pastor,451.097.638-01,juanporto@example.net,0900 357 2551,"Residencial de Fogaça, 98, Vila São Rafael, 51424996 da Costa / RS"
1252,Maria Vitória Costela,508.246.791-30,da-cunhamaria-liz@example.com,81 2656 5114,"Setor Gustavo Lima, 56, Cardoso, 65785522 Melo de Silva / SE"
1253,Maria Júlia Camargo,238.976.140-22,anapinto@example.net,(031) 8358 7754,"Favela Jesus, 22, Jardim Guanabara, 49154288 Garcia / PI"
1254,Sra. Luna Aparecida,290.631.574-52,kvasconcelos@example.com,51 9258 5531,"Quadra de Silveira, Vila Mangueiras, 67259-073 Nogueira / SP"
1255,Carolina Dias,650.748.913-10,mariana16@example.org,0300 495 3411,"Residencial Nogueira, Granja De Freitas, 46153257 Oliveira / TO"
1256,Ravi Lucca Almeida,362.795.014-34,rmarques@example.org,0300 563 6542,"Distrito Maysa Lopes, 761, Vila Dos Anjos, 96397-480 da Conceição do Campo / PB"
1257,Letícia Araújo,457.109.326-80,pnovais@example.net,0900 191 7567,"Quadra Samuel Costa, 3, São Paulo, 31075-277 Rocha do Norte / AL"
1258,Dr. Emanuel Moreira,891.046.753-39,alvesana-laura@example.com,0300 556 0742,"Favela Sales, 6, Vila Petropolis, 93996-534 Costela do Norte / RS"
1259,Bella Farias,184.037.569-84,pietravasconcelos@example.org,(011) 9226 1710,"Sítio Siqueira, 912, Santa Efigênia, 51742921 Cavalcante / PI"
1260,Dr. Bryan Ribeiro,790.584.261-49,vasconcelosbenjamim@example.com,61 1051 7031,"Trevo de Marques, 9, Jardim Alvorada, 77142-434 Pastor Alegre / GO"
1261,Sra. Marina da Conceição,394.650.718-20,osousa@example.net,(084) 1139 5427,"Travessa Sá, 87, Pilar, 66526-875 Marques / DF"
1262,Dante Barros,947.103.568-66,levi69@example.net,11 4070 5673,"Morro Fogaça, 59, Braúnas, 03619285 Martins de Barbosa / CE"
1263,Dra. Eloah da Mata,723.165.984-55,nicolelima@example.net,84 7394-0493,"Sítio das Neves, 2, Nossa Senhora Da Aparecida, 69002559 da Rosa / GO"
1264,Diogo Caldeira,426.891.703-96,vitor-gabriel15@example.net,+55 61 1598-3777,"Fazenda de Abreu, 32, Outro, 34341-516 Pereira do Campo / ES"
1265,Dom Camargo,456.093.278-65,fjesus@example.net,0500-796-5889,"Pátio Cauã Ferreira, 6, Vila Primeiro De Maio, 47920-093 Nascimento / MG"
1266,Diogo Ferreira,457.169.830-57,caldeirajoao-gabriel@example.org,+55 (021) 3438 0756,"Praça de Rodrigues, 2, Vila Nova Gameleira 2ª Seção, 50876-575 Câmara dos Dourados / PI"
1267,João Pastor,369.041.258-70,kamilly75@example.org,71 0167 9977,"Viaduto Eloah Araújo, 7, Cidade Jardim, 14241470 Alves / MT"
1268,Fernanda Moreira,693.415.702-80,luiz-gustavooliveira@example.org,51 9715 0661,"Praia Enzo Gabriel Caldeira, 10, Jatobá, 06770-617 da Rocha de Leão / RJ"
1269,Ísis Dias,392.487.650-92,otaviopimenta@example.org,(081) 8005 4251,"Favela de Vasconcelos, Engenho Nogueira, 71789599 da Paz da Serra / CE"
1270,Sr. Anthony Gabriel Aragão,206.789.154-58,liam86@example.net,(031) 8041 9798,"Estação Duarte, Urca, 70858966 Carvalho de Minas / AC"
1271,Yan Nascimento,984.370.126-78,da-cunhabruna@example.org,+55 31 5758-1454,"Morro Silveira, Prado, 40027-216 Aparecida de Minas / RR"
1272,Dra. Clarice Campos,241.593.086-51,mabreu@example.net,0800 403 5714,"Sítio Dom Borges, 6, Funcionários, 48187-761 Aparecida / DF"
1273,Vitor Rocha,896.127.403-13,fogacaravy@example.com,51 1797 9755,"Estação de Vasconcelos, 46, Vila Piratininga Venda Nova, 52439424 Martins / SE"
1274,Davi Oliveira,367.428.109-04,inovais@example.com,(021) 7453-5545,"Trevo de Araújo, 401, Novo Aarão Reis, 87567677 Camargo / MA"
1275,Alexandre das Neves,182.703.495-50,gustavo01@example.com,+55 (041) 0829 9620,"Chácara de Guerra, 39, São José, 56206-569 Andrade Paulista / MA"
1276,Pietro Nascimento,502.178.364-53,lopessofia@example.org,+55 61 6836-1853,"Residencial Isaque Albuquerque, 68, Distrito Industrial Do Jatoba, 25590-827 Siqueira de Goiás / SE"
1277,Sra. Ágatha Sales,270.469.315-34,mendesmatteo@example.org,51 0582 2556,"Jardim de Brito, Renascença, 63684584 Farias / ES"
1278,Arthur Farias,176.935.248-19,smarques@example.com,(071) 2786 3601,"Residencial Oliver Melo, Taquaril, 75808-193 Souza de Siqueira / MS"
1279,Kaique Leão,271.580.964-67,qsilva@example.com,31 0474-7456,"Residencial de Pereira, 276, Lagoa, 86778-362 Leão Alegre / CE"
1280,Maria Sophia Freitas,710.859.632-68,josealves@example.com,+55 71 4401-3633,"Praia Siqueira, 43, Mirante, 47339151 da Conceição / RO"
1281,Rafael Câmara,046.182.735-26,josue66@example.org,84 7286-9490,"Estação Souza, Conjunto Providencia, 18720-443 Farias / AM"
1282,Ana Carolina Novaes,436.851.729-64,caiomontenegro@example.com,0300 102 0379,"Via Leão, 93, Vila Jardim Montanhes, 86288148 Castro / PR"
1283,Allana Nascimento,049.251.867-01,freitasdanilo@example.com,+55 81 4354 1387,"Trecho de Pimenta, 842, Suzana, 88264-143 Sá de Vargas / RR"
1284,Sr. Arthur Miguel Campos,917.526.380-77,liviacavalcanti@example.com,0900-253-5576,"Vereda Fogaça, 20, Nova Suíça, 34382646 Pastor / MS"
1285,Catarina da Luz,239.576.104-43,gabrielavasconcelos@example.net,+55 (041) 0724-6433,"Jardim Moreira, 57, Chácara Leonina, 72653679 Silva da Prata / PI"
1286,Dra. Maria Helena Pereira,508.461.927-30,marcelorios@example.com,+55 (084) 3133 3456,"Trecho Souza, 39, Granja De Freitas, 75454-616 Nunes / PA"
1287,Emanuel Dias,683.250.194-33,vitor-hugo01@example.net,+55 (081) 1306-3114,"Condomínio de Campos, 37, Ademar Maldonado, 63741-351 Silveira da Serra / RR"
1288,Erick Leão,847.695.023-38,yjesus@example.net,+55 61 0637-4467,"Núcleo Caio Vargas, 6, Solimoes, 31290205 Castro Grande / ES"
1289,Maria Luísa da Paz,972.435.168-82,jda-cunha@example.org,(081) 8659-1740,"Vereda de Castro, 65, Madri, 01065881 Campos Alegre / GO"
1290,Fernanda Pires,691.472.083-50,ramosfernanda@example.net,(011) 7697-6701,"Chácara Kevin Pereira, 20, Vila Havaí, 81503-183 Lima do Galho / MA"
1291,José Garcia,215.790.438-79,maria-sophia24@example.org,(084) 4847-7133,"Colônia de Siqueira, 12, Vila Aeroporto, 50786-857 da Rosa / BA"
1292,Enzo Cunha,418.629.057-11,lunnacavalcanti@example.com,21 8533-2301,"Favela Carolina Almeida, 97, Tres Marias, 51868112 Montenegro de Goiás / MA"
1293,Bárbara Novais,783.962.045-00,rebecapeixoto@example.net,(071) 1349-6567,"Esplanada Peixoto, 59, Esperança, 53433732 Fogaça do Amparo / RR"
1294,Matheus Borges,694.501.372-34,enzo-gabriel67@example.net,(084) 4933 8731,"Viaduto Duarte, 968, Garças, 34066714 Cavalcante do Amparo / ES"
1295,Dr. Ravi Pimenta,385.496.027-10,novaesmarcos-vinicius@example.org,+55 (011) 8967 1695,"Passarela de Rocha, 29, Penha, 93386-350 Ribeiro / SC"
1296,Isabella Dias,276.135.804-07,antonysiqueira@example.com,+55 (011) 2637 5259,"Rodovia de Castro, 69, Havaí, 92843771 Oliveira / RJ"
1297,Benicio Camargo,427.839.015-79,martinsmaria-julia@example.net,+55 61 3654 8980,"Viaduto Rafaela Porto, 32, Coqueiros, 66866-134 Nascimento / SC"
1298,Raquel Lopes,571.236.840-44,daniel83@example.org,+55 11 5787 4353,"Parque Fernanda Machado, Primeiro De Maio, 17695-394 Rezende / PI"
1299,Emanuel Peixoto,519.723.460-16,theodorocamargo@example.org,+55 41 4141 7916,"Pátio Pereira, 51, Vila Jardim Leblon, 07411-656 Ferreira / MG"
1300,Davi Lucca Nascimento,215.807.936-30,joliveira@example.com,(041) 8489-6707,"Esplanada Monteiro, 1, Itaipu, 42211-524 da Conceição / DF"
1301,Amanda Campos,491.807.653-00,vianaryan@example.net,31 6040 5750,"Vila de Sampaio, 544, Castanheira, 22315-141 Rezende / MS"
1302,Letícia da Rocha,819.072.456-85,vasconcelosjoao-miguel@example.net,21 3557 2384,"Loteamento Almeida, 3, São Gabriel, 84034-346 Sampaio / PE"
1303,Srta. Maria Luísa Moura,257.809.364-47,ana-vitoriasouza@example.org,(051) 0434-8910,"Trecho Mathias Moraes, 4, Nova Floresta, 89545588 da Conceição / RR"
1304,Sra. Ana Cecília Lima,086.913.724-78,montenegromanuela@example.net,+55 (081) 2153 5065,"Quadra de da Costa, 55, Dom Bosco, 99089663 Sampaio de Goiás / MA"
1305,Dra. Helena Siqueira,786.093.125-77,leaojuliana@example.org,+55 41 4601 6866,"Trecho Esther Costela, 78, Santa Efigênia, 78039-711 Silveira de Goiás / SP"
1306,Amanda Oliveira,950.673.142-06,joao-miguel35@example.com,+55 41 3578-3122,"Rua Montenegro, 881, Jardim Vitoria, 27149-388 Vargas do Norte / PR"
1307,Srta. Ana Carolina Sá,413.679.852-00,rhavi35@example.org,+55 71 9818 6531,"Vereda de Rocha, Bandeirantes, 20591534 Rezende Grande / RJ"
1308,Sara Carvalho,038.915.674-48,eloada-cruz@example.net,+55 (084) 0852 3354,"Lagoa Cauã Pereira, 313, Trevo, 45372724 Abreu do Norte / SC"
1309,Hellena Moreira,820.615.374-80,hcirino@example.net,(061) 4172 5377,"Passarela de Cassiano, 25, São Jorge 2ª Seção, 98292685 Mendes / RN"
1310,Gael Cardoso,462.097.831-04,ribeirootavio@example.net,+55 (041) 5197 6111,"Lago de Vasconcelos, 39, Vila Nova Cachoeirinha 3ª Seção, 23353472 Cirino Grande / TO"
1311,Alice Pires,973.240.165-61,marina73@example.com,(011) 0022 3186,"Loteamento Nogueira, Vila De Sá, 39555-019 Fonseca de Goiás / RJ"
1312,Leandro Novais,974.805.631-75,bernardo94@example.com,+55 84 1873-7235,"Alameda de Sales, 66, Conjunto Jardim Filadélfia, 19171-513 Ramos de Fogaça / RN"
1313,Isis Albuquerque,869.734.510-39,jborges@example.com,0900-542-8222,"Feira de Novais, 69, Conjunto Providencia, 15564-471 Ribeiro / RS"
1314,Gabrielly Nunes,391.254.867-64,da-motamarcos-vinicius@example.net,(081) 0161-6689,"Colônia de Moraes, São Lucas, 84052-880 Ferreira / MT"
1315,Dom Costela,690.432.851-70,casa-grandegael@example.com,(081) 1231-9728,"Área Ester Machado, 25, Ambrosina, 39117-118 Silva / RO"
1316,Hadassa Freitas,254.379.810-23,andre44@example.net,+55 61 1370 6377,"Morro Maria Vargas, 43, São Luiz, 26585-696 Nogueira de Borges / PR"
1317,Alana Gomes,083.271.495-04,cardososophia@example.org,71 8278-8268,"Lago de Vieira, 18, Jardim Felicidade, 47457703 Novaes de Martins / CE"
1318,Sofia Barbosa,127.435.908-23,liviafreitas@example.net,+55 71 6248 1097,"Chácara Leão, 384, Vila Puc, 37500465 Moreira de Goiás / PB"
1319,Kamilly Freitas,057.326.849-56,moreiraana-liz@example.org,+55 (051) 4770-4203,"Fazenda da Rocha, 88, Alto Dos Pinheiros, 01844-031 Cavalcante / AL"
1320,Luiz Fernando Dias,301.946.725-06,vinicius68@example.com,+55 31 6319 3623,"Aeroporto Levi Porto, 12, Serra Verde, 07216722 Almeida do Campo / MS"
1321,Gabriel Câmara,853.469.201-70,jesusbrayan@example.org,84 1060-7892,"Campo de Correia, Aeroporto, 19078-972 Lopes / PR"
1322,João Pedro da Mota,987.036.412-87,machadoliam@example.org,+55 61 7418-3189,"Via da Mata, São Pedro, 16512353 Pereira do Galho / PB"
1323,Ian Rezende,524.786.903-65,cnovaes@example.net,+55 (061) 7736-9867,"Loteamento de Cavalcanti, 25, Buraco Quente, 75978-532 Sá / SP"
1324,Larissa Farias,895.643.201-51,cardosoeloah@example.com,(084) 6103 5405,"Estação Breno Ramos, 816, Vila Puc, 47634493 Carvalho / PI"
1325,João Miguel Vargas,647.853.291-73,yan22@example.net,+55 31 8180-8808,"Lago de Barbosa, 43, São Vicente, 24246864 Gomes / PB"
1326,Cauã Barbosa,612.395.074-61,icavalcanti@example.com,+55 (051) 5443 9133,"Loteamento de Carvalho, 44, Acaba Mundo, 18094-361 Alves da Prata / MT"
1327,Bianca Brito,706.928.541-85,hda-rocha@example.net,+55 (051) 8679 9749,"Vereda Hadassa Sá, 747, Vila Dos Anjos, 75387-311 Farias / MG"
1328,Ian Alves,690.218.345-70,davi-lucca17@example.org,+55 84 0310-7926,"Alameda de Azevedo, 29, Universitário, 06172-034 Cardoso / MG"
1329,Clara Almeida,674.302.951-34,jose-miguel43@example.net,(061) 6969 0247,"Via Sampaio, Vila Puc, 85011221 Siqueira / AC"
1330,Dr. Antony Freitas,362.109.587-02,miguelda-cunha@example.org,+55 (071) 7338-9148,"Avenida Costa, 57, Parque São Pedro, 47537054 da Mota de Cavalcanti / PB"
1331,Stephany Costela,612.753.098-95,gribeiro@example.com,41 9158-3932,"Vereda de Novais, 85, Liberdade, 02585433 Silva / MA"
1332,José Miguel Lopes,328.507.916-95,raelcaldeira@example.net,(031) 2217 5335,"Esplanada Eduarda Fogaça, 61, Santa Maria, 01755-321 Pimenta das Pedras / PA"
1333,Maitê da Luz,960.354.287-38,apollonogueira@example.com,(011) 3742 5420,"Rodovia Kaique Montenegro, 4, Dom Cabral, 64412172 Brito / AM"
1334,Davi Miguel Ramos,148.635.209-05,xpacheco@example.net,0300-579-1607,"Lago de Leão, 593, Barroca, 41514-796 Barbosa / ES"
1335,Isaac Moreira,017.865.294-67,scavalcanti@example.com,(051) 7795-1592,"Estrada de Macedo, 914, Vila Piratininga Venda Nova, 16733058 Marques do Norte / ES"
1336,Caio Rezende,271.405.639-34,nogueiralarissa@example.com,+55 31 3109-1034,"Fazenda Sophie Macedo, 819, Coração Eucarístico, 31041-102 Peixoto / SE"
1337,Calebe Albuquerque,279.053.418-79,wda-cunha@example.net,+55 (084) 8307-5943,"Recanto Yasmin Ferreira, 85, Ermelinda, 78248-816 Souza / RO"
1338,Dr. Luigi Vasconcelos,264.817.539-37,pastoryasmin@example.net,+55 51 4379 0338,"Pátio de Câmara, 723, Campo Alegre, 67428-579 Oliveira / GO"
1339,Luna Castro,324.106.879-03,montenegromaria-vitoria@example.net,+55 (041) 9881 1856,"Travessa de Sampaio, 3, Paquetá, 45320-026 Almeida Paulista / RS"
1340,Vitor Gabriel Sousa,836.945.701-01,isabelmoreira@example.org,(061) 7543 6949,"Vale Léo Cassiano, Vila Cloris, 42105551 Vasconcelos de Rios / PR"
1341,Lorenzo Azevedo,615.379.482-37,rafaelmartins@example.net,0300-186-3529,"Residencial de Nogueira, 67, São João, 47212-861 Vasconcelos / RO"
1342,Maria Vitória Correia,028.657.934-00,lucasda-cunha@example.com,+55 41 8266-6367,"Largo de Silveira, 4, Santa Monica, 69079-716 Machado dos Dourados / MG"
1343,Dra. Lívia Sampaio,043.867.591-66,isabel47@example.com,41 8317-6840,"Campo Pacheco, 1, Vila Paquetá, 24183480 Moreira da Mata / MG"
1344,Ísis Garcia,197.563.428-46,zda-cunha@example.org,(084) 7299 0576,"Estação Martins, 55, Conjunto Califórnia Ii, 63995079 Sales de Goiás / RS"
1345,Srta. Lavínia Correia,403.291.876-78,carvalhoagatha@example.com,0900 096 3439,"Feira Mendonça, 40, Alta Tensão 2ª Seção, 32856887 Oliveira de Porto / PB"
1346,Lucas Gabriel Pimenta,164.095.827-49,gpimenta@example.com,+55 71 1156-4413,"Pátio Pereira, 8, São Jorge 2ª Seção, 07842358 Novais do Amparo / ES"
1347,Dra. Sofia Vargas,805.364.921-15,samaria-luiza@example.org,11 8904 0035,"Viaduto de Farias, 989, Conjunto Califórnia I, 09116221 Gomes de Aragão / ES"
1348,Sra. Evelyn Mendonça,053.826.471-35,beatriz64@example.net,(031) 8706 2869,"Viela de Costa, 61, Vista Alegre, 25283267 Barbosa da Prata / SE"
1349,Kaique Campos,138.256.790-12,pcunha@example.com,(031) 3008 8195,"Vila Silveira, 3, Tirol, 70532390 Marques / SE"
1350,Benjamin da Cunha,350.182.796-21,amonteiro@example.com,+55 84 6523-8295,"Recanto Moreira, Vila Nova Dos Milionarios, 45070047 Oliveira do Amparo / ES"
1351,Sra. Kamilly Albuquerque,725.103.846-35,qandrade@example.com,+55 31 4127-8035,"Parque de Borges, 61, Vila Antena Montanhês, 79270-306 Gonçalves do Campo / AC"
1352,Lorena Gomes,971.405.823-60,luan58@example.com,21 0360-6373,"Sítio de Sousa, 26, Santa Margarida, 99894081 Abreu / AP"
1353,Dante das Neves,732.910.648-87,camaraliz@example.net,+55 (041) 7793-9109,"Lago da Cunha, 73, Alto Das Antenas, 76011088 Fogaça Paulista / SE"
1354,Laura Silva,106.792.845-67,jose-pedrosantos@example.net,+55 71 3260-2148,"Travessa das Neves, 4, Esperança, 04273-124 Cavalcanti da Prata / MA"
1355,Paulo Santos,124.509.367-34,bento67@example.net,(084) 3314-9120,"Fazenda Isabella Novaes, 41, Mantiqueira, 43741-482 Vieira dos Dourados / PR"
1356,Laura Fernandes,468.035.912-98,uaraujo@example.net,(084) 9638-5256,"Trevo de Azevedo, 44, Vila Nova Cachoeirinha 1ª Seção, 57933-695 Carvalho / ES"
1357,Dr. Gael Henrique Melo,806.742.351-26,eduardonovais@example.org,41 1676 3428,"Pátio de Oliveira, 26, Urca, 35109246 Mendes / TO"
1358,Erick Fogaça,653.821.049-05,emoreira@example.net,+55 81 4880 2797,"Condomínio das Neves, 36, Marieta 1ª Seção, 80193246 Albuquerque / RO"
1359,Milena Aragão,183.759.264-00,gabriellyfogaca@example.net,0800-732-3613,"Favela Nunes, 30, Vila São Francisco, 48669-005 Caldeira dos Dourados / MT"
1360,Leandro Pires,031.248.765-71,sampaiovitor-gabriel@example.com,0900-394-2623,"Viela de Ramos, 9, Conjunto Califórnia I, 35569385 Marques / GO"
1361,Kevin Moura,376.195.820-02,wbrito@example.org,31 3384-3409,"Núcleo Castro, 791, Vila Paraíso, 06207-732 Moura / PA"
1362,Srta. Ester Cardoso,547.903.182-14,yramos@example.org,+55 (084) 1716-8934,"Rua Stephany Vasconcelos, 5, Cônego Pinheiro 2ª Seção, 08316932 Vargas / ES"
1363,Maria Clara Gonçalves,791.430.526-06,luiz-henrique54@example.com,(011) 7802 5806,"Fazenda de Rodrigues, 898, Novo Ouro Preto, 74070085 Nunes de Campos / RN"
1364,Luiz Fernando Silveira,203.596.874-74,fcasa-grande@example.net,31 7241 3580,"Viela Casa Grande, 2, Garças, 33990-608 da Cruz do Amparo / AM"
1365,Sr. João Gabriel Martins,612.795.038-40,thales76@example.com,+55 31 2973-4189,"Fazenda Helena Freitas, 9, Minaslandia, 63277-966 da Cunha / SP"
1366,Sr. Luiz Henrique Farias,514.297.680-02,ncostela@example.net,+55 (041) 1906-7231,"Conjunto de Marques, 77, Vila Jardim Leblon, 22409-081 Barbosa / PA"
1367,Mariana Albuquerque,301.289.567-12,da-rosayan@example.com,(041) 6871 9292,"Passarela Montenegro, Prado, 97184128 Nogueira / RR"
1368,Calebe Ferreira,479.316.802-78,mda-cruz@example.net,71 4577 3432,"Viela Ana Lívia Barros, Trevo, 12417749 Dias da Prata / PA"
1369,Sra. Eloá Rodrigues,316.057.298-68,eteixeira@example.com,51 9153 9508,"Trecho Arthur Gabriel Rios, 64, Savassi, 73119-319 da Cruz / RO"
1370,Vinícius Fonseca,795.402.368-00,luiza42@example.org,0300 022 1631,"Morro Casa Grande, 68, Biquinhas, 17154420 Almeida de Fernandes / AP"
1371,Dra. Gabriela Fernandes,458.209.167-94,clarasilva@example.org,+55 (051) 4416 4929,"Distrito da Rosa, 73, Santo Antônio, 09923359 Sampaio do Norte / PR"
1372,Ana da Mata,963.710.528-02,upeixoto@example.org,(084) 8452 5324,"Rua de Borges, 94, Zilah Sposito, 82276006 Vasconcelos / AL"
1373,Ana Clara Nogueira,306.518.429-05,pda-mota@example.net,(041) 7498-3936,"Distrito Luiz Fernando Gonçalves, 387, Santa Inês, 50207-316 Aragão / RS"
1374,Eduarda da Mata,458.219.367-64,elisabarbosa@example.org,+55 51 7882 1827,"Alameda Zoe Campos, 9, Senhor Dos Passos, 26509-564 Camargo da Prata / SE"
1375,Dr. Lucas Gabriel Aparecida,860.147.395-48,eloaporto@example.org,84 5266 2987,"Pátio de Vieira, 57, Penha, 42411670 Cirino / CE"
1376,Kaique Costa,957.243.816-64,samuelvargas@example.org,51 4870 9065,"Trevo Sales, 58, Pongelupe, 82578-571 da Paz / RO"
1377,Ana Sophia Teixeira,985.604.127-94,arthur-miguel66@example.com,0900 188 9090,"Setor Sousa, 81, Itatiaia, 88424-513 da Conceição / PA"
1378,Srta. Emilly Siqueira,317.496.052-52,qmachado@example.org,+55 (031) 1898-3647,"Recanto de Abreu, 74, Boa União 2ª Seção, 43730-922 Cassiano / RJ"
1379,Pedro Miguel Alves,627.049.538-56,juliasouza@example.com,41 2938 7497,"Residencial de Montenegro, 65, Floresta, 40401913 Albuquerque do Oeste / BA"
1380,Ana Beatriz Fernandes,416.298.073-03,davi-miguelpimenta@example.com,+55 11 2586 1281,"Esplanada Bryan Albuquerque, 95, Planalto, 49308234 Ferreira / DF"
1381,Bento Duarte,672.138.450-71,gsantos@example.org,(061) 7030-7474,"Setor Brito, 340, Santa Tereza, 35432-189 Aragão do Sul / MA"
1382,Mariana Freitas,148.957.260-02,hpastor@example.com,+55 81 3318-8386,"Praça Vargas, 831, Serra Verde, 12466660 Fogaça Paulista / RJ"
1383,Vinícius Campos,203.187.965-03,luiz-otaviovieira@example.net,+55 41 4023-7775,"Aeroporto Marcos Vinicius Caldeira, 8, Vila Antena Montanhês, 05289140 Barbosa de Leão / MA"
1384,Maria Alves,915.732.608-86,silvalucas@example.net,(051) 8641 9492,"Fazenda de Guerra, 9, Novo Das Industrias, 94085-868 Duarte de Santos / RR"
1385,Jade Novais,692.034.581-15,bbarros@example.net,21 5859 8271,"Parque Igor Novaes, Vila Coqueiral, 33341278 Rocha de Teixeira / SE"
1386,Maria Fernanda Alves,592.187.046-30,costajoao-guilherme@example.com,51 6383 2714,"Praia de Monteiro, 194, Céu Azul, 11065070 Dias / PA"
1387,Théo Moura,042.519.837-50,vlopes@example.org,0500 776 4308,"Conjunto Castro, 365, Savassi, 38518411 Vieira / PR"
1388,Brenda Azevedo,236.190.578-77,luiz-henrique95@example.org,+55 (061) 8277-2292,"Quadra Daniel Sá, Bandeirantes, 93449143 Vargas da Serra / AM"
1389,Sr. Fernando Cardoso,498.260.135-60,halmeida@example.org,(081) 5822 2024,"Quadra Montenegro, 8, Vila Independencia 3ª Seção, 41514363 Cavalcante / PR"
1390,Maria Cecília Souza,172.643.095-25,antoniocasa-grande@example.net,+55 81 1103-7452,"Parque Machado, 7, Vila Pilar, 66664867 da Luz / SE"
1391,Cecília Rodrigues,976.503.142-43,maria-alicepacheco@example.net,(061) 0330-0275,"Avenida de Nascimento, 60, Bairro Das Indústrias Ii, 43119-685 Moraes do Amparo / BA"
1392,Dr. Murilo Lima,782.569.430-92,psantos@example.net,+55 71 5030 9910,"Esplanada Guerra, 15, São Salvador, 43590-690 Leão / AL"
1393,Henry Gabriel Barbosa,378.524.019-88,abreuantonella@example.net,31 3981-2824,"Lagoa Rios, 29, Vila Nossa Senhora Do Rosário, 04338100 Lopes do Norte / AC"
1394,Léo Moura,154.369.280-05,yuriazevedo@example.com,+55 51 0755 7879,"Núcleo Santos, 58, Vila Paraíso, 64576436 Porto / BA"
1395,Vitor Gabriel Araújo,468.237.059-65,paulo20@example.com,(081) 9621-9516,"Condomínio Sara Montenegro, Jardim Dos Comerciarios, 44686-006 Pastor / SC"
1396,Oliver da Cruz,872.409.531-14,pedro-henriqueviana@example.com,71 3074-2800,"Conjunto de Peixoto, 90, Nova Esperança, 29434928 Caldeira dos Dourados / PB"
1397,Sra. Maitê Pastor,902.136.745-99,qlopes@example.com,41 7388-9589,"Lago João Miguel Ferreira, 97, Camponesa 1ª Seção, 72619705 Rios / RO"
1398,Raquel da Rocha,975.641.802-85,ocasa-grande@example.org,0500-203-7486,"Morro de Santos, 72, Belvedere, 01041-081 Cavalcanti de Goiás / PA"
1399,Kamilly da Paz,701.395.284-23,cdas-neves@example.net,+55 (021) 9929 6946,"Largo Correia, 669, Antonio Ribeiro De Abreu 1ª Seção, 66759306 Ribeiro de Minas / BA"
1400,Lavínia Câmara,704.618.592-11,leonardo61@example.com,+55 (081) 7108-3113,"Morro de Nascimento, 51, Flavio Marques Lisboa, 66413-098 Carvalho de Martins / AC"
1401,Breno Casa Grande,931.078.264-13,ymachado@example.net,(041) 9322 2482,"Largo de Ribeiro, 64, Santa Monica, 35050084 Mendes / AL"
1402,Dra. Maria Flor Sales,428.610.579-20,alice88@example.net,(061) 8629 1978,"Morro José Miguel Correia, 3, Atila De Paiva, 92920-058 Lima / TO"
1403,Henry Brito,354.168.092-05,carolinemacedo@example.org,51 6530 6252,"Largo Freitas, 1, Olaria, 19033-830 Lima / AP"
1404,Sophia Correia,528.310.476-17,ana-juliaborges@example.com,+55 (051) 6001 7545,"Feira Ferreira, 89, Vila Nova Paraíso, 62390-904 Lima do Amparo / PE"
1405,Luiz Gustavo Montenegro,085.147.632-53,icampos@example.net,+55 (071) 8223 8438,"Aeroporto Benício Almeida, 61, Horto Florestal, 89496054 Cassiano da Mata / TO"
1406,Catarina Martins,503.896.721-30,barrosvalentim@example.net,+55 21 0032-8456,"Distrito Sampaio, 99, União, 17451-598 da Paz da Praia / PB"
1407,Raul Moura,086.974.531-00,costacalebe@example.org,11 7299 8005,"Favela Gomes, 979, Suzana, 06434-110 Montenegro do Amparo / BA"
1408,Henrique Pires,497.861.530-57,valentim75@example.com,(071) 0896 9723,"Residencial Porto, 975, Barreiro, 77430879 Cardoso de Rezende / SE"
1409,Fernanda Marques,512.984.703-23,juliadas-neves@example.net,61 5926 7601,"Vereda de Moura, 87, Heliopolis, 72544662 Lopes / SC"
1410,Maria Moura,256.789.143-91,gfarias@example.org,+55 11 1243 1443,"Fazenda Joaquim Gomes, 26, Jardim América, 06011758 Sales / GO"
1411,Matheus Câmara,352.198.074-04,ncaldeira@example.org,+55 (081) 8896 9796,"Condomínio de Albuquerque, 700, Vila Tirol, 56215-489 das Neves / TO"
1412,Heloísa Teixeira,746.210.983-22,leaolunna@example.net,+55 84 3224 4871,"Parque de Nogueira, 56, Vila Santo Antônio, 29495-611 Cavalcanti / CE"
1413,Nicole Costela,351.820.496-33,manuela10@example.net,+55 21 1890-5753,"Lago de Sampaio, 138, Vila Paraíso, 18366818 da Luz / MA"
1414,Beatriz Gonçalves,271.534.806-17,ana-carolinabarros@example.net,(051) 8151-6221,"Área de Ramos, 8, Prado, 27314406 da Rosa / GO"
1415,Diogo Andrade,164.093.278-03,da-luztheodoro@example.com,(011) 9668-1351,"Loteamento Barbosa, 548, Camponesa 2ª Seção, 58471985 Nunes Alegre / SE"
1416,Ana Sophia Azevedo,674.158.923-64,tcasa-grande@example.com,81 6822-8081,"Recanto Garcia, 99, Barro Preto, 50959324 da Mota / MS"
1417,Maria Luísa Cardoso,159.386.247-46,vmoreira@example.com,+55 21 6597-3881,"Distrito Rebeca Camargo, 719, São Gabriel, 74422-863 Marques de Goiás / SC"
1418,Sr. Vitor Gabriel Almeida,627.508.349-29,lorenzo49@example.net,61 5115-2012,"Condomínio de Ferreira, 804, Pindura Saia, 40536476 da Costa / PE"
1419,Luan Vasconcelos,213.097.846-04,maria-ceciliada-cunha@example.com,51 6300 0895,"Favela Sara Almeida, Mariquinhas, 06040-889 Casa Grande / GO"
1420,Ana Carolina Oliveira,873.641.209-04,lucasteixeira@example.com,(011) 1581 7130,"Condomínio Maria Alice Oliveira, Mangabeiras, 27086-102 da Costa de Campos / MT"
1421,Caleb Duarte,480.627.913-78,juliana23@example.com,+55 (084) 4263 5602,"Rodovia de da Conceição, 83, Santa Rita De Cássia, 72629-195 Mendonça / SP"
1422,Samuel Câmara,761.384.250-90,cda-conceicao@example.com,+55 (081) 7640 4339,"Lago Costa, 79, Jardim São José, 82925349 Rezende do Oeste / RJ"
1423,Pedro Lucas Novaes,514.892.760-76,rodriguespietra@example.com,+55 (021) 8534 6601,"Lagoa Benicio Rocha, 40, São Cristóvão, 84703-738 Duarte / PA"
1424,Miguel da Conceição,890.746.312-31,francisco16@example.org,71 5149-5480,"Rodovia de Freitas, 6, Vista Alegre, 39108-668 Freitas / AM"
1425,Dra. Hellena Duarte,950.432.681-15,benicioaragao@example.com,0500-785-9380,"Condomínio de da Paz, 9, Conjunto Lagoa, 40305384 Leão / RR"
1426,Sra. Sofia Novais,127.950.836-12,maite43@example.net,(084) 0007-6344,"Alameda Aparecida, 919, Vila São Geraldo, 99176-960 Barros / CE"
1427,Léo Casa Grande,853.261.794-82,matheuscamargo@example.net,+55 (011) 7791 8504,"Lago de da Costa, 81, Confisco, 28769-480 Rios de Azevedo / AP"
1428,Aurora Ramos,158.374.209-32,yda-mota@example.net,+55 (081) 1351-4561,"Parque de Mendonça, 82, Vila Canto Do Sabiá, 95067019 Farias / AC"
1429,Josué Gomes,165.742.938-55,lunaborges@example.net,(021) 1311 1950,"Esplanada Bella Fogaça, 94, Castanheira, 30160354 Sales / BA"
1430,Pedro Lucas Freitas,937.148.265-64,gbarbosa@example.com,+55 51 2976 0613,"Feira Cirino, 55, Vila Da Luz, 66094804 Andrade de da Mota / RJ"
1431,Maria Luiza Cavalcanti,906.127.435-43,souzaana-luiza@example.com,0300-664-7917,"Setor Diogo Monteiro, 533, Conjunto Jardim Filadélfia, 12872202 Fogaça do Norte / MS"
1432,Vinicius Garcia,285.364.710-26,clopes@example.org,(011) 5484-4209,"Vale de Cirino, 48, Vila Real 2ª Seção, 16767390 Pinto de Andrade / RO"
1433,Isis Casa Grande,751.294.386-55,sara70@example.org,(061) 9857-1197,"Esplanada de Vargas, 58, Nova Cintra, 35811-471 Viana / TO"
1434,Sra. Liz Mendes,129.540.683-70,ana-cecilia93@example.org,(031) 6550 3764,"Recanto Danilo Mendonça, 63, Madre Gertrudes, 53774-184 Campos / SE"
1435,Dra. Sara Siqueira,643.581.720-08,luan99@example.com,(084) 0743 7328,"Condomínio Moreira, 73, Coqueiros, 29267331 Rocha das Pedras / ES"
1436,Melina Farias,874.395.061-20,ana-julia85@example.net,+55 51 4393 3684,"Rodovia de Sousa, Conjunto Celso Machado, 13673-619 Sousa / PE"
1437,Sr. Otávio Vargas,805.712.964-67,pintobenicio@example.org,71 1005-7579,"Vila Juan Rezende, Jardim Leblon, 05040-149 Pacheco das Pedras / BA"
1438,Luan Mendes,043.975.816-57,maya09@example.com,0900-320-0066,"Lago de Sá, Pedreira Padro Lopes, 74683-460 Melo / PI"
1439,Luiz Gustavo da Luz,063.257.491-70,theodoro41@example.net,+55 61 3905 3200,"Campo Novais, Ambrosina, 37486-281 Rocha / GO"
1440,Dr. Gael Correia,759.163.804-10,luigicorreia@example.org,21 3138-2279,"Vila de da Costa, 27, Tupi A, 39930-749 Azevedo da Praia / AM"
1441,Sr. Liam Vieira,021.857.936-59,da-matapaulo@example.com,+55 (084) 2203 0696,"Estrada da Rosa, 3, Bandeirantes, 62001189 Vasconcelos do Campo / MG"
1442,Maria Vitória Pacheco,314.209.578-05,novaesbenicio@example.org,+55 41 6534 0315,"Trecho Macedo, 7, Bom Jesus, 65721662 Araújo / MT"
1443,Ana Clara Abreu,407.825.963-47,benicionogueira@example.net,(011) 2732 9307,"Sítio Gomes, 16, Jardim Felicidade, 96037-103 da Mata do Oeste / RR"
1444,Larissa Sousa,831.945.207-41,ferreiraana-beatriz@example.net,31 9751-6447,"Estação de Sales, 4, Bela Vitoria, 25728-611 Azevedo de Barros / TO"
1445,Dr. Davi Miguel Almeida,782.619.053-30,danielacorreia@example.com,61 1251 2298,"Aeroporto de Santos, Liberdade, 29703954 Melo / SC"
1446,Liz Mendonça,865.370.241-53,pereiraarthur-gabriel@example.com,(084) 9138-6949,"Favela de Aparecida, 9, Boa Vista, 09198-026 Jesus da Serra / ES"
1447,Gael Araújo,263.457.198-46,alicia52@example.com,51 5342 6654,"Sítio Cecilia Pastor, 97, Vila União, 53155158 Freitas / BA"
1448,Isaque Mendes,539.248.170-14,matteocunha@example.com,+55 81 2417-1528,"Passarela Aragão, 178, Canaa, 75799-515 Barbosa de Fonseca / CE"
1449,Ravi Lucca Moura,761.325.849-19,andre69@example.org,+55 31 0701-7003,"Vila Laís Albuquerque, 17, Varzea Da Palma, 54138332 Brito / PB"
1450,Maria Vitória da Luz,197.836.045-20,pcardoso@example.org,+55 (031) 9840 5602,"Pátio Duarte, 97, Flavio Marques Lisboa, 38575094 da Luz / ES"
1451,Luísa Pires,634.715.089-10,benicio38@example.com,31 1576 5905,"Fazenda de Cirino, 41, Novo Aarão Reis, 65265-118 Novais do Sul / RR"
1452,Emilly Ribeiro,812.596.430-42,npinto@example.net,(071) 7064-8451,"Largo Rael Marques, 40, Vitoria, 98476-121 Correia do Campo / SC"
1453,Maria Flor Costa,761.035.829-03,valentinanunes@example.org,0300-947-2894,"Distrito Davi Luiz Albuquerque, 83, Conjunto Bonsucesso, 31429-025 Campos / MG"
1454,Alice Nogueira,204.738.596-29,raul97@example.net,+55 11 5073-7253,"Largo Sales, 42, Estoril, 07593-888 Sales das Pedras / RR"
1455,Mariane Rezende,127.439.058-32,leonardo02@example.com,41 5595-7847,"Setor Eloá Vieira, Santa Inês, 35917-190 Sá / CE"
1456,Zoe da Paz,045.379.862-47,vpinto@example.net,(021) 8725 4549,"Rodovia Daniela Moura, 32, Novo Ouro Preto, 48243-274 Lopes / GO"
1457,Srta. Clarice da Cunha,531.984.026-89,ocamargo@example.net,0500-274-3835,"Chácara Cunha, Vila São Paulo, 10474-884 Pinto / AC"
1458,Heloisa Aparecida,750.429.681-30,ana-cecilia87@example.org,0500 180 8032,"Recanto Brito, 106, Vitoria Da Conquista, 72203562 Pereira das Pedras / GO"
1459,Maria Fernanda Almeida,032.719.864-87,vnunes@example.com,0900 398 5550,"Pátio Yasmin Vieira, Conjunto Taquaril, 09835-612 Albuquerque / TO"
1460,Henry Gabriel Casa Grande,125.673.489-64,kda-mata@example.net,+55 (011) 9986 7986,"Feira Brito, Santa Terezinha, 62766-276 Pastor Alegre / DF"
1461,Sr. Samuel Barros,261.035.487-80,tteixeira@example.com,21 1382-8917,"Área Ana Sophia Vargas, 6, Conjunto Minas Caixa, 48114217 Mendes de Minas / ES"
1462,Dra. Jade Leão,978.523.140-23,melinada-paz@example.org,(051) 2628-7161,"Chácara Gustavo Henrique Campos, 97, Conjunto Jatoba, 29772050 Ferreira / AP"
1463,Danilo Aparecida,109.843.627-03,heitoraraujo@example.org,+55 31 1934 5345,"Área Montenegro, 78, Bonfim, 25207403 Pereira / DF"
1464,João Gabriel Melo,184.602.357-26,mdias@example.com,11 9055-9504,"Travessa da Cunha, 51, Nova Cintra, 63749411 da Luz Paulista / PR"
1465,Jade Andrade,524.396.817-09,moliveira@example.net,0500 337 7658,"Distrito de Sampaio, Vila Piratininga, 38298471 Sousa / RN"
1466,Sra. Elisa Mendonça,718.035.964-57,igoraragao@example.org,+55 84 0050-0874,"Alameda da Costa, 28, Centro, 02332300 Jesus / SE"
1467,Maria da Rocha,904.275.613-61,nunesantonio@example.com,+55 61 3949-1095,"Rodovia de Jesus, 61, Nova America, 18461-589 Teixeira / CE"
1468,Valentim Lima,728.904.163-13,juliada-mata@example.com,+55 (061) 8268 0535,"Conjunto de Martins, 87, Apolonia, 42722026 Rezende / DF"
1469,Yan Teixeira,107.524.698-94,nalbuquerque@example.com,61 2039 3681,"Estrada Emanuelly Gomes, 655, Mariano De Abreu, 47077332 Brito de da Conceição / PR"
1470,Sr. Luan Carvalho,486.071.925-58,maria-eduarda11@example.org,(021) 9856 1262,"Esplanada Sousa, 85, Nossa Senhora Do Rosário, 93765-605 Moraes do Galho / MG"
1471,Marcelo da Mata,563.189.047-00,inogueira@example.com,+55 (061) 8969-0138,"Viaduto Eduarda Jesus, Bonsucesso, 67020-040 Jesus / MA"
1472,Dr. Marcelo Castro,930.678.251-95,ana-claracavalcante@example.com,0900-143-5783,"Vereda de Siqueira, 4, Funcionários, 72625172 Aragão de Andrade / MT"
1473,Srta. Rafaela Pastor,346.158.792-37,agatha82@example.com,+55 (031) 4930-1538,"Recanto Isabella Cardoso, 87, Vila Petropolis, 01899170 Sampaio do Amparo / RO"
1474,Arthur Miguel Leão,169.435.078-93,dmachado@example.com,(071) 4919 9633,"Alameda Raquel das Neves, 63, Novo Aarão Reis, 09957322 Câmara / CE"
1475,Brenda Mendes,845.930.216-42,aferreira@example.net,(061) 6287 3713,"Pátio de Montenegro, 60, Beija Flor, 17657401 Rezende / CE"
1476,Ana Beatriz Dias,198.724.063-40,benjamimfarias@example.org,0300 334 3047,"Praia Erick da Costa, 7, Caiçara - Adelaide, 80060-790 da Paz de Minas / AL"
1477,Bianca Barbosa,915.837.462-00,theo93@example.com,+55 (011) 0599 8624,"Avenida Nogueira, 16, Vila Piratininga, 13986512 Viana / AL"
1478,Valentina Oliveira,802.974.165-02,ryandas-neves@example.com,+55 31 3901 4227,"Estação Isabelly Leão, 67, Vila Ouro Minas, 15782156 Monteiro do Galho / AL"
1479,Emanuella Duarte,572.306.491-61,oda-costa@example.com,(021) 5453-6395,"Lagoa de Sampaio, 96, Maria Virgínia, 50484-441 Dias / PB"
1480,Otto Campos,128.674.039-87,mateuspires@example.com,+55 (041) 3610 4061,"Viaduto Novaes, 7, Xodo-Marize, 79083-102 Carvalho da Mata / SE"
1481,Oliver Cassiano,689.250.374-83,rael74@example.net,(041) 5230-6045,"Condomínio Casa Grande, 480, Barão Homem De Melo 2ª Seção, 00253614 Pinto do Campo / RN"
1482,Vicente Silva,328.947.615-46,aylamoraes@example.net,+55 31 0615-5997,"Ladeira Pimenta, 83, Coração De Jesus, 06991-037 Machado de Goiás / GO"
1483,Dra. Hadassa Brito,374.560.819-48,npereira@example.com,+55 71 6506-3869,"Esplanada Enzo Gabriel Sá, 365, Pantanal, 00929690 Siqueira / MA"
1484,Srta. Rafaela Teixeira,261.540.897-67,joao-miguel89@example.net,(011) 1734-2915,"Avenida de Martins, 16, Confisco, 61768-892 Gomes do Oeste / MA"
1485,Benicio Ribeiro,418.695.302-33,nnovais@example.org,+55 (021) 6411 5264,"Recanto de Sales, 2, Maria Goretti, 34942-672 Ribeiro de Silveira / MA"
1486,Sra. Stella Araújo,497.631.582-73,valentina01@example.net,+55 (031) 4968 8209,"Quadra de Azevedo, 849, Solar Do Barreiro, 83205-796 Jesus do Oeste / CE"
1487,Vinícius Duarte,569.320.714-52,carvalhoemanuella@example.com,+55 61 7815-3479,"Via Olívia Costela, 9, Vila Pinho, 66743857 Rios da Serra / PR"
1488,Isabela Fonseca,073.514.286-62,elisaandrade@example.com,41 1593 3384,"Parque Ana Sophia Abreu, 63, Mineirão, 33149-499 Carvalho da Praia / MT"
1489,Otávio Campos,028.749.513-23,montenegronicolas@example.net,+55 (031) 9946 9617,"Praia Santos, 30, João Paulo Ii, 58143549 Rezende / AM"
1490,Nathan Mendes,975.638.412-37,luiz-gustavo09@example.com,+55 71 6929-4697,"Recanto Ravy Montenegro, 81, Maria Goretti, 35454713 Borges / ES"
1491,Sr. Eduardo Camargo,869.503.471-20,allanamoraes@example.net,71 4516-9114,"Passarela Monteiro, 831, Nova Cachoeirinha, 10555667 Brito / RN"
1492,Eduarda Freitas,180.579.364-01,ecaldeira@example.org,71 9793-4518,"Chácara Danilo Nunes, 7, Vitoria Da Conquista, 84902-138 da Paz da Praia / TO"
1493,Dr. Caio Gomes,698.103.245-70,rafaelpimenta@example.net,(071) 8846-3617,"Lagoa Duarte, 50, Serra Do Curral, 43309316 Farias de Porto / GO"
1494,José Miguel Correia,926.735.018-86,ottocavalcanti@example.com,+55 81 7785-6540,"Ladeira Lima, 58, São Bernardo, 43712401 Barros / RN"
1495,Manuela Monteiro,130.897.264-40,pastormaya@example.net,+55 (084) 1454 6610,"Distrito de Duarte, 62, Horto Florestal, 22615745 Rodrigues / BA"
1496,Noah Cassiano,017.695.324-80,sampaiohenrique@example.com,+55 (081) 6668 3154,"Conjunto Agatha Porto, 98, Conjunto Jatoba, 23585211 Rodrigues / DF"
1497,Sra. Ayla Cassiano,205.481.973-50,nataliasales@example.com,(051) 6005-4618,"Pátio Barros, 80, Nova Floresta, 14992-102 Martins de Albuquerque / PI"
1498,Sr. Thiago Freitas,325.710.649-16,zpimenta@example.net,0800 279 7980,"Aeroporto de Albuquerque, Concórdia, 77341-773 da Luz Grande / PR"
1499,Srta. Catarina Moura,826.953.041-70,tnunes@example.org,(061) 2909-3690,"Travessa Rocha, 93, Santa Terezinha, 72287770 Lopes / DF"
1500,Paulo Peixoto,523.167.840-62,mariana86@example.net,(081) 7698-9600,"Passarela de Rios, Bandeirantes, 20434-023 Moreira de Casa Grande / SE"
1501,Julia Rios,987.543.620-83,mendesevelyn@example.com,(051) 1138 3223,"Loteamento Guerra, 210, Paraíso, 61045-466 Fernandes / BA"
1502,Luísa Cavalcanti,147.369.582-19,domvargas@example.net,0800 536 8961,"Vereda Sophie da Mata, Jardim Guanabara, 13757-634 Barbosa Grande / MG"
1503,Vinicius da Rocha,340.725.691-43,taragao@example.net,(041) 0601 2812,"Trecho da Mota, 1, João Alfredo, 19120639 Ramos das Pedras / PE"
1504,Milena Vieira,953.810.672-59,renan15@example.net,0500-432-1682,"Quadra Igor Machado, 84, Horto, 27381068 Oliveira Paulista / RN"
1505,Yasmin Fernandes,864.372.901-96,lcostela@example.net,(081) 4148-7857,"Praia Maria Helena Duarte, 81, Ambrosina, 39608115 Lopes / GO"
1506,Juliana Jesus,732.418.960-13,pda-luz@example.net,+55 (021) 5917-6308,"Condomínio Porto, 65, Novo Aarão Reis, 51258-881 Nunes do Campo / SP"
1507,Oliver Pires,983.401.276-40,renan51@example.org,51 4556 5688,"Alameda Brayan Aparecida, 3, Vila Olhos D'água, 14823-392 Jesus / PR"
1508,Sra. Luna Viana,092.738.546-56,marianeaparecida@example.net,+55 (041) 8096 1680,"Recanto de Borges, Barro Preto, 61839-521 Mendes / RS"
1509,Emanuella Vieira,625.094.813-98,oliver76@example.net,(084) 1421 9516,"Estrada Theodoro Peixoto, 25, Pilar, 73839-738 da Mota / MG"
1510,Dr. Luiz Felipe da Mota,197.602.435-80,samaria-cecilia@example.com,+55 11 4728 6645,"Conjunto de Peixoto, 539, Bacurau, 36884-616 Monteiro dos Dourados / AL"
1511,Maria Julia Martins,840.521.793-23,luiz-otavio49@example.org,+55 21 7233-0980,"Condomínio de Peixoto, 87, Vila Suzana Primeira Seção, 90695387 Cavalcanti das Flores / PE"
1512,João Vitor Câmara,563.281.490-42,mendoncaemanuella@example.net,(081) 9653-1282,"Ladeira de Guerra, 332, Jaqueline, 65336588 Sousa / SP"
1513,Maria Vitória Araújo,347.102.865-07,yuri40@example.com,41 7300 1913,"Pátio Cirino, 37, Pirineus, 04840-128 Cardoso / ES"
1514,Rhavi Novaes,528.634.710-07,abrito@example.org,(084) 3328 9409,"Distrito da Luz, 47, Vila Madre Gertrudes 1ª Seção, 14670404 Vieira / PI"
1515,Sra. Ana Laura Oliveira,204.158.967-11,duarteana-livia@example.org,+55 (041) 7382 5277,"Praça Câmara, 775, Vila Antena, 36106-938 Cavalcante / ES"
1516,Liz Rios,820.497.135-41,mariah69@example.org,21 8909 8289,"Favela de Ferreira, 18, Vila Engenho Nogueira, 89020635 Moreira da Mata / TO"
1517,Sra. Zoe Carvalho,095.372.648-74,da-motavalentina@example.com,+55 71 1429 8372,"Largo de Aragão, 5, Buraco Quente, 70832065 Alves das Flores / PI"
1518,Matheus Moura,723.408.569-65,leandropimenta@example.net,(081) 4129-2942,"Lago Aragão, 472, Vitoria, 11832-917 Barbosa / SP"
1519,Maitê Viana,037.612.458-07,miguelcavalcanti@example.com,+55 (031) 1863 8800,"Distrito de Cunha, 410, Nossa Senhora Da Aparecida, 34571-295 da Cunha de Minas / SP"
1520,Enzo Gabriel Câmara,943.216.875-19,anna-lizfonseca@example.net,0800 298 3833,"Estrada de da Paz, Santa Inês, 14889-485 Moraes / AC"
1521,Calebe Porto,354.809.172-50,fnunes@example.org,0900-366-2466,"Praça Souza, 8, Cônego Pinheiro 1ª Seção, 02807-605 Gomes da Praia / AM"
1522,Ana Sophia Azevedo,491.752.830-50,da-cunhabrenda@example.org,41 0633 4824,"Lago de Marques, 95, Itaipu, 97465-568 Lopes / PA"
1523,Maria Isis Pires,095.246.178-11,maria-luizamarques@example.org,11 0103 1339,"Vila de Duarte, 6, Mirtes, 01550-191 Vasconcelos / SE"
1524,Luan da Cunha,296.417.305-25,brendada-cruz@example.org,0300-361-5919,"Lagoa de Marques, 8, Vila Nova Cachoeirinha 3ª Seção, 98866631 da Conceição de Goiás / TO"
1525,Clarice Andrade,369.207.581-21,sarah60@example.net,21 3310-3534,"Loteamento José Gomes, 1, Nova Gameleira, 95766476 Macedo dos Dourados / DF"
1526,Bianca Camargo,069.817.325-21,peixotodaniel@example.com,(084) 8694-5580,"Distrito Kamilly Cardoso, 4, São Jorge 1ª Seção, 88421-136 Andrade da Praia / PA"
1527,Arthur Gabriel Moura,634.051.928-89,garciajoao-miguel@example.org,71 1076 9910,"Loteamento de Casa Grande, 533, Conjunto Minas Caixa, 49177-487 Vasconcelos de Ribeiro / SC"
1528,Mathias Rezende,172.345.098-79,macedomaria-liz@example.com,(031) 2350 1490,"Núcleo Viana, 78, Barão Homem De Melo 2ª Seção, 67205-205 Cardoso / RR"
1529,Sr. Ryan Pereira,045.129.683-42,lucaspastor@example.com,0500 785 7561,"Largo Lopes, 84, São Francisco, 23766-808 Camargo do Amparo / MT"
1530,Isabela Gomes,194.872.063-96,andre33@example.com,(071) 4157 9408,"Lago da Cruz, 722, Conjunto Jatoba, 19687-688 Brito / PI"
1531,Brayan Casa Grande,152.068.439-89,ycamara@example.com,+55 61 6456-2054,"Praia Moreira, 62, Santa Branca, 18315-324 Azevedo das Pedras / RR"
1532,Srta. Ana Beatriz Aparecida,385.749.612-64,piresvitor-hugo@example.com,0900-851-6674,"Esplanada Ana Júlia Montenegro, 9, Alto Das Antenas, 90412-445 Vargas de Borges / RJ"
1533,Sophie da Paz,189.403.672-78,cirinojoao@example.net,+55 41 7353-5962,"Viaduto da Mota, 398, Novo Santa Cecilia, 84882468 da Luz Paulista / SE"
1534,Dr. Henry Casa Grande,243.765.918-82,hrodrigues@example.net,81 9874-6388,"Praia de da Rocha, 50, Piraja, 83566346 Vasconcelos / AC"
1535,Sara Sales,605.742.139-61,nsa@example.com,+55 (051) 4201-4746,"Chácara de da Rosa, 12, Serra Verde, 85417-674 Marques Grande / ES"
1536,Maria Flor Oliveira,964.237.805-10,stephany40@example.org,(071) 4594-8964,"Residencial de Sousa, 364, São Tomaz, 68975813 Sá / PB"
1537,Arthur Gomes,508.673.924-10,giovannalopes@example.net,0300-628-6778,"Sítio Lopes, 597, Lajedo, 18529095 Rezende / PB"
1538,Enzo Guerra,973.108.624-22,rebeca58@example.org,+55 (061) 0261 9255,"Alameda Alícia Castro, Santa Amelia, 21798051 Leão / PE"
1539,Ana Lívia Novaes,035.279.864-56,elisanunes@example.com,31 7315 6287,"Núcleo Bruna Cavalcante, 76, Vila São Rafael, 40110128 Gonçalves de Sousa / RN"
1540,Igor Nogueira,234.570.168-44,carolinadias@example.org,21 9544 0254,"Trevo Matteo Barros, 15, Alta Tensão 1ª Seção, 92310-339 Carvalho / PR"
1541,Arthur Câmara,793.450.821-23,aduarte@example.org,(011) 3882 4464,"Esplanada Calebe Cunha, 1, Betânia, 08349880 da Cruz de Pinto / RN"
1542,Sophia das Neves,064.981.325-15,epastor@example.org,21 8233 2322,"Fazenda de Novaes, 16, Coração De Jesus, 96590-018 Macedo / SE"
1543,Sophia Jesus,470.351.986-01,sduarte@example.net,+55 11 0116 5632,"Vale de Machado, 15, Conjunto Floramar, 58370-595 Silveira do Campo / AL"
1544,Srta. Emilly Costa,523.796.401-06,emanuel19@example.org,+55 (031) 3992 2049,"Favela Moura, 69, Alto Vera Cruz, 48472-564 Souza / SC"
1545,Dra. Ísis Souza,123.569.840-89,anna-lizaragao@example.net,21 2183-9472,"Quadra de da Rosa, Lagoa, 56564407 Azevedo de Cunha / GO"
1546,Maria Eduarda Fogaça,637.901.254-07,emontenegro@example.org,+55 (071) 2855-7788,"Estrada de Lopes, 92, Nova Gameleira, 25245562 Novais dos Dourados / PB"
1547,Sr. André das Neves,415.329.670-80,gabrielly90@example.com,71 5003-7551,"Viaduto Machado, 99, Conjunto Floramar, 99051644 da Paz / AP"
1548,Marcelo Silveira,391.754.806-20,rcamara@example.com,(031) 0592 7074,"Setor Lopes, Cinquentenário, 35386-656 Barbosa / SE"
1549,Rael Lopes,320.487.596-29,aliciapires@example.net,+55 (071) 9873 7612,"Lagoa Mendonça, 5, Indaiá, 94863428 Oliveira / MG"
1550,Mathias das Neves,460.825.713-71,isis70@example.com,(071) 9850 2410,"Setor Albuquerque, 49, Vila Nova, 49632513 Fernandes do Norte / ES"
1551,Raul Oliveira,439.528.107-97,aragaolucas@example.com,(081) 5954 7712,"Favela de Mendes, 662, Novo Aarão Reis, 87818-130 Viana de da Luz / ES"
1552,Maria Cecília Campos,804.632.715-80,mirella17@example.com,+55 (021) 2208-3541,"Loteamento Pires, 65, Ermelinda, 55407-698 Farias de Cunha / PB"
1553,Levi Montenegro,413.752.068-26,lcavalcanti@example.org,+55 51 9932 6480,"Recanto Mendes, Caiçara - Adelaide, 76811964 Machado / MG"
1554,Arthur Miguel Borges,568.703.124-35,ian83@example.net,+55 41 7850 3466,"Aeroporto Moreira, 73, Dom Joaquim, 21633-424 da Mota do Campo / DF"
1555,Dra. Maria Isis Alves,945.018.736-39,bnascimento@example.com,0800-301-9816,"Estação de Porto, 30, Conjunto Minas Caixa, 80746589 Sales do Norte / AP"
1556,Maria Clara Leão,627.083.915-77,xbarbosa@example.net,0900-796-0425,"Travessa de da Rocha, 63, Bonfim, 93299895 da Costa do Galho / MG"
1557,Lorenzo Carvalho,831.924.650-42,arthurrocha@example.net,(021) 2382 3928,"Rodovia Aparecida, 39, Novo Glória, 02101797 Cunha das Pedras / AM"
1558,Antônio Ramos,197.864.302-04,sarada-conceicao@example.org,(061) 7443 2651,"Trevo de Cunha, 405, Vila Pilar, 66100066 Abreu da Mata / PI"
1559,Danilo Cavalcante,375.810.469-66,joanarios@example.org,(021) 7783 9687,"Fazenda Garcia, 7, Cdi Jatoba, 42004078 Oliveira de Minas / MS"
1560,Dra. Emanuelly Montenegro,386.201.459-24,beniciooliveira@example.org,+55 11 6484-9788,"Distrito Lopes, 46, João Pinheiro, 07599241 Lopes do Campo / ES"
1561,Brayan Almeida,083.726.915-68,riosheloisa@example.net,0800-878-2638,"Vereda Oliveira, Anchieta, 86571506 Rios / MA"
1562,Caroline da Mata,461.538.792-09,silveiraaugusto@example.com,0300 684 4134,"Ladeira Augusto Peixoto, 45, Palmares, 48410-236 Cavalcanti / AC"
1563,Sr. Samuel Caldeira,382.671.450-44,cavalcantimariah@example.org,(061) 4523 5455,"Vale de da Conceição, 75, Vila Inestan, 25503685 da Paz da Mata / PE"
1564,João Miguel Pereira,504.726.839-00,marcos-viniciuscarvalho@example.net,41 3885 2830,"Feira Guerra, Alto Barroca, 86207-980 Santos de Mendonça / PB"
1565,Breno Andrade,813.624.790-04,camargomaite@example.net,+55 (021) 4681 2493,"Praça Alexandre Novais, 6, Vila Da Amizade, 39125-588 Barros / PB"
1566,Arthur Sousa,438.621.795-91,peixotomirella@example.net,+55 31 7082-3242,"Chácara Clarice Vieira, 25, Xodo-Marize, 72973421 Machado da Prata / CE"
1567,Dante Abreu,521.938.047-88,gfonseca@example.org,+55 61 2124-0829,"Área Sousa, 28, Bela Vitoria, 36283984 Cirino do Amparo / MS"
1568,Ana Carolina Fogaça,390.615.827-68,enrico16@example.net,+55 (021) 0965-1646,"Via de da Mota, 80, São Marcos, 53827-819 Andrade / PR"
1569,Srta. Olivia Barros,915.083.674-93,viniciuspeixoto@example.net,+55 71 4443-0466,"Sítio de Pires, 44, Flamengo, 93037-451 da Paz / PB"
1570,Letícia Rios,189.072.534-04,fariasana@example.org,+55 (061) 9049-4314,"Recanto de da Luz, 75, Beira Linha, 09364-829 Borges dos Dourados / PB"
1571,Sr. Luan Albuquerque,790.634.812-50,borgesliam@example.org,0500 427 4607,"Conjunto da Cunha, 99, Vila Maria, 14924898 Casa Grande de Lima / DF"
1572,Bryan Oliveira,691.084.357-66,tmoraes@example.net,41 1793-0771,"Estrada Freitas, 9, Conjunto São Francisco De Assis, 54231652 Fogaça / RO"
1573,Dante Duarte,218.679.403-96,nmachado@example.org,51 2898 3507,"Quadra Benicio Rodrigues, São João Batista, 97812796 Ramos de Goiás / BA"
1574,Luan Almeida,907.485.213-05,mathiasduarte@example.net,(041) 0502 2610,"Parque Sophie Machado, 18, Acaba Mundo, 45930-310 Marques / PR"
1575,Dr. Leonardo Costa,287.031.654-26,da-conceicaohadassa@example.com,+55 61 1258 2874,"Favela Joana Correia, Cidade Nova, 09501-490 da Mota / MA"
1576,Arthur Gabriel Macedo,403.158.962-05,sofia91@example.net,+55 41 4010-3656,"Chácara Otávio Cassiano, 28, Nova Gameleira, 14592-485 Câmara do Galho / PE"
1577,Lívia Casa Grande,390.812.746-78,heloisa79@example.org,0500 909 6747,"Campo de Casa Grande, Vila Pinho, 14202957 Sousa Verde / DF"
1578,Ester Nogueira,294.350.178-60,caldeiraryan@example.net,+55 (061) 3197-5506,"Jardim Cauê Azevedo, 99, Monsenhor Messias, 58055124 Nascimento da Prata / PB"
1579,José Nascimento,250.743.986-65,barbara34@example.com,41 4195-9136,"Rodovia de Melo, 728, Califórnia, 13281714 Pinto de Caldeira / RR"
1580,Kamilly Machado,259.687.403-29,hazevedo@example.com,+55 (041) 4908-1049,"Parque de Azevedo, 43, Mirante, 20296-700 Alves / RJ"
1581,Bruno Jesus,813.694.250-15,daniel27@example.com,41 5936 7313,"Trecho Nunes, 814, Marieta 1ª Seção, 55827935 Mendes / SE"
1582,Sra. Nina Abreu,281.479.053-60,usantos@example.com,(031) 5410 0189,"Alameda de Alves, 98, Minas Brasil, 83524-024 Nunes / SE"
1583,Eloá da Paz,574.629.810-76,pastormaria-julia@example.com,+55 81 7464-5108,"Viela de Costela, 523, Belvedere, 51404009 Melo / SP"
1584,Isabel Cunha,741.928.536-55,ppereira@example.org,+55 (071) 7596 8474,"Esplanada Maria Julia Ramos, 13, Santa Rita De Cássia, 54137098 Ribeiro de Freitas / GO"
1585,Alícia Mendes,716.320.984-31,calebe88@example.net,+55 61 9001 2231,"Conjunto Cavalcanti, 9, Alto Caiçaras, 20843230 Barbosa do Campo / AP"
1586,Letícia Brito,461.973.580-93,joana94@example.net,81 9261-4877,"Núcleo Maria Isis Montenegro, 845, São Francisco Das Chagas, 94824-289 Moraes / PE"
1587,Camila Fernandes,280.137.964-69,isabela38@example.com,+55 (084) 1650-3445,"Viaduto Nina Teixeira, 61, Álvaro Camargos, 85691-566 Cunha / RS"
1588,Ana Carolina Rodrigues,207.635.819-68,idias@example.com,0800 197 2910,"Jardim Nathan Peixoto, Boa Esperança, 88591363 Guerra do Campo / MA"
1589,Vitor Caldeira,620.548.713-62,claracasa-grande@example.com,0800-180-1311,"Esplanada Brito, 124, Virgínia, 74892-416 Porto Alegre / RR"
1590,Sr. Josué Rocha,015.289.764-01,bda-paz@example.com,+55 (084) 3104 3871,"Jardim de Sampaio, 58, Jatobá, 22770-058 Moura Verde / ES"
1591,Ana Júlia Ramos,186.503.427-44,icosta@example.org,+55 (081) 2892 4708,"Área Fonseca, 50, Vila Nova Gameleira 3ª Seção, 73814-642 Mendonça das Flores / SC"
1592,Nathan Ferreira,063.184.752-90,mendoncalevi@example.org,0500-652-1430,"Esplanada Liz Montenegro, 65, Copacabana, 48274-831 da Rosa de da Paz / AC"
1593,Pedro Miguel Almeida,310.729.846-87,icamargo@example.net,(051) 4443 4512,"Ladeira Erick Jesus, 831, Dom Silverio, 75432853 Rocha Verde / SP"
1594,Sr. Theo Freitas,968.051.342-42,caio06@example.com,(041) 8256 8448,"Praça Heloisa Leão, 275, Vila Da Amizade, 24727-046 Porto Paulista / ES"
1595,Ana Carolina Teixeira,623.947.851-28,nicole75@example.com,+55 81 9681-7744,"Alameda Daniela Garcia, 75, Conjunto São Francisco De Assis, 39655-224 Camargo de Goiás / ES"
1596,Thomas da Rocha,875.130.249-79,melovinicius@example.net,+55 11 3446 3778,"Favela de Melo, 77, Boa Vista, 33414-109 Almeida / RN"
1597,Ravy Fernandes,364.952.107-52,pedro-miguelsilva@example.com,+55 (021) 4709-4721,"Feira Abreu, 6, Nossa Senhora Aparecida, 38841326 Gonçalves / PI"
1598,Srta. Ísis da Mata,471.530.296-99,fernandesluisa@example.com,+55 (071) 0090 6107,"Esplanada Moraes, 23, Paquetá, 52267683 Ferreira de Santos / CE"
1599,Josué Campos,690.817.534-01,maysa01@example.net,+55 (084) 9718 9613,"Fazenda de Azevedo, 572, Urca, 04623-554 Vasconcelos de Teixeira / RJ"
1600,Valentim Costa,364.510.879-39,jmartins@example.net,+55 (041) 0814 6328,"Via Gomes, 93, Novo São Lucas, 97959-584 Moura do Sul / TO"
1601,Maria Júlia Lopes,758.064.932-29,novaeslorenzo@example.com,+55 (051) 3021 9415,"Feira Maria Luísa Caldeira, 44, Dom Silverio, 96071052 Guerra / AM"
1602,José Câmara,103.954.672-25,ana-julia25@example.net,21 9399-4582,"Conjunto da Cunha, 916, Santa Cruz, 87553532 Fernandes de Vargas / RN"
1603,Luiz Otávio Teixeira,407.129.386-13,waraujo@example.com,+55 31 0951-8755,"Rodovia Cirino, 46, Graça, 68172692 Azevedo do Oeste / BA"
1604,Maya Marques,460.712.935-61,uda-mata@example.net,(061) 5960 6773,"Vila Câmara, 2, Vila Madre Gertrudes 4ª Seção, 15562305 Mendes / AP"
1605,Josué Jesus,142.985.376-09,vpeixoto@example.net,(051) 3352 5141,"Sítio Albuquerque, Bonsucesso, 93582-066 Cavalcante / PE"
1606,Maria Júlia Cavalcanti,230.481.765-35,marquesleandro@example.org,31 5848-1147,"Rodovia Pereira, 40, Cachoeirinha, 77214268 Costela / GO"
1607,Maria Monteiro,638.052.147-07,andradeisaac@example.net,(084) 1448 7004,"Chácara Albuquerque, Vila Santo Antônio, 18299-398 Pires da Mata / RR"
1608,Dra. Lavínia Pimenta,457.861.932-09,cunharenan@example.org,+55 11 1555 8992,"Sítio da Rocha, 282, Aparecida 7ª Seção, 11924-494 Costa Grande / SP"
1609,Aylla da Paz,761.820.953-77,vitor15@example.org,+55 (021) 0539 2838,"Jardim Ana Liz Souza, 4, Embaúbas, 72846386 da Costa / PB"
1610,Kevin Sampaio,374.910.562-61,fonsecaisabelly@example.net,(031) 1951 5560,"Vale Cavalcanti, 4, Vila Paraíso, 39669971 Sales / SE"
1611,Maria Alice Barros,487.591.026-67,moreiramirella@example.org,+55 (041) 8382-5069,"Estrada de Costela, 48, Vila Antena Montanhês, 83047425 Sampaio de Minas / RJ"
1612,Gabrielly da Luz,495.863.210-70,enzoda-conceicao@example.com,(041) 0011 2946,"Trevo de Freitas, 5, Nova Pampulha, 99531-033 Rocha / RR"
1613,Luiz Miguel Cavalcante,750.149.362-61,luiz-felipe75@example.org,+55 71 9100-9185,"Via João Felipe Pereira, 29, Maravilha, 24487-434 Pacheco / PI"
1614,Luiza Pinto,832.671.549-28,maria-isisbrito@example.com,+55 (031) 5891-9208,"Distrito Fernandes, 58, Frei Leopoldo, 68444997 Rodrigues do Amparo / RR"
1615,Giovanna Correia,529.164.073-16,voliveira@example.com,+55 71 8797 0061,"Favela Rezende, 111, São Benedito, 94142523 da Rosa do Amparo / PB"
1616,Dr. Cauê Sales,579.846.210-20,melopedro-lucas@example.net,(031) 7103-8359,"Viela de da Mata, 3, Delta, 16581-397 Barbosa / PA"
1617,João Felipe Guerra,294.783.510-79,britogiovanna@example.net,81 7959 3724,"Vereda de Carvalho, 13, Lajedo, 48519-740 Macedo / PA"
1618,Davi Luiz Rezende,314.570.896-10,castrojoao@example.com,41 9821-4942,"Pátio Nathan Marques, 810, Trevo, 15197354 Vargas de da Conceição / RS"
1619,Breno Pacheco,970.863.245-74,pimentaarthur-gabriel@example.org,+55 (021) 4750-0221,"Trevo Joaquim da Cruz, 27, São Salvador, 16353-304 Rodrigues da Mata / PI"
1620,Guilherme Gomes,651.820.937-21,fariasgael@example.org,61 3082-5694,"Feira de Sampaio, 77, Araguaia, 93083-971 Oliveira / MA"
1621,Vinicius da Paz,719.402.685-67,joao-lucas90@example.com,(051) 8310 8518,"Núcleo de Novais, 64, Aparecida 7ª Seção, 57678-858 Sousa / RS"
1622,Leandro Sá,759.068.432-56,duarterafaela@example.org,(031) 4190-3669,"Ladeira Barros, 46, Pousada Santo Antonio, 06853849 Rodrigues da Mata / RJ"
1623,Ravi Lucca Ferreira,460.832.791-78,ocastro@example.org,(084) 2400-9775,"Pátio Souza, 76, Lagoinha, 81507-148 Cassiano / AM"
1624,Bella Guerra,035.428.976-47,gaelnovais@example.net,+55 (051) 3732-5236,"Feira Nogueira, 67, Jatobá, 84558428 Sales / SE"
1625,Carolina Montenegro,954.270.861-02,isabelleao@example.net,(081) 9845 8880,"Rodovia Matheus Silva, Sion, 41740403 Pires das Flores / SE"
1626,Maria Sophia Sampaio,905.364.218-89,pimentajoao-pedro@example.org,+55 51 6936 7570,"Lago de Viana, 18, Bela Vitoria, 79843141 Campos / RS"
1627,Evelyn Costa,438.250.691-33,sda-cruz@example.com,(011) 8543 0608,"Aeroporto Emilly da Mota, 96, Vila Piratininga Venda Nova, 89009044 Vieira / BA"
1628,Maria Liz Nogueira,427.069.138-78,riosluara@example.org,+55 (051) 8593-0993,"Esplanada de Viana, 48, Tiradentes, 71055074 Aparecida de Moura / RR"
1629,Ester Rodrigues,810.629.537-03,nina64@example.com,+55 51 8706 8170,"Morro de Gomes, 18, Barreiro, 24964-148 Ramos de Barros / AL"
1630,Dr. Otávio da Paz,573.280.619-95,zvieira@example.org,81 3469-4631,"Pátio Câmara, 35, Planalto, 36431-805 Costela das Pedras / GO"
1631,Mariah Duarte,524.186.079-76,dfarias@example.net,+55 21 5606-2659,"Distrito de Barros, 29, Cônego Pinheiro 1ª Seção, 65314451 Cirino / MA"
1632,Natália da Rosa,264.871.093-04,joao-miguelmachado@example.net,0900 993 2572,"Rua Duarte, 32, Serra, 06115735 Lopes do Oeste / GO"
1633,Cauã Novais,620.971.538-95,heitor90@example.org,+55 (081) 4569-7465,"Núcleo Ferreira, 70, Álvaro Camargos, 84065933 Castro da Serra / RO"
1634,Fernanda Fernandes,248.109.765-30,fmachado@example.net,+55 84 8161 0774,"Trecho Bruno Gonçalves, 2, Ouro Minas, 84658523 Jesus do Campo / GO"
1635,Arthur Miguel Fogaça,470.216.538-08,aalbuquerque@example.org,(031) 2709-4047,"Praça de Mendes, 5, Vila Pinho, 30013-211 Ferreira Grande / PA"
1636,Srta. Ísis Albuquerque,170.243.968-22,nleao@example.com,71 2414-2934,"Vale Abreu, Barão Homem De Melo 1ª Seção, 13583-097 Almeida / AM"
1637,Kaique Casa Grande,385.460.172-71,joaopeixoto@example.net,(011) 4144-3478,"Vereda de Freitas, 15, Manacas, 39992-242 Cardoso do Sul / PE"
1638,Isis Monteiro,851.623.790-77,hadassa44@example.org,+55 (041) 5310-0313,"Lagoa de Albuquerque, 449, Cdi Jatoba, 48265-117 Pastor / PI"
1639,Nina Vargas,069.217.438-96,silvagustavo@example.com,(081) 1229 9541,"Parque Vieira, 60, Castelo, 61743-614 Viana / RS"
1640,Vitor Gabriel da Mota,738.529.610-68,marquesjoao-lucas@example.org,+55 71 6294 0646,"Parque de Araújo, 582, Vila Nova, 46165928 Lima / AP"
1641,Henry Castro,670.931.245-34,diegoda-rocha@example.org,+55 84 9565 2480,"Ladeira Théo Costela, 28, Nova Suíça, 63202634 Casa Grande de Fogaça / RS"
1642,Laís Barros,513.908.746-48,cborges@example.com,41 7591 9726,"Núcleo de Martins, 16, Vila Vista Alegre, 50878785 Cassiano / DF"
1643,Srta. Anna Liz Martins,536.180.472-07,luara07@example.net,+55 (011) 8396-0620,"Trevo Gomes, 422, Santa Helena, 25135-320 Moraes / MT"
1644,José Pedro Sales,061.598.723-03,gustavo-henrique82@example.org,+55 (041) 1593-3512,"Ladeira Leonardo Lopes, 74, Vila Mantiqueira, 49952-061 Porto das Pedras / MG"
1645,Ravy Lopes,435.716.890-20,benjamin41@example.com,+55 (071) 4003 9832,"Trecho Sá, 9, Sport Club, 17182-493 Cardoso / RR"
1646,Dr. Daniel Sales,349.128.750-23,eda-conceicao@example.org,+55 84 5890-3413,"Passarela Asafe Aparecida, 863, Primeiro De Maio, 98335735 Lima / MG"
1647,Luiz Gustavo Montenegro,905.347.281-97,giovannaporto@example.org,41 0401 2838,"Pátio Leão, Vila Pinho, 24272876 Fernandes do Campo / ES"
1648,Arthur Gabriel Pastor,594.032.678-10,eduardocunha@example.net,0900 470 7683,"Recanto Julia Pires, 294, Conjunto Celso Machado, 57804-594 Almeida das Flores / PB"
1649,Ana Liz Silva,701.829.645-58,joao-vitorfarias@example.com,61 3595 3183,"Rua de Cirino, 71, Vista Do Sol, 34866-569 Correia / MS"
1650,Leandro Vargas,259.786.304-29,alexiacampos@example.net,+55 21 9398-7492,"Praça Cecília Lima, 4, Paquetá, 32197-538 Mendes Grande / GO"
1651,Dra. Luana Pereira,467.832.195-00,rochamirella@example.com,84 3966-9222,"Vila da Mata, Carlos Prates, 76064-532 Nascimento / MG"
1652,Davi Luiz Araújo,639.524.170-25,fernandabarbosa@example.org,21 1661-0561,"Viaduto Siqueira, 455, Vila Nova Gameleira 1ª Seção, 42567-681 Oliveira / PI"
1653,Luana Cassiano,654.397.108-84,ottocassiano@example.net,(041) 7593-9000,"Largo de Barbosa, 2, Planalto, 04217940 Jesus de Rezende / AL"
1654,Lucca da Cruz,891.672.534-82,piresstephany@example.org,+55 84 4768 8143,"Rodovia de Santos, Beira Linha, 95611-600 Viana do Galho / AP"
1655,Bernardo Mendes,985.021.736-77,ccamara@example.org,(011) 7270-1029,"Loteamento Liam Pastor, 64, Solimoes, 55683-175 da Mota Alegre / AP"
1656,Sra. Maria Vitória Duarte,942.576.803-00,maria-fernandaaraujo@example.net,+55 84 1170 5739,"Loteamento Juliana Martins, Lindéia, 86609109 Lima de Cunha / PB"
1657,Sofia Cunha,578.216.940-02,ana-beatrizbrito@example.com,+55 (084) 6679-7543,"Praia João Pedro da Mata, 93, Aparecida 7ª Seção, 75301257 Pereira da Prata / GO"
1658,Ana Lívia Borges,871.493.026-96,oliviacunha@example.org,+55 (071) 2968 0494,"Feira de Rios, Vila São Dimas, 31522276 da Conceição de Minas / PR"
1659,Ana Júlia Camargo,389.615.742-64,wcamargo@example.net,(071) 3720 1990,"Área Mendonça, 97, Tirol, 80082511 Rios das Flores / MG"
1660,Nicole da Mata,650.173.249-25,beatriz36@example.org,+55 61 3116-7501,"Largo Dias, 62, Vila Rica, 18819126 Fernandes / TO"
1661,Yuri Fernandes,708.459.623-29,thiago71@example.org,+55 (051) 0165 9193,"Praça de Pimenta, 29, Oeste, 62159-265 Fernandes da Mata / RN"
1662,Ana Liz Freitas,836.475.912-46,luiz-otaviomoraes@example.org,+55 (021) 2632 5030,"Lagoa Macedo, 28, Laranjeiras, 33051552 Monteiro do Oeste / MS"
1663,Sra. Ágatha Cardoso,029.638.417-87,carlos-eduardorocha@example.net,0300-406-2963,"Vereda de Novaes, 873, Jardim Dos Comerciarios, 79113875 Lima / RS"
1664,Anthony Macedo,810.435.726-35,camposdante@example.com,0300-399-1747,"Aeroporto de Lopes, 22, Santana Do Cafezal, 31649685 Novaes de Goiás / GO"
1665,Arthur Andrade,536.042.871-62,mendoncaheloisa@example.com,71 4842-4344,"Jardim de Pastor, 3, Serra, 35184047 Lima Paulista / AL"
1666,Giovanna Andrade,835.619.407-57,raelcunha@example.com,11 5648-3380,"Feira Maria Luiza Silva, 70, Vila Esplanada, 94099554 Cavalcante de Goiás / PA"
1667,Sra. Bella Machado,195.670.843-00,leaodavi-luiz@example.net,+55 11 2588 2464,"Ladeira da Cunha, 974, Canaa, 73140-578 Gonçalves / MT"
1668,Sra. Maria Clara Rodrigues,841.537.620-08,diogo40@example.com,+55 84 0722 3462,"Colônia Montenegro, 9, Granja De Freitas, 50494762 Monteiro de da Costa / SP"
1669,Rael Marques,528.716.493-91,cassianojoao-pedro@example.org,(041) 2201 8749,"Jardim Sá, Carlos Prates, 96366593 Sampaio da Serra / PE"
1670,Fernando da Conceição,857.346.902-10,opimenta@example.org,+55 31 4304 4691,"Aeroporto Novais, 803, Jardim Alvorada, 63721-327 Camargo da Mata / PE"
1671,Alícia Albuquerque,178.956.340-20,zoealmeida@example.org,+55 84 0032 7818,"Distrito Fonseca, 46, Alto Dos Pinheiros, 19120389 Melo / BA"
1672,Cecília Novais,235.497.086-29,mjesus@example.org,(021) 1167-6128,"Jardim Stephany Porto, 1, Luxemburgo, 43440641 Ramos da Praia / PA"
1673,Ísis da Rosa,952.743.081-04,jvargas@example.org,+55 84 4709 4189,"Parque Vitor Gabriel Ribeiro, 4, São Vicente, 41872303 Cavalcanti / RS"
1674,Fernanda Albuquerque,495.031.786-57,igorda-mota@example.com,21 1766-6053,"Travessa Valentina Garcia, 78, Cardoso, 62988-051 Lima do Amparo / RN"
1675,Dr. Davi Miguel Abreu,492.168.703-03,joao-pedro93@example.com,+55 (011) 6852 8292,"Setor de Rios, 63, Concórdia, 43862-669 Melo / MS"
1676,Maria Liz Abreu,159.370.284-14,nicoleda-rocha@example.net,81 6404-6377,"Praça Macedo, 66, Garças, 75062596 Cardoso / ES"
1677,Joaquim Sampaio,352.479.801-23,mouracamila@example.net,0300 046 0610,"Lago Benicio Ramos, 58, Carlos Prates, 20854-986 Rocha de Ribeiro / AC"
1678,Eduardo Vieira,892.645.710-94,bianca33@example.org,+55 (061) 5522-6763,"Núcleo Bárbara da Rocha, 4, Madri, 12872-067 Rocha de Goiás / RJ"
1679,Nathan Lopes,038.716.594-01,cassianocaue@example.org,81 1714 4892,"Vale Ísis Jesus, 30, Indaiá, 20262-478 da Rosa / RR"
1680,Sra. Marcela da Luz,274.965.301-07,gda-mota@example.net,+55 61 5968-1980,"Trecho Cauã Melo, 1, Parque São José, 31893-036 Machado / RR"
1681,Luiz Henrique da Costa,142.085.973-05,davi-lucca04@example.com,0900-952-8552,"Trecho Cirino, 14, Vila Ipiranga, 89379921 Cirino Paulista / SE"
1682,Benicio Cassiano,128.537.064-35,bcampos@example.com,(084) 0496 5177,"Residencial de Fogaça, Bacurau, 00155-117 Costa do Oeste / GO"
1683,Guilherme Pinto,247.958.361-91,souzathiago@example.org,(084) 7785-3677,"Rua Laura Novais, 168, Barão Homem De Melo 1ª Seção, 38388-001 Machado / PI"
1684,Helena Mendonça,675.410.239-06,ian41@example.net,(041) 1998-2256,"Ladeira de Fernandes, 955, Vila Califórnia, 52449-867 Monteiro do Campo / PI"
1685,Ana Clara Pereira,840.239.175-32,mendoncazoe@example.net,+55 (011) 0935 3994,"Sítio Mendonça, 303, Braúnas, 33619417 Cavalcante de Santos / SP"
1686,Rebeca Borges,304.675.981-93,raraujo@example.com,0500 462 5647,"Campo Bruno Aragão, 4, Vila Petropolis, 56830528 Freitas / SP"
1687,Vitor Correia,806.395.172-77,luiz-gustavo44@example.com,0300-708-1293,"Largo Manuella Castro, 913, Vitoria, 04689-869 Brito / SE"
1688,João Guilherme Ramos,962.438.175-55,silveiramiguel@example.org,+55 71 9028-5850,"Estação de Teixeira, Serrano, 34519-845 Rodrigues / AP"
1689,Lívia Pacheco,806.295.743-83,hellena98@example.net,61 4119-3308,"Núcleo Arthur Moura, 5, Distrito Industrial Do Jatoba, 14144730 Castro / PI"
1690,Sra. Jade Pastor,504.368.129-24,diegoaraujo@example.com,+55 84 2344-1384,"Trecho Nogueira, 87, Capitão Eduardo, 37925-936 Moraes de Gomes / MT"
1691,José Miguel Freitas,648.721.053-62,fernando04@example.org,(071) 3615 6555,"Viela Siqueira, Santa Monica, 57572-548 Porto das Pedras / MA"
1692,Lunna Viana,201.897.643-50,lizda-mota@example.org,+55 (021) 6134 6164,"Morro Arthur Miguel Sampaio, 79, Céu Azul, 75725143 Dias / SP"
1693,Maria Fernanda Machado,587.943.620-92,maria-luisa53@example.com,84 5209 1275,"Residencial de Rios, 41, Nova Pampulha, 75266-323 Gomes / AL"
1694,Noah da Luz,912.743.065-07,estherbrito@example.com,(031) 8845 4778,"Sítio Otávio da Rosa, 167, São Jorge 1ª Seção, 35204-368 Sampaio / SC"
1695,Dr. Davi Monteiro,601.592.487-01,icavalcanti@example.org,41 0990 0940,"Viaduto Theodoro Costela, Vila Ipiranga, 41054-808 Sousa / ES"
1696,João Felipe Barros,024.318.796-31,novaesravi@example.org,+55 51 6388 4487,"Morro de Silva, 82, Vila Aeroporto, 00806-777 Ramos do Amparo / SP"
1697,Sara Cunha,978.231.504-41,cpeixoto@example.com,(041) 8373 4324,"Morro João Pedro Pimenta, 346, Jaraguá, 95339159 Cirino do Oeste / MS"
1698,Davi Miguel Moreira,857.203.419-60,melinasiqueira@example.com,0900 275 0753,"Viaduto Almeida, 782, Camargos, 46792-766 Carvalho / MG"
1699,Maria Fernanda Campos,479.803.251-41,ribeiroluigi@example.org,(021) 4153 6483,"Colônia de Pastor, 193, Flavio De Oliveira, 97609-879 Costa das Flores / ES"
1700,Bernardo Moraes,341.059.728-04,guerraisis@example.org,(011) 9234 7707,"Fazenda de Teixeira, 55, Cinquentenário, 91305-059 Pereira / CE"
1701,Vitor Sampaio,184.365.097-57,pietro24@example.org,0500 562 9602,"Chácara Cunha, 72, Ápia, 41059221 Cavalcanti / RJ"
1702,Asafe da Cruz,542.183.607-07,bruno16@example.org,41 8083 0756,"Parque Marcelo Andrade, 147, Túnel De Ibirité, 06190958 Andrade de Vieira / DF"
1703,Sra. Pietra Farias,809.751.426-58,ana-cecilia41@example.net,+55 71 3286 7410,"Conjunto Ayla Macedo, 51, Jardim Guanabara, 35618-781 Lopes de Souza / MT"
1704,Caio Abreu,872.143.096-96,heloisagomes@example.net,0300 872 2819,"Chácara da Luz, 28, Conjunto Bonsucesso, 12794-454 Freitas / GO"
1705,Srta. Nicole Aragão,976.328.510-03,marcelo07@example.com,+55 71 0532 0768,"Esplanada José Lima, 199, Jardim Dos Comerciarios, 38540523 Campos / MT"
1706,João Felipe da Costa,018.253.946-60,anna-liz56@example.com,(071) 1668-2641,"Fazenda Sabrina Almeida, 2, Grotinha, 76031-453 Teixeira do Amparo / MS"
1707,Apollo Fernandes,916.453.028-06,gabriel74@example.org,(051) 0772-8884,"Via Isabela Moura, 5, Santa Cruz, 11364-459 Freitas do Norte / AM"
1708,Yasmin Montenegro,652.487.901-58,vieiraluiz-henrique@example.com,(051) 9525-8942,"Sítio Sara Montenegro, 436, Vista Alegre, 26291031 Costela de Pacheco / SP"
1709,Benjamim Ribeiro,186.407.925-85,jpastor@example.org,+55 (071) 7288-2149,"Rua de Caldeira, Mirtes, 21320-054 Borges dos Dourados / SE"
1710,Kamilly Fogaça,102.548.763-07,ryanfarias@example.com,+55 (021) 4173-9967,"Quadra Ana Júlia Pinto, 80, Glória, 57495-007 Vasconcelos / BA"
1711,Yan Vasconcelos,980.134.527-60,luana83@example.net,+55 31 6688 0468,"Chácara de Ramos, 6, Jaqueline, 78037113 Farias / SC"
1712,Gael Henrique Santos,684.530.729-65,manuelamendonca@example.net,+55 (084) 0182 4085,"Quadra da Rocha, Renascença, 49271-336 Santos de Goiás / MA"
1713,Théo Castro,593.460.718-93,da-pazmariana@example.net,(031) 8834 0175,"Ladeira de Garcia, Casa Branca, 71836884 Pastor / RR"
1714,Marcos Vinicius Ribeiro,173.209.658-95,ada-costa@example.net,+55 (071) 3733-8822,"Lagoa Freitas, Camponesa 2ª Seção, 04737-638 Santos / RS"
1715,Juliana Silveira,516.480.273-26,brenda87@example.com,+55 (011) 6268 1556,"Estação Casa Grande, 3, Centro, 65958879 da Paz / PE"
1716,Anthony Jesus,457.036.912-06,theo85@example.com,0900-091-4528,"Avenida de Mendonça, 87, Floresta, 20813-754 Albuquerque de Aparecida / MT"
1717,Maria Clara Azevedo,017.832.649-69,raquel12@example.com,+55 61 0529 9376,"Ladeira de Moreira, 9, Santa Cruz, 26517-165 Gonçalves da Mata / ES"
1718,Mariane Guerra,290.438.765-00,imonteiro@example.net,61 7415 0335,"Quadra Lima, 9, Buritis, 20101719 Rezende / GO"
1719,Arthur Gabriel Duarte,367.420.518-17,gcavalcante@example.org,84 5779-6869,"Lagoa Pires, 6, Boa Vista, 66763-605 Gomes da Praia / MG"
1720,Igor Sá,249.186.705-20,gael-henrique24@example.net,+55 (061) 5099 9159,"Quadra Rios, 88, Pirineus, 18010-495 Vasconcelos / CE"
1721,Melissa Garcia,706.392.814-78,lizda-paz@example.net,(061) 3440 5876,"Vale Albuquerque, 588, São Gonçalo, 85785219 Porto / BA"
1722,Nicole Rezende,258.037.619-40,xmoraes@example.net,51 7608 4474,"Passarela Theodoro Freitas, 441, Vila Cemig, 90467-955 Azevedo / RR"
1723,Joaquim Andrade,586.790.312-59,balmeida@example.com,81 6687 2105,"Via Cavalcante, 1, Buraco Quente, 22988-035 Martins / PE"
1724,Vinícius Farias,847.912.653-19,marquesbryan@example.org,+55 (071) 5110 1153,"Favela Nogueira, 924, Minas Caixa, 05599-128 Peixoto / PB"
1725,Paulo Cardoso,543.180.972-50,luanaduarte@example.com,41 4532-1375,"Lago de Porto, 11, Aarão Reis, 29042516 Nascimento da Serra / AM"
1726,Ana Laura da Cunha,435.108.792-79,evelynsampaio@example.org,(071) 2143 1740,"Feira Davi Luiz Barbosa, 61, Vila Jardim Montanhes, 20338129 Cavalcanti / RO"
1727,Srta. Emilly Leão,245.089.317-23,gael-henriquecastro@example.com,0900 423 7290,"Chácara da Rosa, 73, Ventosa, 93018967 Rios / PA"
1728,Miguel Pinto,849.052.167-02,beniciocorreia@example.net,(021) 5305-4254,"Rodovia Vitor Gabriel Lopes, 92, Vila Madre Gertrudes 1ª Seção, 28383-465 Novais Verde / BA"
1729,Fernando Borges,528.946.317-82,pietrobarbosa@example.com,(081) 5349 2600,"Distrito Andrade, 47, Andiroba, 91806262 Machado / DF"
1730,José Miguel Barbosa,180.469.237-96,dcastro@example.org,+55 81 2537 1154,"Largo Esther Freitas, 58, Paquetá, 17537-825 Vargas / MA"
1731,Ana Cavalcante,043.685.219-51,juliana04@example.net,+55 (041) 7773-3590,"Vale Pinto, 87, Manacas, 64876-717 Alves / MG"
1732,Dra. Nicole Correia,309.624.785-47,joao-felipe63@example.com,+55 (021) 4402-8375,"Avenida Cauã Jesus, 105, Grotinha, 18913601 Novais do Norte / RS"
1733,Isaque Campos,473.501.689-93,barbosanina@example.org,+55 71 9886 9784,"Viela de Almeida, 8, Mineirão, 41646-486 Gonçalves / TO"
1734,Anthony Gabriel Cirino,608.795.342-65,leandrosa@example.org,0900-112-2646,"Colônia Rezende, 22, Vila São João Batista, 90057148 Pimenta / SC"
1735,Maria Julia Mendonça,240.351.978-23,casa-grandemaria-helena@example.org,0900 936 3087,"Ladeira da Conceição, 72, Vila Nova Gameleira 2ª Seção, 76105267 Porto / AL"
1736,Heloisa Santos,976.023.814-40,natalia19@example.com,+55 21 7176 8820,"Condomínio Rebeca Ribeiro, Luxemburgo, 52631-458 Lima do Campo / RN"
1737,Renan Gomes,960.524.781-01,isis11@example.org,51 9558 1321,"Núcleo Silva, 899, Etelvina Carneiro, 25321-968 Casa Grande / RN"
1738,Maria Sophia Ferreira,086.793.245-74,leandro59@example.net,21 0881 2988,"Trevo de Nascimento, 777, Chácara Leonina, 58537382 Almeida / RR"
1739,Sra. Sophie Sales,645.371.980-01,antony31@example.net,+55 (071) 4565-0305,"Residencial Yago Fogaça, Indaiá, 19205-562 Borges da Mata / ES"
1740,Manuela Ferreira,793.641.205-07,ccamargo@example.net,+55 11 7698 0785,"Passarela Renan Pires, 97, Lagoinha, 07857-210 Abreu / MS"
1741,Aurora Moreira,376.425.901-99,ana-vitoriateixeira@example.org,+55 31 0786-9176,"Recanto Miguel Martins, 451, Coqueiros, 64645-279 Vargas / PI"
1742,Ravy Dias,079.623.581-30,ferreiramaria-cecilia@example.net,0900-737-8814,"Colônia de Lopes, Vila São Dimas, 82622-353 Gomes / BA"
1743,Maria Isis Vasconcelos,971.504.268-67,pastorsabrina@example.org,+55 (084) 3337-4161,"Largo de Borges, 99, Marilandia, 82437-259 Silva / AL"
1744,Luiz Felipe Correia,369.248.057-10,fribeiro@example.com,(031) 8159-0325,"Setor João Vitor Pereira, 21, Vila Coqueiral, 31748-895 Guerra / SC"
1745,Ian Fonseca,146.305.829-24,bella04@example.com,81 2226-5984,"Conjunto Andrade, 434, Salgado Filho, 38225-016 Rodrigues do Sul / MG"
1746,Dra. Antonella Nunes,384.012.796-31,domaparecida@example.org,0500-549-3794,"Vereda de Pereira, 67, Vila Madre Gertrudes 3ª Seção, 21227-582 Caldeira / TO"
1747,Ana Carolina da Rocha,825.176.943-46,garciadavi-miguel@example.com,+55 (011) 0131 4756,"Residencial Isabelly Correia, 19, Jardim Leblon, 47984-396 Moura do Sul / PR"
1748,Theodoro Monteiro,219.768.354-37,bruno36@example.net,31 1475 0678,"Favela de Pacheco, 27, Vila Coqueiral, 66581-231 Rocha / PB"
1749,Vicente Abreu,349.170.658-01,barbosanicole@example.net,+55 (021) 4344-0875,"Lago Lucas Gabriel Vieira, 44, Andiroba, 30326533 Cavalcanti do Campo / BA"
1750,Mariana Mendes,871.046.953-20,anna-liz80@example.org,61 8406 9431,"Viaduto Novais, São Jorge 2ª Seção, 00329-276 Siqueira / AP"
1751,Sr. Henry Gabriel Silveira,943.612.580-15,sara32@example.org,31 5705-0427,"Vereda de Nunes, 78, Luxemburgo, 69462-234 Cavalcanti / SP"
1752,Dra. Ayla da Conceição,129.874.653-19,da-costarenan@example.org,41 7719 9161,"Ladeira Daniel Andrade, 75, Providencia, 83367805 Rios / SE"
1753,Paulo Aparecida,650.438.197-66,luiz-otavio71@example.com,+55 21 2232-3709,"Largo Rios, 85, Vila São Paulo, 65082-596 Guerra do Norte / MT"
1754,João Lucas Aragão,657.839.241-64,esiqueira@example.com,+55 81 4042 9371,"Feira de Brito, 46, Vila Inestan, 99481257 Castro / AL"
1755,José Nogueira,678.514.029-30,daniel05@example.net,(011) 4237-0383,"Fazenda de Carvalho, 192, Marieta 3ª Seção, 37050759 Sales / RS"
1756,Marina Freitas,861.492.753-37,thiago19@example.com,+55 21 6501-2124,"Área Agatha Martins, 73, Nossa Senhora De Fátima, 91794505 Ferreira do Oeste / AL"
1757,Srta. Clarice Fogaça,734.689.251-82,benicio85@example.net,71 6980-2939,"Travessa Pastor, 33, Xodo-Marize, 50441-543 Albuquerque de Ribeiro / MA"
1758,Aylla Gonçalves,743.952.806-92,alexandre43@example.org,(061) 9752-9497,"Ladeira Lívia Freitas, 51, Capitão Eduardo, 70082-915 Castro / RN"
1759,Luiz Felipe Carvalho,378.250.194-23,ibarbosa@example.net,(041) 9058 8196,"Lago de Novaes, 64, Xangri-Lá, 77778-452 Gonçalves do Oeste / TO"
1760,Heitor Azevedo,964.273.580-65,davi-luiz39@example.org,(031) 6177-9663,"Travessa Antony Pinto, 26, Vila Dos Anjos, 95262469 Teixeira de Sousa / TO"
1761,Heloisa Borges,593.860.421-42,pedro-miguel56@example.org,+55 (061) 7748-4116,"Condomínio Castro, 75, Universo, 33720463 Freitas das Flores / AL"
1762,Ana Carolina Costa,026.731.954-16,ada-conceicao@example.net,+55 51 6062 7700,"Praia Elisa Fonseca, 350, Vitoria Da Conquista, 25896409 Cunha das Flores / RR"
1763,Brayan Vieira,187.206.459-02,tfernandes@example.com,+55 (084) 7152-9469,"Núcleo Heitor Correia, 91, Nova America, 09626-437 Vasconcelos / RJ"
1764,Bento Lopes,726.450.819-67,gvieira@example.com,+55 31 7908 6002,"Residencial Souza, Vila Ouro Minas, 58488437 Barros / AL"
1765,Maria Julia Ferreira,549.610.287-11,ramosmelina@example.net,+55 (081) 1739 1227,"Trevo Vasconcelos, 2, Alto Caiçaras, 42792-994 Casa Grande / RO"
1766,Lorenzo Câmara,156.829.374-73,ana-cecilia78@example.org,31 5235 9364,"Vereda Rafaela Gonçalves, 36, Vila Esplanada, 64332865 Fernandes do Sul / SE"
1767,Maria Vitória Casa Grande,431.680.257-71,imelo@example.net,+55 81 2447 2355,"Largo Ayla Costela, 16, Vila Madre Gertrudes 4ª Seção, 17265751 Peixoto das Flores / MT"
1768,Arthur Miguel Câmara,462.071.385-62,machadoluiz-felipe@example.org,+55 21 8296 6184,"Conjunto Azevedo, 22, Delta, 04333065 Sales / RN"
1769,Gustavo Henrique Pires,815.970.326-03,ninapinto@example.com,+55 41 5299-2574,"Jardim de Carvalho, 469, Vila Do Pombal, 56033802 Nunes do Sul / RS"
1770,Dra. Julia Macedo,083.694.125-05,salmeida@example.org,0800-060-4710,"Feira de Pinto, 8, Barão Homem De Melo 3ª Seção, 52382935 das Neves de Minas / MS"
1771,Ester Lima,087.592.634-74,renan58@example.com,(061) 7584 6742,"Jardim de Moraes, 59, Santo André, 52972-494 da Mota do Galho / RS"
1772,Raquel Lima,139.547.862-73,isaacviana@example.org,+55 (084) 4732-7449,"Pátio de Araújo, 1, Padre Eustáquio, 28937107 Silveira / RR"
1773,Maria Flor Souza,596.140.872-85,taparecida@example.com,0500-664-1282,"Condomínio de Pastor, 49, Vila Engenho Nogueira, 33085759 Silva Grande / PB"
1774,Carlos Eduardo Barros,175.046.293-16,zda-costa@example.com,11 0138 7129,"Favela Caroline Caldeira, 52, Itaipu, 61802732 Cirino / PE"
1775,Melissa Cirino,512.893.760-77,isampaio@example.org,61 5792-9671,"Colônia de Lopes, 999, Piratininga, 64478-847 Sampaio Verde / CE"
1776,Felipe Farias,472.905.136-06,nathansantos@example.net,+55 81 5307 9100,"Viela Nogueira, 9, Buraco Quente, 81682939 Alves / SC"
1777,Larissa Alves,295.360.847-83,enzo59@example.com,+55 11 0690 7827,"Núcleo Henry Gabriel Carvalho, 88, Vista Do Sol, 08734188 Pastor de Almeida / RO"
1778,Dr. João Guilherme Aparecida,235.014.876-90,joana40@example.org,+55 41 5610-5501,"Rodovia de Andrade, 42, Coqueiros, 09724-146 Fonseca das Flores / ES"
1779,Vinícius Gomes,127.063.895-59,yasmin97@example.com,+55 41 6016-0759,"Residencial Zoe Rios, 84, Lagoa, 80154-635 Sousa de Alves / ES"
1780,Stella Câmara,208.593.764-00,zdas-neves@example.org,+55 81 4075-7550,"Vereda de Câmara, 82, Vila Nova Paraíso, 03092-456 Andrade de Minas / PB"
1781,Murilo Barbosa,935.761.208-40,levi98@example.net,+55 21 5276 9459,"Quadra Nunes, 85, Andiroba, 53961169 Casa Grande / DF"
1782,Srta. Manuella Macedo,973.501.486-66,da-luzisabela@example.com,(021) 1962 8697,"Parque Stephany Peixoto, 10, Dom Silverio, 20730268 Pires / RJ"
1783,Maria Cecília Macedo,713.589.062-03,jesusrafaela@example.net,0300 554 7481,"Chácara de Fonseca, 74, Granja Werneck, 28270-075 Martins / BA"
1784,Bento Sousa,173.025.964-25,vasconceloshadassa@example.net,(071) 8713 4381,"Fazenda Santos, 96, Morro Dos Macacos, 48988-446 Monteiro / CE"
1785,Srta. Mirella Cavalcante,374.960.852-00,raquelda-costa@example.org,(051) 1653-4191,"Viela Araújo, 29, Vila Santo Antônio, 12588160 Azevedo da Praia / RS"
1786,Olivia Cardoso,735.681.209-68,luiz-miguel05@example.com,+55 61 7871-6124,"Jardim de Moura, 63, Flamengo, 41471093 Silveira / PR"
1787,Antony Camargo,927.836.054-65,mouramaria-flor@example.org,(051) 4549 7397,"Estrada Camargo, 931, Alto Das Antenas, 47109437 Camargo do Amparo / CE"
1788,Matheus Duarte,149.358.760-93,gael20@example.net,+55 (081) 2205 0459,"Vila Vieira, 63, Grota, 30988546 Dias / SC"
1789,Srta. Heloisa Aragão,037.926.814-04,ana-juliaviana@example.com,+55 (084) 5856 9384,"Núcleo Araújo, 975, Vila Formosa, 80863-219 da Mota de da Luz / PR"
1790,Dra. Olivia Novais,391.526.708-21,otto09@example.net,+55 61 5528-4623,"Trecho de Pereira, Nova Cintra, 79676434 Viana / PE"
1791,Helena Macedo,931.762.854-00,vargasrael@example.com,+55 (011) 4032 0790,"Condomínio Marcos Vinicius Cavalcante, 2, Vila Independencia 1ª Seção, 24339-365 Leão / AM"
1792,Lavínia Guerra,153.924.786-46,ksales@example.net,0900-053-1490,"Parque Davi Sales, 93, Caiçara - Adelaide, 99679224 Viana de Andrade / AP"
1793,Luna Barros,493.781.265-37,manuela30@example.com,+55 (061) 2020 1535,"Trecho de Jesus, 64, Prado, 52866-117 Rocha da Mata / PB"
1794,Carlos Eduardo Cunha,643.720.915-16,guilherme03@example.net,+55 (071) 4651 1212,"Colônia Vinicius Cavalcante, 72, São Paulo, 53891-314 Jesus de Melo / GO"
1795,Heloísa Novais,691.082.543-89,nataliacamara@example.com,0500 948 1280,"Vereda de Porto, Custodinha, 75662153 da Mata do Sul / TO"
1796,José Cirino,976.024.513-25,igorabreu@example.com,(041) 2619 8468,"Vereda Ramos, 9, Jardim Leblon, 66542-005 Souza de Andrade / MS"
1797,Gabriela Souza,196.845.273-73,luiz-henriquesilveira@example.com,+55 (081) 7555 2778,"Campo Leão, 57, Vila Trinta E Um De Março, 21706-614 Ramos / MA"
1798,Olivia Santos,083.642.197-31,araujoalexia@example.com,+55 84 7979 3378,"Lago de Moura, 4, Vila Cloris, 25634820 Ferreira / PE"
1799,Helena Rezende,805.264.913-70,brunocostela@example.net,+55 (011) 4736-2863,"Vila de da Mota, 17, Lagoinha Leblon, 43397923 das Neves / PE"
1800,Maria Sophia Moreira,769.140.352-61,rochalucca@example.org,+55 84 0340 1355,"Largo de Cirino, 724, Pantanal, 56846-348 da Luz / AM"
1801,Luísa Pinto,352.691.478-82,ana-livia04@example.net,81 6154 3969,"Setor Silveira, 27, Vila Madre Gertrudes 1ª Seção, 76935-964 Cavalcanti / ES"
1802,Valentina Fonseca,472.189.356-64,da-conceicaomaria-flor@example.org,(021) 8204-0867,"Morro Zoe Silveira, 73, Vila Da Ária, 46909038 Moraes de Farias / PB"
1803,Alícia Machado,576.892.401-94,leonardopeixoto@example.org,(071) 4211 8298,"Núcleo Clarice Jesus, 86, Vila São Gabriel, 08872-789 Mendonça / PB"
1804,Lucas Gabriel Pires,297.853.140-14,davi-luiz70@example.com,0500-345-3120,"Aeroporto de Silveira, 510, Ouro Preto, 26845926 Garcia / AL"
1805,Amanda Vieira,580.241.963-60,olopes@example.org,+55 (081) 0457 8962,"Trecho de Viana, São Jorge 3ª Seção, 35950960 Peixoto de Minas / RS"
1806,Srta. Isadora Monteiro,314.579.680-10,wcardoso@example.com,0900-103-0210,"Passarela de Carvalho, Parque São José, 04763622 Garcia / MA"
1807,Antony Souza,703.264.158-07,nicolas00@example.net,+55 (061) 1040 1215,"Trevo Brenda Caldeira, Corumbiara, 82801-397 Sales de Pastor / PR"
1808,Maysa da Mota,741.362.059-61,qfernandes@example.net,+55 31 2656-1879,"Aeroporto Lucca Moraes, 57, Vila Copasa, 97616-748 da Cunha / ES"
1809,Júlia Borges,057.842.361-80,isis65@example.org,0900-711-2158,"Largo Leão, 87, Nova Cachoeirinha, 65981-345 Abreu da Praia / MA"
1810,Zoe Caldeira,962.584.307-83,da-cruzjoao-guilherme@example.com,(031) 8792-9178,"Feira Cecilia Lima, 25, Vila Califórnia, 99549-465 Souza de Vargas / TO"
1811,Sra. Maria Eduarda Oliveira,962.180.354-33,moraesfernanda@example.net,+55 51 6340 7295,"Vale Cavalcanti, 53, Jardim Guanabara, 54202-577 Lima das Pedras / AC"
1812,Sabrina da Cruz,197.648.352-28,das-nevesdavi-lucas@example.org,+55 (011) 0633 7160,"Ladeira Silveira, 85, Vila Engenho Nogueira, 14767031 Fogaça dos Dourados / MT"
1813,Gael Silva,304.182.976-22,kgomes@example.net,+55 (084) 5318-5091,"Praia de Castro, 78, Vila Olhos D'água, 25987-085 Cassiano / RO"
1814,Clarice Porto,137.624.590-61,maya20@example.net,51 1539 1260,"Parque de Novaes, 1, Vila Ouro Minas, 39641-663 Oliveira do Galho / RS"
1815,Luana Vieira,859.136.247-00,andradeandre@example.net,61 0719-0863,"Pátio de Borges, 80, Parque São José, 97707780 Cardoso / PI"
1816,Anthony Gabriel Freitas,298.641.370-69,znovaes@example.net,31 5427-6540,"Fazenda de Brito, 7, Santo Antônio, 87859697 Leão / SE"
1817,Cecília Mendonça,756.803.429-10,anthony42@example.net,+55 11 9184 3898,"Pátio Gabrielly da Rosa, 6, Flamengo, 93897420 Mendes do Norte / MS"
1818,Ayla Carvalho,524.630.179-61,valentina09@example.net,+55 (031) 7806 6792,"Vale Bruno Silva, 11, Alto Caiçaras, 08143297 Vieira / AC"
1819,Otávio Gomes,216.754.893-19,hguerra@example.net,31 8679 3073,"Rodovia de Camargo, 95, Ambrosina, 79569276 da Luz do Oeste / RO"
1820,Vitória Cirino,178.254.036-90,vsa@example.net,51 7822 1935,"Travessa Yan Rezende, Mariquinhas, 27510283 Sampaio de Pires / TO"
1821,Maria Fernanda Vasconcelos,690.751.842-20,kmendonca@example.com,+55 (061) 3238 4565,"Viela de Camargo, Serra Do Curral, 06330-279 da Conceição / PB"
1822,Valentina Farias,257.148.306-44,marcos-vinicius35@example.com,+55 61 2987-8191,"Loteamento Moura, 8, Mangabeiras, 70106281 Sousa / PE"
1823,Maria Laura Oliveira,046.357.189-48,vargaslais@example.com,(061) 0497 0655,"Loteamento de Costela, 45, Inconfidência, 03005-661 Melo de Rios / AP"
1824,Luiz Felipe Vasconcelos,540.813.762-71,santoselisa@example.com,+55 (031) 5865-5656,"Praia Nicolas Marques, 504, Ademar Maldonado, 34712113 Cardoso do Sul / PI"
1825,Theodoro Novais,834.652.719-55,ceciliacavalcanti@example.net,+55 41 7801-4357,"Quadra de Lima, 316, Conjunto Califórnia Ii, 98354-478 Sousa / SP"
1826,Anthony Nunes,830.296.541-33,ocavalcanti@example.com,+55 21 6884-3311,"Estrada de Macedo, 1, Casa Branca, 07472-152 Mendonça / SP"
1827,Davi Fogaça,981.360.254-60,ocosta@example.net,+55 31 6936 1896,"Rodovia Luiz Fernando Silva, 103, Andiroba, 45634184 Correia de Martins / MT"
1828,Augusto Oliveira,691.853.207-30,mendoncalucca@example.org,31 4794-2116,"Largo Souza, 22, Casa Branca, 93843814 Gonçalves / AM"
1829,Beatriz Monteiro,403.129.658-42,martinsbento@example.org,+55 61 9559 2780,"Rodovia Cirino, 883, Monte Azul, 03320877 Dias do Sul / PA"
1830,Nathan Mendes,079.341.568-39,wteixeira@example.net,+55 (041) 5440-2211,"Lagoa Hellena Garcia, 98, Santa Maria, 32982-356 Abreu de Ramos / CE"
1831,Clara Lopes,472.306.891-04,lunaduarte@example.net,(071) 1319 9734,"Alameda Valentim Fonseca, 72, Beira Linha, 78176-843 Machado / SC"
1832,Bella da Luz,682.574.310-44,juanpastor@example.org,+55 (021) 9337-0621,"Rua de da Cunha, 157, Barroca, 64989-174 Camargo Verde / RS"
1833,Sra. Isis Jesus,560.347.289-83,auroraandrade@example.org,(061) 0269 1621,"Travessa Caldeira, Conjunto Santa Maria, 82418-001 Lopes da Praia / RJ"
1834,Marina Marques,654.329.807-38,santosana-clara@example.com,+55 11 4299-8868,"Alameda de Novaes, 132, Chácara Leonina, 13814904 Viana / RR"
1835,Mathias Rocha,869.705.234-38,fernando61@example.net,+55 41 0285-7044,"Parque de Sales, São Lucas, 89609-853 Souza das Pedras / DF"
1836,Liz Cunha,173.482.906-04,lopesmaria-liz@example.com,(031) 7847-9091,"Colônia Ester Andrade, 49, Vila Cloris, 90949-414 Lopes / PA"
1837,Sr. Anthony Gabriel Silveira,492.350.671-70,mariahguerra@example.org,+55 (011) 3512 9016,"Vale Bento Pires, 16, União, 75759-458 da Costa / BA"
1838,Luigi Sampaio,192.047.635-07,nda-cunha@example.org,0300 640 2255,"Estrada Pereira, 12, Cachoeirinha, 78763579 Nogueira Grande / AL"
1839,Renan Peixoto,615.280.749-20,tnunes@example.com,+55 (041) 6681 8582,"Núcleo da Rocha, 926, Parque São Pedro, 72896-339 Garcia do Norte / PA"
1840,Sr. Matheus Martins,190.786.354-01,caroline83@example.com,+55 (021) 6111 2779,"Largo Aparecida, 95, Caetano Furquim, 17787345 Fogaça Verde / RJ"
1841,Dra. Carolina Pereira,874.596.023-29,davi-lucas67@example.net,+55 11 0709-6820,"Estação Sá, 84, São Gonçalo, 31428-671 da Costa de Minas / SP"
1842,Miguel Araújo,950.814.362-24,qalbuquerque@example.com,81 8682-7685,"Recanto Kamilly Montenegro, 28, Alto Barroca, 96392-108 Montenegro de Gonçalves / MS"
1843,Sofia Fogaça,592.108.463-89,ravi-lucca96@example.com,81 1827-5218,"Travessa Siqueira, 3, Vitoria Da Conquista, 94796158 Sá / RR"
1844,Gabriel Rocha,674.235.801-71,cardosobarbara@example.com,+55 (031) 2296 2532,"Área Nunes, 582, Custodinha, 34748153 Moura / GO"
1845,Noah Gonçalves,920.685.437-29,yasminsiqueira@example.com,71 0001 9874,"Travessa Costa, 32, São Pedro, 68603-828 Aragão de Ribeiro / SC"
1846,Davi Lucca Peixoto,014.537.286-35,sda-paz@example.com,+55 31 0696-8621,"Trecho de da Cruz, 2, São Salvador, 42067374 Macedo de Santos / MA"
1847,Dr. Ravy Nascimento,427.105.693-61,zpastor@example.net,11 5090 2380,"Área Aragão, Vila Jardim Alvorada, 31901852 Caldeira / PB"
1848,Josué Fonseca,045.962.831-33,aurora12@example.org,+55 (011) 4848-2546,"Quadra Gael Henrique Camargo, 8, Glória, 54850691 Sales / SP"
1849,Dr. Cauê Costela,608.173.294-04,ceciliamonteiro@example.net,(041) 1506-8947,"Distrito Mendes, 45, Jardim Alvorada, 46278-123 Cavalcante / TO"
1850,Kamilly Cavalcanti,564.802.379-00,srodrigues@example.com,71 3816-0388,"Conjunto Henry da Luz, 928, Granja De Freitas, 79322-439 Pinto Paulista / PR"
1851,Fernanda Albuquerque,048.567.192-11,trocha@example.org,(061) 3853 9049,"Travessa de Rios, 59, Monte São José, 05106743 Rios / MS"
1852,Sophie Moura,492.863.075-00,enricoda-cruz@example.org,41 4842-6045,"Campo Thomas Viana, 28, Ouro Preto, 16937133 Silva do Oeste / CE"
1853,José Fogaça,501.978.246-76,guilherme36@example.org,+55 41 1078 5202,"Área Nunes, 36, Morro Dos Macacos, 57441663 das Neves da Serra / SP"
1854,Mariana Brito,278.159.603-59,maria-flor92@example.org,(051) 3863-8945,"Praia da Cruz, 802, Conjunto Santa Maria, 95131-594 Sampaio do Campo / BA"
1855,Isabela Cunha,067.458.129-67,ana-beatriz40@example.com,31 1619 6502,"Chácara de Mendes, São Cristóvão, 34552378 Mendonça / PB"
1856,Sra. Aurora Duarte,605.192.874-01,fonsecasarah@example.net,0900-131-6801,"Núcleo Montenegro, 9, Boa União 2ª Seção, 69861-611 Aragão / GO"
1857,Dante Peixoto,250.438.791-14,cauaguerra@example.com,11 0106-8516,"Viaduto Pimenta, 4, Vila Esplanada, 75969-983 Cavalcante do Amparo / ES"
1858,Samuel da Paz,302.714.568-17,kalmeida@example.org,+55 71 4705 4205,"Avenida Levi Cassiano, 79, Guaratã, 66002-757 Rocha / SC"
1859,Mateus Machado,604.392.785-38,wsilveira@example.net,+55 51 8372 8516,"Praça Heloísa da Cunha, 68, Minas Caixa, 39574-688 Garcia / AM"
1860,Dr. Pedro Lucas Mendes,497.365.821-91,oliviarocha@example.com,84 4317-5618,"Via Luiza Leão, Vila Petropolis, 43406-529 Cardoso de Minas / RJ"
1861,Ana Laura Abreu,857.926.140-67,vitorsa@example.com,(084) 4119 0070,"Viela Bruno Silva, 656, Vila Maloca, 43061591 da Mota de Macedo / AL"
1862,Sr. Carlos Eduardo Campos,518.906.432-89,lucas19@example.org,+55 (011) 1451 6393,"Esplanada Ana Julia Sales, 293, Cachoeirinha, 82768611 Oliveira / MA"
1863,Dr. Benicio Melo,319.487.025-41,fda-conceicao@example.org,+55 61 4415 3880,"Colônia de Cavalcanti, 16, Vila Nova Gameleira 3ª Seção, 41130-238 Carvalho Verde / SC"
1864,Srta. Olívia Castro,248.017.536-71,machadoana-beatriz@example.net,+55 71 9954 0181,"Condomínio Ferreira, 11, Olaria, 77814-792 da Costa de Minas / CE"
1865,Luna Farias,701.936.284-22,da-costamarina@example.org,0500 504 4717,"Conjunto Castro, 204, Paquetá, 29143944 Viana Alegre / PA"
1866,Isabella Campos,496.138.527-19,correianatalia@example.com,84 4742-8308,"Alameda de Andrade, 52, Vila Mantiqueira, 66016-044 Vasconcelos / PB"
1867,Davi da Cruz,631.807.954-84,pirespedro-lucas@example.com,+55 61 8669-0680,"Distrito Joaquim Jesus, 280, Padre Eustáquio, 36849-592 Machado / PR"
1868,Carlos Eduardo da Rocha,049.856.231-05,estersilva@example.net,+55 51 6656 8439,"Ladeira Luana Teixeira, 13, Vila Satélite, 22702-883 da Mota / MS"
1869,Luara Costela,718.594.026-58,usantos@example.com,(031) 3491-0311,"Sítio de Barros, 10, Boa Vista, 98898157 Câmara de Goiás / GO"
1870,Kevin Pastor,927.543.810-23,cavalcantejosue@example.net,+55 (031) 9408-5198,"Morro de Rodrigues, 737, Jardim Do Vale, 96653232 Cavalcanti Verde / SC"
1871,Ravi Santos,059.426.831-15,otto72@example.com,11 2309-4242,"Aeroporto Porto, 18, Santa Cecilia, 64088963 da Cunha / GO"
1872,Sr. Théo Fonseca,325.487.910-41,andrepereira@example.org,+55 81 7261-9510,"Passarela Aragão, 62, Sagrada Família, 13999-041 Araújo da Praia / MA"
1873,Enzo Gabriel Sá,098.641.753-00,iazevedo@example.com,61 6575-7082,"Vila de Costela, 22, Vila Mangueiras, 87017-461 Pastor Verde / RJ"
1874,Vitória Almeida,386.207.549-47,julia93@example.net,71 8053-7939,"Ladeira de Nogueira, Vila Madre Gertrudes 2ª Seção, 70957824 Vieira da Mata / MG"
1875,Maria Eduarda Lima,729.514.806-01,rbrito@example.com,(031) 1286-4154,"Vila de Macedo, 9, Taquaril, 29044-958 da Rocha de Ramos / RS"
1876,Sr. Bruno Sá,513.072.489-50,juliamoura@example.com,81 6510-2940,"Jardim de Guerra, 87, Flavio De Oliveira, 87987388 Oliveira de Goiás / RO"
1877,Maria Luísa Cunha,462.781.530-17,cirinodiego@example.net,(041) 4712-7910,"Área Maria Liz Moura, 53, Taquaril, 33309-993 Barros Verde / AL"
1878,Bryan Rios,359.178.462-19,rodrigoda-rocha@example.net,+55 21 2520 0869,"Residencial de Campos, 7, Urca, 55728-025 Abreu do Oeste / AL"
1879,Srta. Ana Luiza Aragão,096.172.548-67,melissa62@example.net,+55 (031) 2530-6741,"Estrada Azevedo, 2, Pousada Santo Antonio, 04678-235 Azevedo Alegre / AP"
1880,Melina Nascimento,725.413.908-23,rodriguessara@example.net,+55 61 7869-3909,"Rua de Pacheco, 34, União, 67622-558 Rodrigues de Alves / PE"
1881,Cecília Gonçalves,801.625.493-42,ida-conceicao@example.net,+55 61 7172-0672,"Setor Lopes, 29, Vila Coqueiral, 96552351 Gomes de Nunes / PI"
1882,Vitor Hugo Moura,168.479.302-50,carolinerocha@example.com,+55 31 1400 1849,"Viela Gomes, Mirtes, 68538272 Carvalho de Peixoto / TO"
1883,Luiz Henrique Ramos,179.352.640-07,yasmin89@example.net,81 6058-1674,"Aeroporto Rafaela Camargo, 37, Jardinópolis, 40118074 Siqueira de Minas / RR"
1884,Lucas Gabriel Moura,085.239.416-06,joao-vitorgoncalves@example.org,+55 (051) 8483 0586,"Sítio Ryan Azevedo, 81, Concórdia, 56445251 Rodrigues / GO"
1885,Ana Lívia Guerra,275.041.968-94,luanasilva@example.net,(021) 0417 2652,"Trevo das Neves, 12, Renascença, 29552595 Nascimento de Correia / AL"
1886,Alice Teixeira,716.039.458-57,luiz-gustavoandrade@example.com,0300-379-3582,"Avenida Emanuelly Barbosa, Jardim Leblon, 82865936 Aragão de Ferreira / GO"
1887,Renan Gonçalves,530.648.192-24,da-matahellena@example.com,0300-476-5104,"Setor Campos, Leticia, 70217401 da Mota / MA"
1888,Murilo Pimenta,379.506.124-52,maria-eduardamoura@example.org,(071) 4682 9530,"Travessa de Fogaça, 13, Vila Da Luz, 77601512 da Luz da Prata / MG"
1889,Gustavo Henrique Pimenta,290.736.814-13,ppereira@example.org,+55 (061) 8359 1949,"Condomínio Vargas, 9, Jonas Veiga, 96484654 Moreira da Serra / PR"
1890,Olivia Vargas,806.392.417-78,bfernandes@example.net,(061) 1886 4940,"Ladeira Isabella Silveira, 9, Venda Nova, 42916-848 Leão Verde / CE"
1891,Dante da Rosa,395.827.146-46,gabriellyazevedo@example.org,(084) 1134 6482,"Vereda Câmara, 7, Bela Vitoria, 12369-540 Brito / RO"
1892,Luiz Fernando Cardoso,321.709.468-96,ycosta@example.com,(081) 3890 1675,"Estrada Vasconcelos, 52, Chácara Leonina, 12288-829 Castro Verde / MS"
1893,Matheus Moraes,164.390.275-06,erocha@example.net,+55 84 1762-0201,"Recanto Mendonça, Garças, 68578411 da Conceição / SC"
1894,Asafe Castro,963.841.702-13,costelajoao-miguel@example.org,51 5914 3039,"Via Camargo, 27, Cachoeirinha, 87758719 Moura / MA"
1895,Dr. Vitor Hugo Teixeira,319.826.754-46,bsiqueira@example.net,(081) 5145 0250,"Quadra Guerra, 6, Vila Jardim São José, 12631884 Vieira / MS"
1896,Sra. Nicole Rodrigues,603.582.974-00,vcirino@example.org,(051) 3239 7357,"Alameda de Siqueira, 522, Vila Santo Antônio, 37388-882 Aparecida / BA"
1897,Murilo Viana,073.896.451-48,pimentavalentim@example.org,81 2178-9198,"Parque Brito, Monte Azul, 64674557 Costa / PA"
1898,Sra. Pietra Moreira,198.326.057-68,cazevedo@example.com,0300-501-4911,"Ladeira de Viana, 48, Boa União 2ª Seção, 83595-430 Brito / RR"
1899,Dra. Eloá da Mata,410.287.935-88,rochaemanuella@example.com,(011) 9442-5819,"Trecho de Camargo, 9, Baleia, 91262-987 Cardoso / PB"
1900,Dra. Amanda Pires,128.690.437-40,da-costabruno@example.org,+55 41 7437 8810,"Loteamento de Silva, 5, Santa Cruz, 98050065 Garcia do Oeste / DF"
1901,Maria Helena Rodrigues,593.170.264-43,isaquecorreia@example.com,+55 71 7182-9040,"Vale de da Mota, 3, Vila Suzana Primeira Seção, 58480951 Silva / SP"
1902,Maria Clara Nogueira,032.918.576-40,qfernandes@example.com,(081) 6662 4816,"Pátio Lopes, Santa Rosa, 32973-573 da Cruz / RO"
1903,Maria Cecília Castro,873.190.624-96,fduarte@example.org,61 0601 3901,"Rodovia de Azevedo, São José, 21524066 Viana / ES"
1904,Isis Santos,695.218.734-00,mnunes@example.org,11 2183-8485,"Morro Ferreira, 49, Vila Piratininga, 78469193 Mendonça das Pedras / SE"
1905,Pietra Fogaça,348.962.015-15,evelynsantos@example.com,+55 61 0942 1208,"Recanto de Alves, 45, Vila Pilar, 05158-091 Fogaça / GO"
1906,Carolina Jesus,283.961.504-51,fernando12@example.org,21 3939 7856,"Pátio de Aparecida, 3, São João Batista, 45769-978 da Rocha / AC"
1907,Bianca Cavalcanti,387.094.561-39,cirinolucas-gabriel@example.com,11 9168 4835,"Largo Dias, 28, Esplanada, 02070721 Mendes / DF"
1908,Luiz Felipe Campos,013.758.629-95,antonycasa-grande@example.net,61 0756-3255,"Jardim Gustavo Novais, 2, Brasil Industrial, 28615578 da Luz / TO"
1909,Srta. Rebeca Montenegro,830.251.764-07,oliveirasofia@example.net,(031) 0961-0943,"Recanto Santos, 28, Santa Amelia, 48113745 Ramos / PI"
1910,Sr. Enrico Aparecida,981.673.024-31,heitor09@example.org,31 1841 4291,"Área Pires, 514, Pantanal, 52585268 Novaes / RS"
1911,Lara Leão,504.891.326-42,erios@example.org,21 6466-2462,"Lago Emanuel da Mata, 64, Boa Esperança, 00415323 Ribeiro Paulista / MA"
1912,Esther Nascimento,902.346.718-31,opimenta@example.org,21 8036 7801,"Aeroporto de Vasconcelos, 67, Vila Antena, 13127714 Castro / AC"
1913,Zoe Barbosa,437.809.526-29,matteo46@example.com,+55 61 0169-2130,"Praça Alexia Silveira, 281, Santa Rita, 55035-288 Câmara / PE"
1914,Benjamin Araújo,621.534.087-17,jpereira@example.com,(081) 8593-0450,"Estrada Vitor Monteiro, 93, Paulo Vi, 67939-629 Duarte de Casa Grande / RJ"
1915,Matheus Viana,649.805.327-56,qjesus@example.net,+55 (051) 9632-4760,"Loteamento Correia, 71, Universitário, 27315512 da Cruz / ES"
1916,Benício Sá,875.263.019-68,mirella90@example.net,0800 700 6078,"Loteamento Isaac Santos, 12, Santa Margarida, 41095-055 Costela Alegre / PE"
1917,Daniela da Cunha,049.673.218-87,fsilva@example.net,+55 (071) 6476-8142,"Colônia Oliveira, 94, Vila Independencia 3ª Seção, 61683-891 Sá do Amparo / RN"
1918,Marcelo Silveira,817.629.504-30,joao-vitorcamargo@example.org,(041) 0362 4211,"Lagoa Teixeira, 60, Inconfidência, 08174-157 Vargas / PE"
1919,Sra. Yasmin Guerra,825.743.160-53,marcos-vinicius21@example.net,0900-547-0014,"Chácara Castro, Marieta 2ª Seção, 28363-231 da Conceição / AP"
1920,Maria Fernanda Aragão,806.273.154-53,kjesus@example.com,+55 71 5174-5938,"Sítio Ramos, 46, Juliana, 41116-370 Barros do Galho / RS"
1921,Fernanda da Luz,127.435.890-60,ccunha@example.org,+55 (071) 8870 7083,"Loteamento de Souza, 24, Bacurau, 15013167 Brito de Caldeira / AM"
1922,Luan Oliveira,506.928.741-94,nascimentoana-livia@example.org,+55 (051) 4376 9406,"Residencial Joana Silveira, 73, Vila Real 2ª Seção, 99735-614 Rios / PR"
1923,Srta. Natália Almeida,413.762.059-80,maria-luiza97@example.net,61 6929-2011,"Distrito de Caldeira, 8, Piraja, 91713-739 Cardoso Alegre / CE"
1924,Guilherme Monteiro,082.956.143-98,maria-luizasantos@example.org,51 8938 1854,"Estrada Vitória Freitas, 25, Barreiro, 84530332 Pastor Verde / AM"
1925,Dr. Leonardo Peixoto,458.173.962-46,xramos@example.org,+55 (081) 3459-2890,"Passarela de Ferreira, 89, Corumbiara, 32201-517 Sá / PI"
1926,Dra. Carolina da Cruz,149.586.732-37,goncalvesdiogo@example.org,+55 (041) 2161 3470,"Quadra Valentina Silva, 44, Vila Independencia 2ª Seção, 63002018 Camargo / DF"
1927,Srta. Eloah Sousa,491.826.357-73,zoelopes@example.net,31 1989 6964,"Praia Ryan Mendonça, 93, Vila Tirol, 94015405 Câmara da Praia / RS"
1928,Srta. Maya Fernandes,305.249.618-24,kfarias@example.org,+55 21 0970-5926,"Área Monteiro, 848, Lagoinha Leblon, 00432-954 Campos Alegre / PR"
1929,Maria Cecília Pacheco,704.218.396-78,zsousa@example.org,61 7403 6362,"Ladeira da Rosa, 140, Vila Puc, 98050-130 Leão / RJ"
1930,João Miguel Teixeira,290.534.718-04,anna-liz03@example.com,+55 (021) 2536 9743,"Campo de Dias, 7, São Geraldo, 25012850 Nunes / GO"
1931,Luana Melo,614.359.827-46,valentimmoreira@example.org,+55 (081) 2042 1396,"Estrada Cunha, 2, São João Batista, 71322-124 Sales do Galho / AC"
1932,Sr. Marcelo Sales,087.645.291-85,jviana@example.com,+55 (071) 7757-0283,"Largo Casa Grande, Jardim Felicidade, 27499578 Almeida do Sul / AC"
1933,Maria Clara Rodrigues,743.905.182-32,ana-livia37@example.net,+55 (071) 3563 1635,"Vila Nogueira, Vila Madre Gertrudes 3ª Seção, 72378608 Moreira Grande / SP"
1934,Dr. João Gabriel Barros,973.214.068-22,siqueiramanuella@example.com,+55 11 3468-0331,"Vereda de Novais, 735, São Jorge 3ª Seção, 06211-777 da Costa de Rodrigues / DF"
1935,Sra. Kamilly Sales,214.378.906-87,luaraoliveira@example.net,+55 61 5297 6740,"Largo Levi Rezende, 449, Jardim Vitoria, 78086389 Brito de Vasconcelos / BA"
1936,Ana Beatriz Fonseca,814.306.972-96,gustavo48@example.net,51 9648 8744,"Aeroporto Pacheco, 77, Santa Branca, 47248369 Cavalcante / RR"
1937,Gabrielly Sá,086.159.247-67,camposvalentim@example.com,0500 746 1316,"Favela Paulo Porto, 72, Dom Cabral, 23081-047 Viana / CE"
1938,Sra. Brenda Dias,016.547.832-26,calebebarbosa@example.net,+55 11 6781 8311,"Avenida de Barros, 36, Serrano, 23845123 Duarte / TO"
1939,Milena Vieira,504.973.216-61,andradepaulo@example.org,+55 81 6120-8645,"Setor de Teixeira, 53, São João Batista, 56085-297 Moreira / RJ"
1940,Alícia Leão,409.257.863-65,gnovaes@example.net,+55 (021) 9929 8527,"Área de Camargo, 841, São Marcos, 54281-637 Nogueira da Serra / MA"
1941,Kaique Moreira,946.308.725-74,qcavalcanti@example.com,61 8965 2696,"Favela Caio Porto, 51, Vila Pinho, 65533142 Novaes / RN"
1942,Vitória Garcia,172.958.640-67,ida-rosa@example.com,11 0093 2533,"Estrada de Aparecida, 99, Vila Independencia 3ª Seção, 14935-786 Caldeira / GO"
1943,Dra. Maria Flor Gomes,809.243.761-04,bernardo50@example.org,+55 84 2991 6103,"Passarela Lucas Cunha, Ambrosina, 48495553 Fernandes dos Dourados / RS"
1944,Kevin Vasconcelos,398.261.057-59,pauloda-mata@example.org,84 1176 4591,"Esplanada de Cunha, 7, Esperança, 55605-747 Rodrigues / RN"
1945,Danilo Moura,425.801.679-94,fernandafernandes@example.com,81 0247 9433,"Fazenda da Mata, 6, Goiania, 72582-171 Brito de da Paz / SP"
1946,Eloá Campos,916.375.024-43,prodrigues@example.net,+55 41 9766 8244,"Vila de Almeida, 1, Tupi A, 06210-176 Albuquerque / SP"
1947,Dr. Thales Silveira,023.198.475-88,lopesmirella@example.org,0500 421 3573,"Parque da Mota, 4, Estoril, 06510689 Porto Grande / RR"
1948,Isaque Pacheco,610.589.423-60,moreirarhavi@example.com,(021) 4704-0326,"Colônia de Almeida, 632, João Paulo Ii, 90181891 da Luz do Amparo / RS"
1949,Cecília Pacheco,270.649.835-83,orodrigues@example.org,+55 11 6286-3064,"Rua da Paz, 19, Jaraguá, 30125-109 da Paz da Mata / MG"
1950,Pietra Mendes,690.415.872-76,nsilva@example.org,(021) 0960-7869,"Aeroporto Evelyn Abreu, Mala E Cuia, 73207498 Freitas do Amparo / RJ"
1951,Maysa Sampaio,140.397.826-31,luizada-conceicao@example.com,(011) 9517 0114,"Campo de da Rosa, 38, Pindura Saia, 69598-667 Sampaio de Castro / PB"
1952,Davi Lucas Barbosa,678.425.130-07,arthurpinto@example.net,0500-406-8241,"Condomínio Gabriela Freitas, 47, Santa Maria, 49186-496 Rocha / PI"
1953,Dra. Zoe Peixoto,714.520.683-80,costarebeca@example.com,51 3762 0159,"Trevo Davi Lucca Sales, Santa Maria, 66817-942 Pimenta / GO"
1954,Cecília Novais,791.024.365-07,benjamim90@example.org,(011) 5004 1404,"Ladeira de Castro, 22, Pindorama, 34183074 Fogaça / TO"
1955,Ana Liz Mendonça,463.521.987-91,maria-helenafonseca@example.com,+55 (031) 0519 9429,"Praça João Guilherme Costa, Ventosa, 29937408 Castro das Flores / RS"
1956,Elisa Brito,870.619.352-86,lunnasilveira@example.org,(041) 2110 0016,"Rua Ana Luiza Castro, 15, Jardim América, 61945-102 Andrade / RR"
1957,Juan Caldeira,659.187.203-59,heloisasilveira@example.net,+55 (011) 9611 2844,"Fazenda da Cunha, 308, Alípio De Melo, 12350-627 Castro de Rezende / MA"
1958,Ana Sophia Machado,518.249.703-23,eazevedo@example.org,+55 (051) 0381-7054,"Quadra Caldeira, 64, Califórnia, 78641473 Aparecida de Borges / MG"
1959,Ana Julia Guerra,859.430.712-88,cmoura@example.net,+55 21 4565-6026,"Viaduto Martins, 896, Suzana, 00074579 Câmara / DF"
1960,Leandro Cavalcanti,402.791.356-61,nina47@example.com,+55 (051) 8042 3538,"Largo Rezende, 5, Vila Cloris, 00606-153 Vargas / PE"
1961,Maya Barros,162.704.938-03,enzo-gabrielaraujo@example.net,51 3265 1321,"Quadra de Fonseca, 218, Jatobá, 05191-482 Campos / MT"
1962,Eloah Ribeiro,736.142.850-90,eviana@example.net,+55 (084) 6994 2550,"Vereda de Rezende, 274, Vila Independencia 1ª Seção, 09164-592 Pastor / AC"
1963,Milena Gomes,270.416.895-49,ribeiroana-carolina@example.org,+55 41 6695 1666,"Avenida João Lucas Cavalcante, Jardim Leblon, 38143889 da Rosa do Galho / PR"
1964,João Pedro Sousa,925.146.038-89,novaislucas-gabriel@example.com,0800-214-5750,"Praia Hellena Caldeira, 90, Vila Santa Rosa, 45437-312 Pires de Aragão / SE"
1965,Heloisa Fernandes,270.165.948-58,asilva@example.org,61 0088 1555,"Área João Lucas da Cunha, Nova Floresta, 48756258 Moreira do Oeste / AL"
1966,Alícia Ferreira,672.149.385-37,jduarte@example.org,+55 41 4909-5365,"Condomínio de Melo, Vila Paraíso, 33179-030 da Rocha de Goiás / AC"
1967,Alexia Cardoso,967.123.085-77,costadante@example.com,+55 (021) 7644-7012,"Aeroporto Bento Monteiro, 5, Álvaro Camargos, 80805700 Farias / RN"
1968,Maria Julia Rezende,215.793.480-41,alexia28@example.com,+55 31 2711-3147,"Conjunto de Cavalcanti, 82, São Damião, 24839196 Vargas / MS"
1969,Sr. Danilo Viana,184.350.967-93,tgomes@example.com,+55 (071) 8627-3231,"Trecho Isadora Fogaça, 38, Pantanal, 69275318 Correia / GO"
1970,Sara Cassiano,046.531.289-60,mfonseca@example.org,(031) 4841-0238,"Rodovia Fonseca, 68, Mangabeiras, 39768732 Monteiro / AC"
1971,Sr. José Miguel Guerra,863.701.952-86,zcampos@example.net,(051) 6693-5091,"Praia Miguel Dias, 75, Vila Piratininga Venda Nova, 80330841 Aragão do Campo / RS"
1972,Stephany Duarte,947.560.328-00,tpires@example.net,+55 41 5923 0556,"Pátio Lorenzo Marques, 58, Comiteco, 65448-573 Borges / AP"
1973,Vinícius Casa Grande,920.754.861-58,lopestheodoro@example.org,(051) 3100 1717,"Estrada de Sales, 235, Anchieta, 95813209 Brito / DF"
1974,Mateus Leão,146.830.279-50,luiz-otavio76@example.com,51 7611 6087,"Vereda Enrico da Luz, 21, João Paulo Ii, 60455-091 Nogueira Paulista / BA"
1975,João Gabriel Fogaça,546.370.921-16,pedro-henriquenascimento@example.com,(031) 0083-6484,"Jardim Castro, 446, Novo Santa Cecilia, 08636-848 Sampaio da Serra / MG"
1976,Helena da Rocha,984.036.127-96,camargoluiz-henrique@example.net,+55 81 8697-2881,"Trevo Garcia, 57, Alto Caiçaras, 15787032 Abreu de Minas / CE"
1977,Sra. Sophia Freitas,985.604.732-38,raraujo@example.org,+55 (081) 9439-2730,"Sítio Novaes, 45, Belvedere, 68679-229 Câmara do Norte / PB"
1978,Dr. Alexandre Rocha,129.065.843-98,ana-julia09@example.com,11 5015-2697,"Jardim Yan Freitas, 60, Aparecida, 41330-876 Garcia / SP"
1979,Agatha Siqueira,862.135.904-98,raragao@example.com,21 8390 4097,"Setor Maysa Camargo, 26, Indaiá, 40265205 Andrade / PI"
1980,Hellena Jesus,745.382.016-26,portootto@example.net,+55 21 4194 0866,"Sítio de Câmara, 10, Savassi, 60177234 da Cruz de Machado / RR"
1981,Luísa Melo,096.187.253-59,clarice73@example.org,21 7945 7704,"Praça Eloah da Cruz, União, 93051-348 Fonseca Paulista / PB"
1982,Heloisa Rodrigues,348.590.271-32,jgomes@example.net,(084) 7228 8838,"Vila Campos, 9, Vila Boa Vista, 55075146 Oliveira / RR"
1983,Ana Clara Pinto,018.693.245-60,caldeiramilena@example.com,81 9558 3005,"Ladeira de Macedo, 79, Liberdade, 67925-708 Fernandes / MS"
1984,Gabrielly Viana,948.725.613-09,nfarias@example.com,0500 967 8594,"Estrada Bryan Ferreira, Virgínia, 39965208 Guerra de Brito / ES"
1985,Nathan Nunes,635.417.820-80,srezende@example.net,+55 71 8617 7076,"Jardim de Novais, 15, Virgínia, 27360-215 Rios dos Dourados / RR"
1986,Camila Sá,715.692.840-67,davi-lucas72@example.org,+55 84 0638 2310,"Via de da Conceição, 84, Minaslandia, 22840-599 Araújo da Praia / MT"
1987,João Gabriel Lopes,289.150.764-94,alicia49@example.net,+55 51 1185 9692,"Recanto de Rezende, 485, Vila Santo Antônio, 13420197 Oliveira / GO"
1988,Sophia Oliveira,710.658.432-08,pgomes@example.net,+55 (041) 3241 1563,"Trevo de Vargas, 180, Vila Vista Alegre, 53087-930 Monteiro / PI"
1989,Ravy Ferreira,978.456.120-49,pedro-miguelgomes@example.com,(071) 4670 5588,"Rua Castro, Aeroporto, 21162-038 Barros / CE"
1990,Ian Moreira,089.346.725-10,fcampos@example.org,41 4539 3992,"Jardim de Pinto, 870, Embaúbas, 91711439 Novaes / RN"
1991,Dra. Vitória Garcia,698.230.745-00,lorenzogomes@example.com,61 0428-9177,"Setor de Aparecida, 53, Tirol, 98014203 Silveira do Sul / PA"
1992,Isabella Guerra,270.938.415-97,novaesluiz-henrique@example.com,+55 84 3706 3434,"Estrada Rios, 14, Boa União 2ª Seção, 45076-516 Freitas / SC"
1993,Dra. Alexia Nascimento,109.264.853-42,salesisaac@example.org,(011) 5687 9859,"Área Allana Pinto, 9, Vila Aeroporto, 18018054 Ramos / SC"
1994,Lavínia Machado,573.960.481-84,gabrielmartins@example.com,+55 51 2495 2652,"Chácara de Duarte, 6, Nova Pampulha, 85602-547 Cassiano / AL"
1995,Maitê Leão,603.481.279-87,ecampos@example.org,(021) 9499 6475,"Campo Garcia, 14, União, 32840-077 Mendonça das Pedras / PA"
1996,Apollo Barros,619.538.247-73,hellena42@example.net,31 4486-6090,"Travessa Rezende, Esplanada, 30658-019 Novaes de Vieira / SC"
1997,Thomas Cavalcante,190.358.476-01,riosmariana@example.net,(081) 8353-0431,"Lagoa de Monteiro, 839, Vila Suzana Segunda Seção, 15652-493 Leão / RJ"
1998,Sr. João Gabriel Martins,605.413.829-42,fonsecaluiz-miguel@example.org,+55 (081) 2400-1932,"Aeroporto Novais, 985, Vila Madre Gertrudes 4ª Seção, 77021512 Sousa / RO"
1999,Sra. Evelyn Lima,081.276.345-90,luarafarias@example.com,+55 (041) 1794 3913,"Vale Benjamin Duarte, 598, Taquaril, 23862-246 Peixoto / PR"
2000,Alana Freitas,746.308.159-10,abreuisabela@example.com,(031) 8830-9946,"Viela Gabrielly Farias, 686, Mariano De Abreu, 41854641 Porto / PB"
2001,Matteo Caldeira,136.248.597-73,gabriellypeixoto@example.net,84 3982-1100,"Praça de Albuquerque, 51, Vila Jardim Leblon, 08950352 Nunes / RR"
2002,Vitor Hugo Oliveira,687.105.329-86,eduardasa@example.org,61 0489 3703,"Núcleo Ribeiro, 488, Jardim Vitoria, 70742732 da Costa de Minas / SP"
2003,Isadora Carvalho,875.103.429-88,antony83@example.net,+55 (011) 5893-1744,"Favela Montenegro, 18, Vila Canto Do Sabiá, 25265039 da Mata de Barros / PA"
2004,Isaque Leão,754.182.693-64,imoraes@example.org,(021) 9401-8083,"Viaduto Cassiano, 91, Gameleira, 88825515 Almeida / RR"
2005,Luara Rocha,249.670.135-70,aparecidajoaquim@example.net,(041) 9550 3745,"Distrito de Ribeiro, 79, Suzana, 57440-195 Ramos de Jesus / ES"
2006,Kamilly Araújo,241.068.957-49,felipemachado@example.net,31 5743-4668,"Vila de Vasconcelos, 67, Vila Boa Vista, 64255-962 Borges Grande / PA"
2007,Dr. João Miguel Borges,285.397.041-88,maria-cecilia98@example.net,+55 41 1519 2440,"Chácara Raul Costa, Vila Atila De Paiva, 68070211 Leão Paulista / PE"
2008,Dr. Gabriel da Luz,058.719.463-48,gabriel26@example.org,+55 84 0893-2068,"Via Marcos Vinicius da Mata, Vila Petropolis, 98463-489 Oliveira de Monteiro / ES"
2009,Manuela Sá,852.901.743-97,brayan07@example.net,(031) 4995-2188,"Loteamento Bella da Cruz, 78, Venda Nova, 07212-943 Macedo / SE"
2010,Srta. Isadora Sampaio,185.096.742-30,ucardoso@example.net,+55 (021) 9286-7871,"Viaduto da Rosa, 53, Novo Das Industrias, 21152-322 Borges da Prata / PB"
2011,Vinícius Andrade,042.897.156-30,benjamin81@example.com,+55 21 8080-5754,"Largo da Luz, 6, Conjunto Providencia, 85617122 Mendonça do Amparo / BA"
2012,Olívia Pinto,891.732.654-46,eduarda32@example.net,+55 (081) 4232-2484,"Setor Almeida, 41, Conjunto Lagoa, 48885272 Vieira / AP"
2013,Sr. Bento Gonçalves,376.429.158-37,fmacedo@example.org,(081) 2074 1152,"Sítio Letícia Farias, 16, Novo Aarão Reis, 31318872 Azevedo da Mata / MT"
2014,Otto Novais,751.042.869-67,guilhermepeixoto@example.org,0500-279-5152,"Lago Gonçalves, 518, Dona Clara, 25128867 Costela dos Dourados / PA"
2015,Heloísa Novaes,645.239.078-38,davi-luizpinto@example.com,+55 31 1385 1728,"Rodovia Ágatha Rodrigues, 37, Granja De Freitas, 24426-391 Pacheco / RJ"
2016,Aylla Camargo,683.401.597-39,benicio94@example.net,(071) 4461 4217,"Condomínio de Mendes, 5, Europa, 96658-421 Fernandes da Serra / PB"
2017,Stephany Almeida,960.721.543-52,barbosavicente@example.net,+55 (051) 0435 9044,"Residencial de Monteiro, 97, Corumbiara, 72343943 Carvalho do Oeste / AP"
2018,Rebeca Machado,089.675.243-74,cavalcantiaurora@example.com,0500-189-8092,"Passarela Pereira, 1, Belvedere, 45890760 Alves / SC"
2019,Oliver Gonçalves,508.243.617-17,garciabenicio@example.org,(084) 0494-7833,"Vereda Henrique Cavalcante, 856, Jardinópolis, 15041776 Ferreira Paulista / MT"
2020,Luiz Otávio da Luz,256.309.187-02,da-pazfernanda@example.org,+55 71 4517-5403,"Chácara Enzo Pires, 8, Vila Antena Montanhês, 37040377 Cunha de Sampaio / GO"
2021,Bernardo Lopes,945.710.362-99,breno93@example.org,(021) 3698-6041,"Fazenda Nicole Siqueira, 1, Nossa Senhora Do Rosário, 23856833 Pires / AC"
2022,Maria Júlia Santos,137.528.049-04,leticiarezende@example.net,31 6363-3753,"Esplanada Teixeira, 58, Maria Tereza, 75834-761 da Costa do Sul / PE"
2023,Dr. Yago Barbosa,085.712.946-58,ada-costa@example.org,+55 21 5346-0138,"Chácara Júlia Câmara, 95, Madri, 59143-683 Dias das Flores / SE"
2024,Anthony Farias,764.291.085-11,jose-miguel71@example.org,+55 (071) 0128-8756,"Trevo Rafaela Lopes, 71, São Luiz, 25420-872 Nunes / TO"
2025,Heloisa Rodrigues,175.349.028-60,britobenicio@example.com,+55 (081) 3996-2358,"Vale Caldeira, 292, Vila Real 2ª Seção, 76447-840 da Cruz do Galho / RR"
2026,Camila Rios,069.725.831-95,isis35@example.org,(061) 7637 7350,"Estação Casa Grande, 924, Vila Petropolis, 55856-889 Vieira de Pimenta / BA"
2027,Ana Laura Rios,268.410.379-87,almeidagabrielly@example.net,(081) 4495-5605,"Setor de Marques, 554, Vila São Dimas, 99433523 Costela / PI"
2028,Sra. Mariah Moura,876.045.392-38,montenegronatalia@example.com,+55 21 9366-5319,"Jardim João Felipe Cavalcanti, 32, Ermelinda, 42327284 Monteiro / RJ"
2029,Giovanna Macedo,907.152.346-25,yan02@example.net,(021) 6873-3346,"Esplanada Cassiano, 849, Vitoria Da Conquista, 60735-737 Pinto de da Paz / GO"
2030,Dra. Maria Júlia Jesus,175.034.682-62,marcos-vinicius35@example.net,51 1632 1869,"Largo Vasconcelos, 969, Marçola, 14724-217 Sampaio das Flores / AM"
2031,Gustavo Fonseca,372.485.960-00,davimartins@example.net,+55 41 4598 4539,"Residencial de Moraes, 98, Jardim Do Vale, 48297-725 da Mota de Brito / RO"
2032,Marina Barbosa,569.241.378-73,vitorcosta@example.com,11 4639 1324,"Residencial Pacheco, 814, Horto, 17298327 Cardoso / SC"
2033,Sr. Benicio Aparecida,561.980.723-12,murilo48@example.com,31 0867-4733,"Núcleo Mariane Caldeira, 10, São Jorge 2ª Seção, 10152-255 Machado / AC"
2034,João Martins,284.705.639-47,lucas-gabrielda-luz@example.org,61 3123 9789,"Área Castro, 7, Glória, 47424126 Aparecida / AM"
2035,Vitor Gabriel Costa,037.852.461-53,urocha@example.com,(071) 8238 6889,"Trevo da Mata, 79, Vila Coqueiral, 49136-751 Abreu de da Rocha / AC"
2036,Sr. Luiz Fernando Cavalcante,185.702.396-02,augusto60@example.net,+55 (061) 8756-1209,"Aeroporto Bruno Martins, 14, Funcionários, 26716-392 Jesus / AC"
2037,José da Conceição,345.896.271-91,rsouza@example.com,81 8886-9279,"Colônia Augusto Moraes, 63, Camargos, 62286-090 da Costa da Praia / PR"
2038,Srta. Emanuella Nascimento,421.708.639-31,catarina78@example.net,(011) 7244-6776,"Esplanada de Novais, 99, Vila Santa Monica 2ª Seção, 17950-655 Costa da Prata / DF"
2039,Luiza Marques,817.546.932-37,scastro@example.com,61 8932 6003,"Colônia Fernando Caldeira, 14, Santo André, 12383-847 Cassiano / RO"
2040,Davi Lucas Garcia,136.957.028-77,leaoleo@example.net,+55 84 0303-2481,"Chácara Yan da Mota, 617, Conjunto Bonsucesso, 90286-832 da Mata dos Dourados / GO"
2041,Rael Leão,582.143.690-70,andre92@example.com,+55 (051) 7272-6282,"Núcleo Pedro Dias, 56, Pompéia, 71524332 Borges da Mata / PE"
2042,Dr. Gael Henrique Souza,347.291.680-03,ada-cunha@example.org,+55 41 0025 7663,"Fazenda de Borges, 66, Vila Suzana Segunda Seção, 18608-358 Teixeira das Flores / MT"
2043,Davi Lucca Cunha,697.240.158-58,joao-guilhermesa@example.org,31 7454-4545,"Viaduto de Caldeira, 714, Buraco Quente, 70329-631 Martins Alegre / MS"
2044,Dr. Gabriel Ramos,284.367.105-17,bdas-neves@example.org,(011) 7654 8369,"Vereda Costa, 497, Vila Nossa Senhora Do Rosário, 25839958 Martins / TO"
2045,Sara Silveira,850.426.197-20,ualmeida@example.org,(081) 3027 4711,"Condomínio Cardoso, 51, Confisco, 31405796 Martins / AL"
2046,Nathan Sales,832.590.674-00,gda-cruz@example.com,(021) 0424 9621,"Condomínio Melissa das Neves, 47, Milionario, 46069457 da Mota de Goiás / SC"
2047,Ian Borges,547.892.316-82,viniciusmendonca@example.org,41 9241-8752,"Viela Souza, 46, Vila Copasa, 96663109 Cunha / PB"
2048,Sr. Léo Câmara,453.812.709-41,yago80@example.org,11 0752-7262,"Rua Bárbara Gonçalves, 444, Madre Gertrudes, 13968710 Pinto Verde / PR"
2049,Benjamin Rezende,875.692.340-65,mariahduarte@example.net,0300-315-8701,"Distrito Lucas Rodrigues, 45, Vila São Francisco, 77030-718 Siqueira / SC"
2050,Cauê da Mata,201.648.375-07,bsampaio@example.net,81 4464 2277,"Área Enrico Pires, 13, Granja De Freitas, 83656864 da Cunha do Oeste / RO"
2051,Sr. Gustavo Henrique Cunha,603.492.871-04,juliana17@example.com,31 4796-7693,"Campo Benício Aragão, Nova Cachoeirinha, 28139777 Vieira / RJ"
2052,Luan da Cruz,980.415.273-88,maya40@example.net,71 5529-9887,"Núcleo de Camargo, 65, Vale Do Jatoba, 39841-160 Lopes / MT"
2053,Alexandre Correia,386.279.104-13,marcela37@example.com,+55 (061) 3239 2597,"Conjunto Igor Ferreira, 55, Pousada Santo Antonio, 25755562 Rocha de Pinto / ES"
2054,Gael Henrique Fogaça,975.038.642-65,ana-luizaviana@example.net,+55 (021) 8513 1432,"Trevo Maysa Pastor, 69, Beira Linha, 71342254 da Costa / RS"
2055,Dr. José Pedro Melo,523.608.497-00,hnogueira@example.org,(084) 3031 8713,"Conjunto Rocha, 94, Camargos, 85128225 Araújo da Prata / RS"
2056,Dra. Pietra Viana,049.572.836-56,maria-eduardanovaes@example.com,(081) 7318 9129,"Travessa de Aragão, 9, Teixeira Dias, 15703803 Fogaça / RS"
2057,Dr. Benicio Mendes,026.475.189-20,ana-clara43@example.org,+55 31 0488 8163,"Viela Cassiano, 68, Campo Alegre, 77175-903 Abreu / PA"
2058,Ana Clara Castro,792.386.405-56,daniela13@example.com,(084) 7432 4321,"Rodovia de Rios, 345, Serra, 61004603 Cardoso Alegre / RJ"
2059,Sabrina Lima,476.012.539-61,da-costaluiz-otavio@example.com,+55 (071) 9478 9129,"Aeroporto Costa, 66, Novo São Lucas, 95757317 Andrade / PR"
2060,Ana Julia Nogueira,160.749.852-94,kaiquepacheco@example.com,(051) 5368 8757,"Largo de Pires, 6, Vila São Paulo, 37945622 Pacheco de Minas / PE"
2061,Kevin Oliveira,713.429.085-97,benicio26@example.com,(081) 7095-3868,"Colônia Garcia, 3, Vila Minaslandia, 12633790 da Rosa / MG"
2062,Eloah Costa,903.852.761-68,migueljesus@example.com,71 6912 4944,"Vereda Marcela Aragão, 56, Vila Real 2ª Seção, 56490243 Leão / AM"
2063,Srta. Ana Júlia Costa,862.194.573-82,francisconascimento@example.net,+55 (071) 4495-8781,"Loteamento Ana Sophia Barros, Santana Do Cafezal, 68030-767 das Neves / RJ"
2064,Dr. Levi Barros,870.496.123-40,blima@example.org,0800-025-9587,"Parque de Andrade, 30, Miramar, 01705738 Aparecida da Serra / ES"
2065,Ravi Machado,072.931.568-12,nnogueira@example.org,+55 (011) 7390-0010,"Vila de Cirino, 89, Maria Tereza, 98638516 Sales / TO"
2066,Maria Laura Silveira,061.792.853-30,igor71@example.org,+55 (041) 8598-3832,"Lagoa Correia, Nossa Senhora De Fátima, 71609-495 Andrade / MS"
2067,Sra. Valentina Macedo,764.305.182-80,dsantos@example.net,84 4689 7536,"Vale de Cardoso, 43, Parque São Pedro, 84748294 da Costa de Fonseca / MT"
2068,Paulo Oliveira,308.257.941-88,costelaravi-lucca@example.net,+55 31 0722 7248,"Rua Silveira, 59, Vila Esplanada, 73281-484 Fonseca das Flores / MA"
2069,Melina Marques,978.510.642-01,benicio56@example.net,31 6927-2711,"Quadra Duarte, 867, Grota, 47631-303 Castro / ES"
2070,Dr. Calebe Jesus,490.683.512-06,cassianoravi-lucca@example.net,+55 61 0256 8294,"Via Rios, Madre Gertrudes, 73579496 Campos do Amparo / RO"
2071,Dr. Marcelo Barros,359.408.216-42,aylla47@example.net,61 3611-8242,"Parque Casa Grande, 52, Vila Barragem Santa Lúcia, 11290918 Aparecida / GO"
2072,Marina Correia,149.802.357-60,bda-cunha@example.net,41 0351-6345,"Loteamento Ana Clara Ramos, 92, Grota, 84412-018 Cavalcante da Prata / RJ"
2073,Eloá Azevedo,041.698.725-76,aliciada-mota@example.net,+55 (011) 3118 5258,"Estrada Barbosa, 24, Vila Aeroporto Jaraguá, 13668789 da Rocha / SE"
2074,Guilherme Almeida,368.142.075-08,bruno55@example.com,+55 (061) 2228-2036,"Lagoa Matheus Viana, 80, Ipe, 57446020 Fernandes / ES"
2075,Dra. Lívia da Rosa,016.293.548-05,bgomes@example.com,71 8724-7641,"Chácara Rael Dias, 40, Aeroporto, 43015819 Castro / RN"
2076,Sabrina Lima,914.287.036-40,cassianoallana@example.net,(084) 3075-9581,"Conjunto de Cavalcanti, 35, Lourdes, 21838-167 da Cunha / SC"
2077,José Miguel Santos,568.142.709-94,novaismanuella@example.org,+55 81 1941 8060,"Loteamento Rafaela Vasconcelos, 13, Liberdade, 75996-616 Vargas das Flores / MT"
2078,Yasmin Gomes,572.948.613-82,dcirino@example.org,(011) 4923 0192,"Morro Luiz Henrique Albuquerque, 4, Glória, 38488800 Martins / PR"
2079,Dr. Bruno Mendes,418.509.726-30,pda-mota@example.com,+55 81 5666 2490,"Condomínio Luigi Almeida, Conjunto Taquaril, 59601522 Pastor / RS"
2080,Francisco da Mota,286.970.513-12,maria-florvieira@example.com,+55 (061) 0822 5530,"Trecho de Vieira, 9, Ouro Minas, 36167431 Duarte de Nogueira / AC"
2081,Léo Nunes,702.548.963-83,joao-gabriel27@example.com,+55 (031) 5654 7031,"Viela Maria Eduarda Cassiano, 58, Ermelinda, 15996672 Caldeira de Correia / MA"
2082,Daniela da Rosa,475.896.123-91,nicole73@example.org,84 8354 2782,"Aeroporto Bella Azevedo, 256, Leonina, 79782-411 Santos / ES"
2083,Daniela Rezende,198.725.430-97,dpinto@example.com,+55 51 1750 4153,"Núcleo Mariana Marques, 76, Nova Pampulha, 99931145 Sales / AM"
2084,Dra. Brenda Andrade,509.876.314-20,laviniarocha@example.net,(071) 3956-0672,"Colônia de Cavalcante, 18, Vila Sumaré, 31003-273 Melo de Fogaça / SE"
2085,Hellena Campos,642.573.081-17,bruno10@example.com,31 4498-4036,"Pátio Maria Sophia Moura, 205, Candelaria, 44700-852 Vasconcelos / RO"
2086,Dante Pastor,135.089.742-60,silveiradiego@example.net,11 9175 1205,"Viela de Brito, 51, Bom Jesus, 88501-863 Costela Alegre / ES"
2087,Isis Moura,857.201.639-21,joanalopes@example.net,51 7684 7130,"Sítio de Cardoso, 376, Custodinha, 77291-889 Ribeiro da Prata / MT"
2088,Sra. Isabela Araújo,738.201.549-14,rebeca07@example.net,(051) 0601-9852,"Feira Marcela Abreu, 539, Vila Jardim São José, 43300073 Dias / AP"
2089,Srta. Laura Sampaio,748.126.953-09,manuellaferreira@example.org,(011) 5692-0178,"Viela de da Rosa, 25, Vila Santa Monica 2ª Seção, 57378-059 Freitas / SE"
2090,Heloisa Nunes,970.458.163-75,luiz-felipesantos@example.com,+55 (011) 0160-1828,"Área Théo da Paz, 337, Bernadete, 57931543 Souza / RR"
2091,Lucca Câmara,184.379.620-13,znovaes@example.org,+55 51 1788 1321,"Área Luigi Mendes, 3, Solimoes, 18558-452 da Cruz de Minas / AC"
2092,Isaac Cavalcanti,136.754.028-35,wcastro@example.net,+55 (041) 2425-0646,"Campo de Andrade, 8, Bela Vitoria, 56075686 Rodrigues de Farias / PI"
2093,Theo Sampaio,097.162.834-31,maria-clarapastor@example.net,71 2957-2408,"Viaduto Nogueira, 49, Tirol, 38124892 Almeida de Minas / RJ"
2094,Daniela da Paz,514.687.093-48,igarcia@example.org,(051) 8361-1270,"Condomínio de Cirino, 56, Dom Joaquim, 17475531 Ramos / RJ"
2095,Sra. Beatriz Gonçalves,087.421.693-13,machadoerick@example.com,(031) 6202 2015,"Área Cirino, 2, Pirineus, 72976-079 das Neves da Mata / SC"
2096,Dra. Mariane Guerra,468.720.539-92,sofiapinto@example.org,(081) 7020 5663,"Fazenda Felipe da Mota, 878, Vila Suzana Primeira Seção, 77741-839 Oliveira / MA"
2097,Otto Costa,973.581.042-50,sabrina88@example.net,(051) 6444 7261,"Parque de Pinto, 11, Laranjeiras, 07078162 Vasconcelos / BA"
2098,Vitor Gabriel Silveira,109.543.728-32,yuricostela@example.org,(071) 4839 0124,"Avenida Martins, 726, Bonsucesso, 25880741 Almeida de Minas / AP"
2099,Alana Barbosa,152.309.864-33,olivia69@example.com,(021) 9410-9437,"Favela Pinto, 12, Conjunto Providencia, 60439-132 Cardoso / SP"
2100,Giovanna da Rosa,560.784.321-17,osantos@example.org,0300-304-0003,"Rodovia de Oliveira, 25, Minas Brasil, 21145155 Pacheco / AL"
2101,Ian Silveira,951.483.072-50,maria-alice91@example.net,81 4121 9641,"Sítio Fernandes, Nossa Senhora Do Rosário, 94181631 Duarte do Galho / PI"
2102,Davi Lucas Mendes,823.017.564-08,das-nevesdaniel@example.com,61 0294 7885,"Avenida Costela, 404, Nova Gameleira, 12167690 Nascimento / GO"
2103,Francisco Fogaça,963.510.428-60,joao-gabriel26@example.com,+55 21 4721 4670,"Vila Silva, 96, Vista Do Sol, 68134389 Siqueira de Goiás / PI"
2104,Emanuelly Rocha,471.608.925-85,antonioborges@example.com,+55 71 0381-9196,"Viela Isabelly Gomes, 520, Morro Dos Macacos, 15945182 Costela de Macedo / GO"
2105,Raul Sales,807.425.961-76,da-matajulia@example.com,+55 31 5754-1852,"Trecho da Cunha, 2, São Pedro, 23701-534 Santos de Abreu / BA"
2106,Marcela da Costa,072.845.163-80,nguerra@example.com,+55 31 9309 2607,"Avenida da Conceição, 663, Ribeiro De Abreu, 68043-643 Cirino do Galho / RO"
2107,Gabrielly Castro,978.241.360-78,benjamimpereira@example.com,+55 11 1958 8862,"Setor Gomes, 49, Cenaculo, 50395431 Pires / MT"
2108,Larissa da Rosa,690.847.235-38,monteiroisabelly@example.org,+55 (021) 5084-5638,"Praça Elisa da Rocha, 874, Aarão Reis, 92698366 Fogaça de Cardoso / DF"
2109,Pietro Teixeira,620.574.819-30,da-costagabriela@example.net,+55 (081) 1212 6971,"Morro Sabrina Monteiro, Estrela, 22079-764 Correia de Leão / AP"
2110,Vitor Gabriel Casa Grande,973.685.042-00,almeidajoao-guilherme@example.net,(061) 9826 5765,"Feira de Mendonça, 8, Santo Antônio, 01493-744 da Rosa do Galho / TO"
2111,Maria Dias,684.017.935-48,lmachado@example.com,+55 11 5646 1444,"Lago Heitor da Rosa, 539, Jonas Veiga, 72004-220 Pires das Pedras / SE"
2112,Maria Laura Macedo,036.281.479-13,azevedoyago@example.net,(061) 7384 8071,"Setor Vieira, 238, Carmo, 74252957 Cunha / AP"
2113,Mariana Abreu,367.521.408-71,esiqueira@example.com,(011) 1247-0077,"Travessa Isabela Sá, 249, Caetano Furquim, 39270-825 Viana Alegre / SC"
2114,Luiza Albuquerque,062.783.149-40,jsantos@example.net,+55 (051) 5335-8808,"Recanto Marina da Luz, Jatobá, 10127-993 Sousa de Pastor / ES"
2115,Lunna Pacheco,596.821.043-51,enzo-gabriel86@example.org,+55 61 1508 3137,"Feira de Montenegro, 7, São Jorge 2ª Seção, 10917191 Pimenta / PI"
2116,José Pedro Pinto,196.580.274-58,monteirolavinia@example.org,0800-901-6246,"Fazenda de Carvalho, 1, Santa Sofia, 39703-086 Azevedo / MS"
2117,Marcela Rocha,296.453.108-06,cardososara@example.com,+55 81 7176 2034,"Núcleo Gabriel Moura, 90, Ouro Minas, 04339996 Araújo dos Dourados / MT"
2118,Heloisa Rezende,812.796.304-69,pleao@example.com,(051) 8593-9210,"Parque Maria Júlia Machado, 5, Ernesto Nascimento, 40787-368 Ferreira do Sul / DF"
2119,Dr. Vinicius Vargas,482.190.375-04,lunnafernandes@example.net,(071) 2235 8931,"Condomínio Renan Campos, 88, Caiçaras, 55099545 Peixoto de Alves / TO"
2120,Dr. Igor Ramos,843.965.012-42,cirinocaio@example.net,(041) 7880-7303,"Lago da Conceição, Ventosa, 61983310 Rios de Moreira / MS"
2121,Srta. Pietra Lopes,960.254.137-70,brunamendes@example.net,(021) 1026 7895,"Passarela Arthur Miguel Novaes, 5, Jardim Felicidade, 91934629 da Paz da Praia / TO"
2122,Vinicius Montenegro,780.429.315-14,kcardoso@example.org,0300 699 1800,"Fazenda Alexia Fonseca, 773, Aguas Claras, 79281-401 Fonseca / RN"
2123,Ravi da Luz,748.209.613-22,da-costaeloah@example.net,(031) 0095-2876,"Rodovia Leonardo Gomes, 17, Paquetá, 70021-879 Nascimento / MA"
2124,Luana Borges,894.307.256-29,yrezende@example.net,(051) 6423 5881,"Distrito Milena Fernandes, 6, Floresta, 80378465 Porto da Praia / MT"
2125,Erick Correia,012.437.985-05,amonteiro@example.org,+55 (061) 3977-2064,"Via Leão, 76, Nova Vista, 10760-607 Garcia / MA"
2126,Renan Leão,132.958.067-21,tfarias@example.com,(084) 8068-5336,"Sítio de Martins, 82, Ernesto Nascimento, 55968-954 Ferreira do Galho / ES"
2127,Mirella Costa,360.582.419-60,eloahcassiano@example.net,+55 41 1062 7043,"Avenida de Costela, 63, Nova Cintra, 68365120 Rios / SP"
2128,Pedro Lucas da Rocha,928.146.370-96,souzafelipe@example.com,(011) 9117-8421,"Área de Aragão, 18, Delta, 85293-815 Montenegro Alegre / SP"
2129,Vitor Hugo Azevedo,831.479.065-66,cecilia19@example.net,+55 (081) 0670-7339,"Colônia da Luz, 98, Vila São Paulo, 01600712 Silveira da Serra / PB"
2130,Rodrigo Aragão,905.147.386-93,goncalvesjosue@example.net,0500-531-0138,"Fazenda de Guerra, 33, Vila Mantiqueira, 47171228 Vasconcelos / RJ"
2131,Dra. Catarina Ribeiro,402.356.187-80,alice98@example.net,+55 (041) 7868-8394,"Loteamento Gonçalves, 3, Jardim Felicidade, 70527-935 Viana / PB"
2132,Dr. Brayan Silva,458.139.760-00,juliananovaes@example.com,0900-607-3818,"Vila de Azevedo, 34, São Bento, 47093-578 Cassiano Alegre / PB"
2133,Srta. Vitória Costa,740.829.156-30,isaaccavalcanti@example.net,21 3940-0772,"Lagoa Ayla Machado, Venda Nova, 54802-190 Borges / PA"
2134,Agatha Carvalho,012.697.385-77,maria-fernanda42@example.org,+55 (071) 1716-9086,"Favela Gustavo Henrique Brito, 67, Leonina, 49467777 Cassiano do Sul / PI"
2135,Maysa Albuquerque,480.126.975-30,ucassiano@example.com,+55 (084) 1285-1336,"Recanto Bárbara Cirino, 5, São José, 54883038 Albuquerque de Rocha / AP"
2136,Ravi Nogueira,751.328.094-05,vferreira@example.org,11 2061 2508,"Conjunto de Sá, 7, Savassi, 24594-490 Fonseca / AP"
2137,Mariana da Rocha,971.253.480-41,mariana47@example.org,0300 083 2509,"Parque Isis Araújo, Olaria, 42107418 Freitas dos Dourados / CE"
2138,Marina Marques,972.413.065-70,jesusmilena@example.com,(051) 1861 2679,"Núcleo Emanuella Monteiro, 31, São Geraldo, 80415788 Fernandes / SC"
2139,Luiz Henrique Alves,480.263.195-24,jose-miguelsilveira@example.net,+55 (071) 4107 0971,"Trecho da Cunha, Vila Copacabana, 84430-659 Castro de Moraes / TO"
2140,Ana Julia Pinto,518.792.034-05,da-motajose-miguel@example.net,61 7827 2758,"Estrada de Cirino, Acaiaca, 21295240 da Cunha / TO"
2141,Lucas da Mota,823.714.569-00,elima@example.org,+55 (021) 1850-9846,"Núcleo Matheus Correia, 5, Camponesa 2ª Seção, 42152-014 Marques / MS"
2142,Lavínia Nascimento,459.316.708-66,macedoana-sophia@example.net,0900 925 2043,"Lagoa de Sampaio, 60, São Damião, 81554-906 Sousa / DF"
2143,Sr. Oliver Porto,627.038.451-62,pedro-miguelvasconcelos@example.org,11 2607-8279,"Rodovia Natália das Neves, Vila Rica, 41006-309 Ferreira da Mata / PI"
2144,Cecilia da Conceição,720.349.865-47,clarada-paz@example.net,0300-808-7178,"Residencial Alves, 79, Vila Da Luz, 00724-217 Mendes / RS"
2145,Isaac Montenegro,906.175.432-16,ncaldeira@example.net,+55 (061) 5468-4931,"Rua Aragão, Vitoria, 40147-283 Fonseca / TO"
2146,Liam da Mata,938.017.642-22,claraaragao@example.net,0500 647 0493,"Via Luna Pinto, Atila De Paiva, 39278-123 Ramos de Peixoto / RN"
2147,Dr. Rodrigo Souza,176.852.390-86,nicole69@example.net,71 5183-2343,"Campo de Duarte, 66, São Salvador, 14051632 Monteiro Grande / PR"
2148,Mirella Azevedo,587.639.412-28,riosbruno@example.org,(061) 2375-5629,"Vale de Rodrigues, 49, São Bernardo, 61157147 Cavalcanti Grande / RN"
2149,Maitê Gomes,524.108.796-67,vieiramariane@example.com,+55 71 2443-6704,"Trecho Luiz Fernando Barbosa, 179, Vila Pinho, 23605539 Barros da Serra / GO"
2150,Anthony Gabriel Pacheco,457.089.361-93,mathiaspires@example.com,0800-846-8599,"Campo de Vieira, 1, São Jorge 2ª Seção, 13194-285 Barbosa do Norte / SC"
2151,Sr. Thomas das Neves,647.095.382-47,fonsecaluara@example.org,41 8098 3869,"Via de da Rosa, 670, Vila Minaslandia, 85288943 Carvalho / CE"
2152,Mirella Monteiro,147.920.635-07,costelaluiz-gustavo@example.net,+55 31 0959 8323,"Avenida João Gabriel Gonçalves, 43, Vila Mangueiras, 25079684 Aragão / MG"
2153,Benicio Gonçalves,927.840.156-02,franciscosa@example.net,+55 31 4243-3767,"Viela de Albuquerque, 25, João Pinheiro, 55539-369 Aragão Verde / AC"
2154,Nina Pastor,518.729.034-79,alveshadassa@example.org,+55 (051) 3172-0117,"Área Pastor, 24, Vila Nova Paraíso, 48090-468 Campos de Vieira / AP"
2155,Luiz Fernando Marques,307.196.425-07,bsousa@example.net,31 2499-9184,"Via de Ribeiro, 59, Vila Nova Paraíso, 79329-436 Fogaça da Prata / AC"
2156,Luana Cirino,769.482.513-82,miguelsantos@example.com,+55 (011) 9192-5027,"Largo Luiz Felipe Viana, 35, Prado, 88815-707 da Conceição do Sul / AL"
2157,Carlos Eduardo Câmara,371.984.602-40,carvalhobenjamin@example.net,(061) 1570-9004,"Vale de Rios, Jardim Felicidade, 95079-695 Silveira / RS"
2158,Sr. Juan da Rosa,193.425.708-79,dpacheco@example.com,(011) 5537 9219,"Vereda Pinto, 645, Conjunto Jatoba, 28260-854 Marques / RJ"
2159,Anna Liz Fernandes,187.459.036-20,luiz-gustavosousa@example.net,+55 61 5105 1808,"Conjunto Melina Ramos, Alto Barroca, 08278-111 da Mota da Mata / AP"
2160,Sophia Silva,427.850.619-85,carvalhomaria-helena@example.com,+55 (084) 4854 7452,"Setor Novais, 4, São Pedro, 58889468 Cavalcante de Costela / PA"
2161,Fernanda Peixoto,280.951.746-02,zporto@example.net,(051) 5250 7231,"Lagoa Agatha Farias, 71, Dona Clara, 64441-304 Almeida / MG"
2162,Hadassa Aragão,402.596.831-24,yan13@example.net,+55 61 9478 0943,"Passarela de Fogaça, 538, Alto Dos Pinheiros, 11253736 Montenegro / SE"
2163,Dr. Samuel Fernandes,495.781.620-49,rmacedo@example.org,+55 61 0827 7314,"Praça Benício Aparecida, 44, Corumbiara, 00076-861 da Cunha de Martins / PA"
2164,Sofia Sousa,037.946.185-48,hellena16@example.com,0300 703 3199,"Ladeira Garcia, 59, São Gonçalo, 55923-537 Fonseca / SP"
2165,Isadora Martins,759.843.620-74,rporto@example.org,21 8024-0305,"Largo Siqueira, 1, Jardim Atlântico, 63911002 Farias da Serra / RO"
2166,Luigi Fernandes,816.095.347-00,xferreira@example.net,(031) 5603 6421,"Sítio Lima, 1, Teixeira Dias, 89017946 Vasconcelos da Prata / RN"
2167,Raul Brito,962.753.014-06,maria-eduarda73@example.com,+55 61 6523-1468,"Praça Théo Araújo, 302, Nova Vista, 15100453 Souza do Oeste / MA"
2168,Melissa Teixeira,950.713.862-59,lteixeira@example.net,11 4746 3057,"Feira de Sampaio, 55, Vila Coqueiral, 94885-255 Moraes / RO"
2169,Maria Julia Porto,286.937.415-19,yalbuquerque@example.net,71 0978 6034,"Passarela Valentina da Mata, 48, Alto Caiçaras, 47417673 Rezende / AM"
2170,Clara Duarte,182.936.405-70,bsampaio@example.org,+55 41 7904 9122,"Favela de Mendonça, Pompéia, 86036500 Sousa / PB"
2171,Luiza Machado,764.321.805-62,ymonteiro@example.com,(071) 9439-2105,"Via Bianca Melo, 558, Marilandia, 95903-883 Ramos / CE"
2172,Maria Julia Brito,895.140.726-85,vmoraes@example.net,+55 61 8218-6769,"Lagoa Rafael Borges, 67, Comiteco, 36604-902 Alves / RO"
2173,Sra. Maria Luísa Santos,719.306.854-75,kcunha@example.com,31 2401-7910,"Núcleo de Gomes, 20, Canadá, 86367-450 Abreu / AP"
2174,Henrique Silva,276.458.301-07,martinsmanuela@example.com,+55 51 7948 8499,"Quadra de das Neves, 54, Vila Havaí, 79317113 Vieira / CE"
2175,Manuela Camargo,194.652.703-34,liz50@example.org,+55 (041) 5990-9666,"Conjunto Monteiro, 9, Braúnas, 34407-658 Correia / BA"
2176,Brayan Moraes,379.614.205-25,milenacaldeira@example.org,+55 51 2575 2109,"Via Vasconcelos, Lagoinha, 07394443 Cavalcante / PE"
2177,Yasmin Silva,470.613.859-01,da-cunhaarthur-miguel@example.net,(011) 3521 1708,"Rodovia Fernandes, 31, Cônego Pinheiro 1ª Seção, 32257481 Vargas / PR"
2178,Lara Castro,031.795.824-05,bmarques@example.com,(071) 9229-7891,"Chácara Andrade, Minas Brasil, 04760-041 da Rosa / AL"
2179,Kamilly Viana,493.268.517-37,ivargas@example.org,0900-613-2889,"Trecho Daniel Abreu, 91, Caiçara - Adelaide, 84340336 Campos do Campo / AC"
2180,Valentim Aparecida,021.798.346-40,valentimcunha@example.org,(031) 8254 6762,"Passarela Alexia Araújo, 55, Santa Efigênia, 47227907 Moraes do Sul / AP"
2181,Dr. Thales Monteiro,613.258.049-24,nathangoncalves@example.org,84 3112 1944,"Loteamento da Conceição, 45, Lindéia, 60803682 Freitas da Serra / AL"
2182,Mariana Ribeiro,769.201.843-03,leaootto@example.com,+55 (021) 1589-1072,"Colônia Sampaio, 36, Lajedo, 21635-405 Pires do Sul / PE"
2183,Mariana Teixeira,106.785.932-21,mirellasales@example.org,0500 642 2272,"Quadra Lara Viana, 18, Capitão Eduardo, 81166877 Araújo / TO"
2184,Mariane Cassiano,243.976.018-87,xleao@example.net,+55 21 2466 6396,"Esplanada Guerra, 28, Belvedere, 50245609 da Cunha das Flores / MT"
2185,Sra. Clarice Alves,406.132.859-05,nicolasda-mota@example.com,71 5778-7558,"Travessa Bruno Rezende, 65, Ambrosina, 09168-407 Sampaio / SC"
2186,Arthur Miguel Lopes,619.278.045-58,brodrigues@example.net,81 6645-7842,"Estrada Souza, 50, Monsenhor Messias, 00944-226 Correia / TO"
2187,Amanda Nascimento,341.527.089-05,riosmaria-fernanda@example.com,31 6693 3191,"Trecho da Conceição, Savassi, 20262822 Lima / DF"
2188,Bernardo Carvalho,182.097.645-94,viniciuscarvalho@example.net,31 9343 3964,"Estação Noah Macedo, 386, São Jorge 1ª Seção, 64817616 Sampaio / AC"
2189,Antonella Pastor,396.245.107-25,aurora49@example.net,(021) 3819-6739,"Praça Danilo Pires, 76, São Francisco Das Chagas, 04678307 Marques / SE"
2190,Alice Moreira,839.127.506-02,davi-luiz00@example.net,(051) 9799 3801,"Setor Andrade, 39, Vila Nova, 62041686 Barbosa de Lopes / PB"
2191,Murilo Gonçalves,690.875.324-74,emanuelly06@example.org,81 5386-2044,"Campo de da Costa, 51, Flavio De Oliveira, 44619969 Fonseca / BA"
2192,Ana Beatriz Sá,261.735.084-35,sfernandes@example.net,+55 (071) 7916 8835,"Colônia de Alves, 6, Nova Vista, 46653161 Rezende de Lima / ES"
2193,Cecilia Porto,512.437.089-05,catarina15@example.net,+55 (051) 0833 1876,"Passarela de da Costa, 49, Pantanal, 75239911 Ramos / MA"
2194,Pedro Teixeira,731.062.584-62,britoluna@example.net,+55 51 6673 2892,"Rodovia de Pimenta, 38, Vila Coqueiral, 79116-386 Marques dos Dourados / PR"
2195,Luiz Miguel Correia,807.954.316-00,vargaseloa@example.com,(021) 2351-4484,"Passarela de Abreu, 88, Cdi Jatoba, 79250080 da Cruz do Campo / PE"
2196,Ana Clara Aparecida,923.708.164-22,agatha99@example.org,+55 61 5982-8283,"Ladeira de Mendonça, 4, Alta Tensão 2ª Seção, 63538671 Nogueira da Serra / MG"
2197,Maria Luísa Siqueira,560.194.278-11,leticiamendes@example.org,0900 158 6986,"Travessa Fernando Porto, Monsenhor Messias, 39263707 Aparecida / AC"
2198,Heitor Aparecida,360.298.174-69,andradeolivia@example.org,0900-716-4989,"Viela Pires, 9, Nova Esperança, 92734587 Azevedo das Pedras / PB"
2199,Henrique Martins,621.597.340-80,ana-juliajesus@example.com,0500 075 4451,"Recanto Helena Rodrigues, 91, Nazare, 39046770 Camargo / AC"
2200,Giovanna da Luz,079.328.451-14,rhavi14@example.net,21 3451-7274,"Residencial Dias, 357, Pantanal, 57228-317 Pacheco / PB"
2201,Dr. Davi Lucca Brito,610.482.379-31,maria-eduarda63@example.org,0800 540 1491,"Travessa de Caldeira, 78, Belvedere, 34136643 Viana das Pedras / MS"
2202,Kamilly Silveira,862.397.405-00,tferreira@example.com,+55 (071) 8563 3058,"Sítio Vieira, 956, Flamengo, 22729-579 Alves / PA"
2203,Maria Liz Aparecida,321.897.046-69,monteiroluan@example.net,+55 (081) 5557-0289,"Loteamento Elisa Macedo, 921, Vitoria, 57789674 da Rocha de Almeida / SP"
2204,Gabriela Fernandes,091.742.356-99,pastorrafaela@example.com,+55 81 8263-3701,"Avenida Sampaio, 420, Marieta 3ª Seção, 18296418 Mendes / RJ"
2205,Bella Brito,084.759.123-97,luan62@example.com,(051) 6810 6748,"Parque Novaes, 8, Cidade Jardim, 15716-380 Duarte da Mata / AM"
2206,Julia Pimenta,783.950.416-75,zoefarias@example.org,+55 71 6366-2066,"Conjunto de Pereira, 2, Gutierrez, 78271-692 Borges / ES"
2207,Luiz Felipe da Luz,238.017.956-59,isabellymelo@example.net,71 4819 0729,"Sítio de da Mota, 90, Cônego Pinheiro 1ª Seção, 87324-138 Pereira / SE"
2208,Mathias Araújo,875.934.601-93,bvieira@example.net,+55 (071) 6815-1088,"Morro Ribeiro, 37, Vila Nova Gameleira 1ª Seção, 82420-146 Aparecida de Rocha / ES"
2209,Sara Pacheco,159.834.267-37,theo76@example.com,51 0654 5281,"Aeroporto Mariane Ferreira, Novo São Lucas, 58047842 Albuquerque / SP"
2210,Maria Julia Moraes,023.965.147-25,apollo81@example.com,21 9735 4856,"Área Cassiano, 78, São Geraldo, 72042-821 Vargas das Pedras / SC"
2211,Oliver Aragão,342.078.196-22,thalesmoura@example.org,+55 81 9031-7973,"Viaduto de Jesus, 65, Jardim Montanhês, 39987396 Lima / CE"
2212,Gabriela da Rosa,567.208.139-86,camila44@example.com,+55 61 4481-0717,"Conjunto Nunes, 84, Vila Califórnia, 25253-359 Pastor / PA"
2213,Ana Júlia Vieira,271.908.453-05,kaique42@example.com,+55 (041) 8009 4407,"Jardim de Sampaio, 42, Vila São Paulo, 15956486 Lima / PE"
2214,Vinicius Ribeiro,924.756.813-73,felipe73@example.org,+55 (041) 4130-7399,"Quadra Camargo, Universo, 99844-878 Siqueira / TO"
2215,Levi da Paz,458.970.362-92,das-nevesliz@example.com,+55 81 2779-8855,"Parque Ester Azevedo, 18, Santa Maria, 78273-904 Duarte / ES"
2216,Cauã Albuquerque,074.835.291-05,yagomelo@example.com,+55 (051) 3732-9103,"Setor Maria Fernanda Campos, 3, Vila Independencia 3ª Seção, 91464403 Viana do Campo / ES"
2217,Luiz Fernando Alves,294.765.813-28,maria-clarapeixoto@example.org,+55 (031) 5336 7044,"Lago Diogo Cassiano, Confisco, 47112-939 Caldeira / SE"
2218,João Miguel Cardoso,931.042.657-80,vicente13@example.net,71 4107 8966,"Viela de Correia, 99, Barreiro, 45837005 Leão da Prata / SP"
2219,Ana Vitória Cirino,286.017.954-20,jcaldeira@example.net,71 7374-8611,"Loteamento da Conceição, Conjunto Califórnia Ii, 72549634 Fernandes de Lima / PB"
2220,Lucas Gabriel Farias,938.470.265-00,davi-lucas32@example.com,+55 (051) 0889 6559,"Colônia João Pedro Cardoso, 57, Minas Brasil, 60309526 Vieira das Pedras / RN"
2221,Sra. Maria Vitória da Paz,619.503.472-06,uda-rocha@example.org,31 9694-0585,"Vila de Brito, 8, Olaria, 85806-365 Rezende / SE"
2222,Apollo Mendonça,620.158.394-70,julia21@example.com,+55 (011) 8312-6200,"Recanto Silveira, 46, Solimoes, 44206-758 da Rocha / RN"
2223,Liam das Neves,067.352.914-25,mendoncaarthur-gabriel@example.com,84 3751 9983,"Área João Vitor Barbosa, Das Industrias I, 58949369 da Cunha de Nogueira / CE"
2224,Davi Luiz Cavalcante,795.402.683-38,juliana15@example.net,+55 (061) 2786-9991,"Estação de da Paz, 55, Jardim São José, 91497-021 Vasconcelos da Serra / MT"
2225,Dr. Marcelo Castro,615.430.892-24,ana-livia19@example.com,+55 (084) 9920 0725,"Praça de Souza, 48, Esplanada, 79015320 Dias de Pinto / CE"
2226,Dra. Heloísa Silveira,294.573.168-19,maria-sophia79@example.net,61 4692-4595,"Recanto Pastor, 24, São Jorge 3ª Seção, 40178429 Porto Verde / PI"
2227,Danilo Pereira,265.809.371-30,isaac20@example.org,0500-365-4995,"Sítio Monteiro, 63, Santa Amelia, 23375-382 Ribeiro da Praia / ES"
2228,Enrico Fernandes,280.951.634-06,catarina57@example.net,(031) 2451-1707,"Largo de Vieira, 12, Barão Homem De Melo 1ª Seção, 96953753 Alves das Flores / MG"
2229,Anna Liz Brito,451.092.376-70,xalmeida@example.org,+55 11 2320-1712,"Vereda Sales, 80, Gutierrez, 70994-801 Carvalho Paulista / RR"
2230,Lucas Casa Grande,985.412.637-46,mourabarbara@example.org,0300 293 8721,"Estação Rafael Oliveira, 64, Vila Jardim Alvorada, 72585677 Rezende Paulista / GO"
2231,Cecilia Moura,394.061.825-05,cardosovicente@example.org,(084) 3203-6541,"Travessa Ana Cecília da Luz, São Marcos, 69039207 Cunha de Siqueira / GO"
2232,Yan Fogaça,908.475.613-48,olivia25@example.net,+55 71 8901 6794,"Estrada de Araújo, 94, Comiteco, 73918266 Casa Grande / RN"
2233,Dr. Apollo das Neves,409.532.718-97,calebepires@example.org,+55 11 5168-1763,"Praça Diego Vargas, 70, Vila Dos Anjos, 67248-966 Oliveira / RN"
2234,Allana Mendonça,257.103.468-53,montenegropedro-henrique@example.net,+55 (041) 9321-5685,"Favela Rebeca Ribeiro, 32, Laranjeiras, 35061733 Pimenta das Flores / MT"
2235,Alana da Costa,473.528.960-74,oliver41@example.net,+55 51 6276 1942,"Trevo de Fogaça, 22, Santa Terezinha, 44221171 Ferreira / RO"
2236,Davi Lucas Santos,658.270.413-35,thiago90@example.org,71 5131-6938,"Travessa Oliver Ribeiro, 56, Serra, 48829-142 Martins das Pedras / GO"
2237,Sr. Antônio Alves,510.237.684-53,ferreiralunna@example.com,41 5704-1059,"Lagoa Emanuelly Pastor, 48, Copacabana, 49696-638 da Cunha do Oeste / SE"
2238,Ester Pimenta,507.429.683-83,joanamelo@example.net,+55 (081) 7584-2439,"Área Luiz Fernando Sampaio, 11, Palmares, 75352-039 Marques / RR"
2239,Giovanna Porto,925.638.047-10,barrosapollo@example.org,51 0044 4211,"Parque da Rosa, 69, Lorena, 09024-345 Aragão de Minas / RN"
2240,Bárbara Câmara,102.543.689-05,matteobarbosa@example.net,41 8052 7249,"Quadra Pacheco, 63, Vila Olhos D'água, 20291-718 da Cruz da Serra / RR"
2241,Vicente Fonseca,154.693.820-60,barbara83@example.net,+55 (021) 5705-5936,"Residencial de Lima, 4, Vila Jardim Alvorada, 71802180 da Mata Grande / MS"
2242,Thiago Pinto,403.281.765-08,hpinto@example.net,(031) 4384 2111,"Núcleo de Sampaio, 12, São Jorge 1ª Seção, 84034807 Costa do Campo / MS"
2243,Sra. Daniela Macedo,476.513.982-46,isis12@example.org,+55 (011) 5696 7728,"Fazenda de da Mata, 86, Vila São Francisco, 11535-249 Cassiano do Sul / SE"
2244,Isabella Fonseca,521.837.604-35,leonardo44@example.org,+55 (084) 7487-8353,"Esplanada de Sales, 50, Satelite, 24157353 Abreu / RJ"
2245,Nina Melo,506.872.493-92,maria-julia87@example.net,0500-490-0361,"Favela Pietro Borges, 34, Vila Jardim Alvorada, 44017-278 da Mata de Souza / MS"
2246,Vitor Hugo Pereira,462.715.839-46,grios@example.net,71 6212 3867,"Praia da Luz, 251, Vila Barragem Santa Lúcia, 01667547 Teixeira / MS"
2247,Enrico das Neves,917.068.453-75,lcostela@example.net,+55 51 7349 8214,"Feira Gabrielly Mendes, Engenho Nogueira, 43148295 Fogaça / MS"
2248,Isabella Pereira,541.620.798-11,aylla99@example.net,(031) 2782-2860,"Loteamento Oliveira, Mangueiras, 43310423 Machado da Prata / PR"
2249,Sr. Vitor Hugo Sá,978.325.041-88,murilo94@example.org,0800-097-7571,"Jardim de Vargas, 88, Boa Viagem, 59782-201 da Conceição / MT"
2250,Allana Freitas,945.601.723-07,dlopes@example.com,21 5878-4436,"Praça Fogaça, 48, Vila Paris, 70297-608 Machado Verde / AM"
2251,Evelyn Camargo,529.614.703-07,maria-luizarezende@example.net,61 7638 8755,"Setor Gomes, 4, Vila Ecológica, 52855-060 da Mota / PE"
2252,Sra. Maysa Borges,143.670.985-75,kcamargo@example.net,+55 51 3108 5294,"Vereda Alexia Viana, 91, Das Industrias I, 18775-440 Moraes / CE"
2253,Yago Alves,450.921.673-43,borgesjoao-miguel@example.net,81 1876 3493,"Fazenda Souza, 84, Santana Do Cafezal, 31517-490 Silveira Paulista / SC"
2254,André Melo,291.853.670-95,vpires@example.org,61 4518-1355,"Fazenda Farias, 583, Cinquentenário, 27080485 da Conceição de Monteiro / PB"
2255,Ana Cecília Viana,158.723.609-59,isouza@example.net,+55 (081) 7344-1029,"Residencial Peixoto, 65, São Benedito, 97144711 Gomes / AP"
2256,Milena da Paz,587.916.423-37,csilveira@example.com,(081) 8575 9883,"Fazenda Beatriz da Rosa, Vila Nova Gameleira 2ª Seção, 77300260 Moura / AL"
2257,Mirella Costa,374.508.612-08,yvasconcelos@example.net,+55 81 2268 7428,"Fazenda Ester da Rocha, 22, Castelo, 21975-199 Pires de Rocha / AM"
2258,Henrique Monteiro,120.468.579-76,davi-lucas23@example.com,+55 31 9299 6634,"Fazenda Juan da Paz, 262, Vila Nova Gameleira 1ª Seção, 29519424 da Luz do Sul / ES"
2259,Srta. Juliana Freitas,819.560.374-20,gustavo-henriqueda-conceicao@example.net,31 8255 1755,"Área Cardoso, 56, Vila Barragem Santa Lúcia, 33188-160 Barros / GO"
2260,Giovanna Siqueira,175.340.862-80,vasconcelosyan@example.net,51 3887 3348,"Ladeira Marques, 69, Buritis, 01657861 Pimenta / SP"
2261,Bella Albuquerque,785.391.026-68,oliverteixeira@example.org,+55 84 1023 6939,"Vila das Neves, 34, Guaratã, 90144-100 Rodrigues de Jesus / AC"
2262,Mirella Castro,759.631.084-20,zoe58@example.org,+55 (021) 1289 4554,"Setor Gael Henrique Pires, Manacas, 07904-939 Aparecida da Mata / CE"
2263,João Guilherme Jesus,106.845.329-05,benjamimgoncalves@example.com,+55 (021) 0798-8546,"Feira Luísa Siqueira, 80, Nossa Senhora Da Aparecida, 71220203 Ribeiro de Dias / AP"
2264,Stephany da Costa,516.970.248-58,rodrigomartins@example.com,(081) 7304-4900,"Esplanada Cavalcanti, 45, Bom Jesus, 89130703 Silva / PB"
2265,Dr. Bernardo Ferreira,941.653.278-91,dmachado@example.net,+55 84 5353-5410,"Lago de Lopes, 45, Vila Nova Cachoeirinha 3ª Seção, 48084084 Oliveira / BA"
2266,Maria Laura Moraes,397.842.510-60,maria-luiza10@example.net,0800-372-5112,"Residencial Mariana Barros, 77, Vila Jardim Montanhes, 96562-258 Teixeira do Oeste / ES"
2267,Diego Abreu,286.310.795-02,pietro54@example.com,(061) 6537 0736,"Sítio da Mata, 30, Fazendinha, 24657005 Novaes / MA"
2268,Brenda Cirino,205.369.871-30,igarcia@example.net,+55 31 3315 6156,"Avenida Sarah Cirino, 39, Vila Antena Montanhês, 88730219 Cardoso dos Dourados / DF"
2269,Maitê Pinto,587.963.402-74,bernardoda-paz@example.com,41 8948 6777,"Rua Pereira, 10, Lourdes, 74686200 Pereira de Goiás / CE"
2270,Sr. João Felipe Pacheco,649.302.571-07,gael06@example.com,(031) 1778-9007,"Residencial Marcela Santos, 5, Vila Suzana Primeira Seção, 81425-272 Montenegro / RN"
2271,Manuella Casa Grande,926.038.754-00,uteixeira@example.org,+55 (071) 9138 8147,"Vereda Oliveira, 37, Marieta 2ª Seção, 26174515 Pinto / BA"
2272,Bella Marques,714.253.980-14,felipe28@example.com,21 8168 7430,"Pátio da Cruz, 88, Maria Helena, 79423-486 Souza de Minas / PI"
2273,Lorenzo Aparecida,149.506.783-10,livia92@example.net,+55 41 8762-4312,"Esplanada Alves, Sagrada Família, 04037-742 Novais / PR"
2274,Vitor Rocha,071.824.539-32,davi-luccacamara@example.org,+55 41 4732-4090,"Núcleo Vitor Costela, 58, São Benedito, 50656373 da Costa de Ferreira / SC"
2275,João Gabriel Ramos,810.279.465-85,xlopes@example.net,51 5677 2808,"Viela Brito, 78, Santa Tereza, 47577763 da Rosa Paulista / DF"
2276,Apollo Alves,476.285.390-92,mendoncajoao@example.com,(081) 8332 4328,"Recanto Albuquerque, 79, Vila Santo Antônio Barroquinha, 07431961 Novais / PE"
2277,Benjamim Rodrigues,012.489.657-01,garcianicolas@example.com,84 4640 8851,"Travessa Isaac Costa, 13, Ademar Maldonado, 38804-585 da Mata de Goiás / MS"
2278,Isabel das Neves,964.120.835-70,vitorlopes@example.com,61 9781 8864,"Recanto Ferreira, 6, Vila Jardim Alvorada, 02949-912 da Mata de Silva / MG"
2279,João Pedro Novais,537.418.296-09,calebesantos@example.com,+55 11 0427-2108,"Quadra Cavalcante, Flavio De Oliveira, 40809075 Câmara de Lopes / MA"
2280,Théo Vargas,927.613.058-68,aalbuquerque@example.org,+55 (081) 3963-8990,"Parque de Novaes, Nova Suíça, 81701933 Mendes Alegre / MT"
2281,Manuella Camargo,637.524.910-43,oaparecida@example.net,0900 982 8735,"Rodovia Emilly Campos, 90, Dona Clara, 87983518 Pimenta de Novais / GO"
2282,Danilo Jesus,459.708.163-10,azevedoyan@example.net,(051) 4942 2942,"Residencial Pinto, 92, Olhos D'água, 92751-749 Pacheco / AC"
2283,Theo Novaes,215.843.069-98,raquelviana@example.net,(011) 9302-0012,"Setor de Santos, 867, Vila Jardim Leblon, 21905-814 Sousa / TO"
2284,Cauê Fonseca,568.124.079-76,enricomontenegro@example.com,+55 (084) 0608 3562,"Via Rafaela Sá, 31, Castelo, 82400-230 Moreira de Cavalcante / MA"
2285,Dr. Lucas Lima,132.769.850-12,pintoluisa@example.org,(051) 7024 7573,"Parque de Almeida, 67, Jardim América, 40716-365 Farias Verde / CE"
2286,Bento Nascimento,629.754.318-64,limamaite@example.com,(061) 3132 6306,"Favela de Costa, 756, Liberdade, 19604193 Mendonça de da Costa / AP"
2287,Dra. Clara da Paz,194.503.867-57,mendoncaliz@example.net,+55 51 9372 7204,"Estrada Maria Fernanda Machado, 16, Vila Atila De Paiva, 21468-745 Cassiano da Praia / RO"
2288,João Vitor das Neves,902.561.743-34,maria-laurapastor@example.com,0900-212-7318,"Distrito Brito, 4, Marieta 3ª Seção, 10611-584 Barbosa / RR"
2289,Kaique Dias,056.842.193-06,vitor-hugorodrigues@example.com,0300-177-6372,"Largo de Mendonça, 90, Conjunto São Francisco De Assis, 89991746 Pereira / MT"
2290,Sr. Levi Pires,397.614.025-25,julianagomes@example.net,+55 21 4676 4319,"Viaduto Bruno Novais, Vila Atila De Paiva, 28652-748 Silva de Fogaça / RR"
2291,Rhavi Macedo,630.417.295-80,abreurafaela@example.net,84 8482 4967,"Trecho de Rezende, 82, Buraco Quente, 61775-351 Cardoso / RO"
2292,Daniela Moura,784.160.529-30,fernandagarcia@example.org,(084) 5936 1599,"Rua Maria Fernanda Cardoso, 1, Vila Nova Cachoeirinha 2ª Seção, 23491-229 Campos / RO"
2293,Yuri Nascimento,974.281.630-13,borgesmanuela@example.com,0300-618-6793,"Rua de Lima, 59, Céu Azul, 86954792 Vasconcelos / SC"
2294,Maria Isis Cavalcante,041.682.357-26,henry-gabriel64@example.net,+55 51 2995 2689,"Loteamento Cecilia das Neves, Ouro Minas, 27183-596 Moreira / RR"
2295,Dra. Milena Ramos,460.719.352-61,msiqueira@example.org,61 2663 5640,"Loteamento Alícia Borges, 63, Virgínia, 37252-174 Porto das Flores / MS"
2296,Fernanda Brito,063.948.257-00,bcostela@example.org,+55 51 5957 3360,"Parque Fernando Albuquerque, 97, Piratininga, 08460-855 da Cruz / MT"
2297,Vitor Hugo Ramos,418.379.506-01,omoreira@example.com,(041) 8008 1265,"Morro Pinto, 669, Leticia, 71294994 Jesus / PB"
2298,Srta. Júlia Azevedo,348.526.907-74,ferreiraotto@example.org,(011) 6640 4665,"Esplanada de Alves, 87, Nossa Senhora Da Conceição, 57896711 Ribeiro / SC"
2299,Yuri Duarte,124.698.375-37,luna03@example.com,31 5858-0078,"Rua de Vieira, 162, Cidade Jardim Taquaril, 11893473 Teixeira da Prata / MG"
2300,Matheus Siqueira,287.361.940-69,ravi49@example.org,(031) 2219-0772,"Esplanada Borges, 49, Esperança, 23264931 Machado / BA"
2301,Stephany da Rosa,758.490.362-29,da-cunhajuliana@example.net,+55 21 6039-2275,"Chácara da Conceição, 29, Zilah Sposito, 51305086 Lima / PB"
2302,Léo Jesus,381.795.420-41,cavalcantesophie@example.org,(081) 8707-6264,"Viela de Aragão, 2, São Sebastião, 94845514 Camargo / GO"
2303,Caroline Vargas,810.562.743-44,cauamacedo@example.net,+55 (021) 6077 7433,"Campo Costela, Santa Branca, 77958-067 Vasconcelos do Galho / RO"
2304,Bruna Garcia,649.257.130-43,joao-pedromendonca@example.org,81 9068 6239,"Esplanada Silveira, 6, Tupi B, 06086397 Abreu / BA"
2305,Ravy Marques,537.480.126-08,yda-conceicao@example.com,61 3381-6551,"Trevo de Azevedo, 58, Distrito Industrial Do Jatoba, 33767892 da Paz / ES"
2306,Liam Albuquerque,576.913.042-34,mendoncarebeca@example.net,(021) 0158 5855,"Esplanada Alves, Vila Cemig, 70166904 Pinto Grande / DF"
2307,Maria Luiza Pereira,217.460.358-62,beniciooliveira@example.com,31 9876-7151,"Loteamento Novais, 3, Alto Barroca, 59576-357 Oliveira / RO"
2308,Maria Luísa Oliveira,506.187.493-57,benjamimrodrigues@example.net,(041) 8794-6855,"Pátio Campos, 964, Pompéia, 91966-823 Araújo da Praia / RS"
2309,Maitê Pinto,358.974.026-47,maria-eduarda19@example.org,+55 71 7506 1143,"Trevo Monteiro, 36, Braúnas, 96942977 Viana / RN"
2310,José Miguel das Neves,254.063.918-60,claracavalcante@example.net,(061) 3814-4777,"Esplanada Sampaio, Jardim Guanabara, 55882494 Ribeiro Paulista / MG"
2311,Dante Aparecida,328.507.941-04,marcelo96@example.org,(081) 9570-9680,"Viaduto Siqueira, 11, Tupi B, 66319207 Rocha / MS"
2312,Henry Sales,312.074.856-08,oliveirabernardo@example.net,+55 (021) 0778-5690,"Distrito de Pires, 39, Guaratã, 09933070 da Mata do Norte / TO"
2313,Ana Clara Novaes,915.064.783-01,brendada-paz@example.net,(084) 6442-9386,"Rua Cavalcante, 5, Gameleira, 71234102 Costa de Minas / PR"
2314,Felipe Aparecida,960.152.487-85,cleao@example.net,(021) 1443 6857,"Chácara Levi da Cruz, 61, Cenaculo, 92792734 Casa Grande / RN"
2315,Arthur Caldeira,290.453.718-04,gael98@example.org,(011) 4510 1750,"Fazenda Moura, Tiradentes, 81077-096 Lopes de Machado / BA"
2316,José Mendonça,854.109.276-30,opastor@example.org,(051) 0923 1209,"Passarela Cavalcante, 63, Vila São Gabriel Jacui, 85549-633 Araújo do Amparo / ES"
2317,Eloah Lopes,160.345.728-35,enzo89@example.com,(031) 0859 7838,"Esplanada das Neves, 18, Araguaia, 85212377 Cunha das Flores / BA"
2318,Luiz Felipe Dias,430.256.819-42,cnovaes@example.net,(031) 8320-8766,"Vereda João Vitor Nascimento, 99, Vila Primeiro De Maio, 82774126 Duarte de Alves / GO"
2319,Clara Vargas,351.894.027-97,zcamara@example.com,+55 51 7939 1733,"Setor Hellena Campos, Conjunto Floramar, 83167871 Alves / RO"
2320,Vicente Correia,351.796.824-28,alexandrecarvalho@example.com,+55 (071) 2147-2899,"Jardim Castro, 6, São Damião, 69205-749 Freitas / MG"
2321,Enzo Montenegro,284.973.065-38,lucas15@example.net,11 0990-0827,"Vila Brito, 666, São Bernardo, 21311-614 Ferreira de Costela / RN"
2322,Ana Cecília Caldeira,571.620.849-58,apollosampaio@example.org,+55 84 4152 7820,"Trecho de Araújo, 5, Sagrada Família, 74079-385 Porto / AM"
2323,Bernardo da Mota,860.423.951-06,joanadas-neves@example.net,31 9345 6032,"Viela Camila Moreira, 39, Vila Nova Gameleira 3ª Seção, 66555-038 Cirino / TO"
2324,Dr. Danilo Camargo,028.516.497-01,pedro09@example.org,11 2531 4341,"Núcleo Maria Eduarda Vieira, 59, Nossa Senhora Da Aparecida, 15692682 Teixeira / RO"
2325,José Alves,396.072.415-25,pintohadassa@example.com,+55 81 0356-2768,"Loteamento de Casa Grande, 58, Vila Betânia, 51868-331 Lopes / PE"
2326,Srta. Manuella Pereira,923.106.758-30,pmelo@example.org,+55 (011) 4257 9080,"Rodovia Brenda Machado, Conjunto Califórnia Ii, 78891-136 Montenegro / RJ"
2327,Guilherme Ribeiro,172.895.306-59,amandaalbuquerque@example.org,0500-070-6501,"Área Viana, 7, Jardinópolis, 56186-263 Silva / BA"
2328,Caroline Azevedo,156.297.830-68,ana-juliamendonca@example.net,(041) 8857-8431,"Residencial de Jesus, 28, Vila Da Amizade, 04189-290 Aragão Paulista / AP"
2329,Elisa Gomes,715.304.628-35,francisco40@example.com,+55 51 4618 8917,"Viaduto Lima, 8, Vila Formosa, 96130-930 Camargo do Campo / RO"
2330,Vinicius Garcia,263.978.154-55,augusto59@example.org,(041) 2076-9955,"Chácara Novais, 301, Santa Maria, 47442924 Costa / MS"
2331,Luiza Fernandes,806.594.713-10,maria-fernanda00@example.org,11 3391 9172,"Aeroporto Moura, 3, Comiteco, 06579-409 Lima / SE"
2332,Maria Julia Carvalho,430.689.527-00,dda-conceicao@example.com,+55 81 3704-1316,"Morro Emilly Aragão, Fernão Dias, 98557-981 Garcia de Lopes / CE"
2333,Luiz Miguel Aparecida,248.391.056-42,kborges@example.org,+55 (021) 0176 5336,"Colônia Aragão, 80, Baleia, 49330324 Nunes / SE"
2334,Isis Lopes,273.198.460-04,cavalcantiluiz-henrique@example.org,+55 81 8078-9745,"Jardim de Silveira, 3, São Cristóvão, 58037301 Borges de Cavalcanti / RO"
2335,Valentim Monteiro,542.968.103-24,thomas04@example.org,(041) 1163 1623,"Via de Carvalho, 12, Biquinhas, 14710-978 Melo / SE"
2336,Dr. Brayan das Neves,957.042.831-79,kramos@example.net,21 1553-8694,"Recanto de Caldeira, 65, Barão Homem De Melo 3ª Seção, 29780-363 Almeida / AM"
2337,Eloah Costa,714.635.092-43,davi-migueloliveira@example.org,+55 84 3536-2082,"Chácara Maria Júlia Campos, 28, Vila Suzana Primeira Seção, 71809676 Pacheco / RS"
2338,Emanuelly Aparecida,217.364.850-08,ana-lizborges@example.com,+55 (081) 2309 6094,"Parque José Miguel Castro, 497, Vila Nova Dos Milionarios, 78682-865 Guerra / RO"
2339,Luiza Gomes,974.321.508-50,asilva@example.org,+55 84 0691-5815,"Quadra de Garcia, 174, São Lucas, 09305906 Brito Paulista / AC"
2340,Yan Rocha,932.180.564-89,gcorreia@example.com,11 2062-0973,"Praia Brito, 5, São João, 93846094 Santos da Prata / MS"
2341,Clarice das Neves,743.280.519-97,enrico48@example.com,0800 613 9070,"Viela Nunes, 4, Zilah Sposito, 21389008 Cavalcanti / SC"
2342,Giovanna Borges,512.694.708-76,valentina14@example.net,31 5527-3311,"Núcleo Viana, Caiçaras, 76103-275 Novaes de Minas / SP"
2343,Luan Ferreira,620.851.934-98,miguelaraujo@example.com,(031) 8432 5697,"Alameda Pinto, 62, Serrano, 18549-202 Nogueira / AL"
2344,Pedro Henrique Novaes,694.821.570-01,guilhermeda-paz@example.com,+55 61 5785-3136,"Travessa Eloah Sá, 507, Santa Helena, 07544-070 Souza de Mendonça / PB"
2345,Aurora Moreira,954.782.631-09,dda-cruz@example.org,+55 11 8324-0972,"Feira de Almeida, 794, Jaraguá, 51599-728 Cirino de Leão / RR"
2346,Maria Cecília Macedo,791.326.485-37,eduardo08@example.org,(061) 1296 6577,"Pátio Fogaça, 41, Vila Cloris, 27733515 Teixeira / CE"
2347,Marina Alves,215.480.367-90,barbara52@example.org,0800-874-0575,"Estrada de da Cunha, 79, Embaúbas, 10785-773 Sousa / PR"
2348,Rebeca Marques,695.730.418-39,caua40@example.net,+55 (011) 8068 1959,"Recanto de da Conceição, 4, Outro, 66238082 Silveira de Almeida / MS"
2349,Vinícius Monteiro,941.230.765-99,joao-lucasmoura@example.org,(081) 5758 4574,"Núcleo Renan Fonseca, 813, Cidade Nova, 55291-996 Pacheco do Campo / SP"
2350,Sr. Bernardo Vargas,938.165.072-12,salesheloisa@example.com,+55 (031) 8117-0642,"Aeroporto Siqueira, 65, Maria Tereza, 18205-892 Cavalcanti do Campo / RJ"
2351,Nicolas Alves,702.415.386-53,alvesotavio@example.com,(084) 3340-5015,"Largo Vasconcelos, 40, Calafate, 86035283 Nogueira de Barbosa / PR"
2352,Sofia Viana,068.723.514-62,amacedo@example.com,+55 81 6729 1197,"Favela Catarina Guerra, 64, Marieta 1ª Seção, 54179-586 Araújo / RS"
2353,Maria Isis Nogueira,253.078.641-08,hnovaes@example.org,0800-747-2494,"Estrada de da Mota, 40, Vila Canto Do Sabiá, 71709587 Almeida / MA"
2354,Breno Aparecida,493.578.062-29,novaissamuel@example.com,+55 (041) 6415 5731,"Núcleo Casa Grande, Coração De Jesus, 79524960 Cunha / AP"
2355,Sra. Eloá Azevedo,590.872.431-97,ravida-rocha@example.com,+55 (081) 8506-3705,"Aeroporto de Vasconcelos, 67, Vila Nova Cachoeirinha 2ª Seção, 34549-351 Barbosa / AL"
2356,Sra. Laís da Mota,729.038.456-38,yago61@example.com,51 1112 4190,"Vereda Ana Clara Cunha, 96, Vila São Francisco, 35284-722 Nascimento / SC"
2357,Isabella Pimenta,567.431.829-82,zmendonca@example.com,(011) 2572-1849,"Fazenda da Cruz, 76, Havaí, 17512-622 Melo de Aragão / AC"
2358,Eloah Casa Grande,326.971.458-00,lucasteixeira@example.org,(031) 9133 6903,"Núcleo de Pastor, Vila Mangueiras, 66199-823 Dias / BA"
2359,Cecilia Oliveira,490.625.317-25,ana-juliasilveira@example.org,(084) 9746 4796,"Conjunto Anthony Gabriel das Neves, 34, Floresta, 59438877 Rocha / AL"
2360,Diogo Rodrigues,578.631.204-62,paulo42@example.com,+55 41 0051 2191,"Vila João Vitor Albuquerque, Santa Inês, 16012800 Rocha / ES"
2361,Brayan Leão,307.412.965-43,carlos-eduardo96@example.net,(071) 4559 9413,"Trevo Maria Luísa Farias, 2, Nossa Senhora Aparecida, 05586993 Gonçalves / RS"
2362,Igor Martins,590.876.431-01,danilocostela@example.net,0800-461-2458,"Lagoa Almeida, 83, São Vicente, 74725445 Barbosa / RS"
2363,Bernardo Peixoto,358.106.729-30,vargasluigi@example.com,(021) 9395-1460,"Chácara Moura, 64, Paraíso, 28408356 Pereira / PB"
2364,Gael Garcia,869.471.203-22,alexandrepastor@example.net,+55 (011) 5714 4752,"Lagoa Otávio Moreira, Vila Independencia 3ª Seção, 95821-107 da Costa das Pedras / AM"
2365,Rael Teixeira,018.943.562-33,tda-mota@example.org,0500-663-1719,"Setor Macedo, 3, Vila Boa Vista, 64106-798 da Cruz das Pedras / SC"
2366,Maria Julia Brito,713.402.965-43,gcaldeira@example.org,+55 71 0746-9626,"Distrito Pedro Lucas Vieira, 5, Lorena, 21991-433 das Neves de Sousa / PE"
2367,Hellena Lima,049.127.368-13,freitasmariana@example.net,(061) 9484-7630,"Travessa Cardoso, 957, São José, 01496186 Carvalho / RS"
2368,João Miguel Pinto,089.645.721-49,borgesrenan@example.org,+55 84 7652 9228,"Área Cassiano, 344, Novo Aarão Reis, 12609-442 Vasconcelos Grande / TO"
2369,Dr. Vitor Aragão,450.721.963-99,estercunha@example.com,(084) 1482 1018,"Núcleo Levi Moura, 79, Serra Verde, 94790441 Siqueira de da Cruz / MS"
2370,Gustavo Henrique Leão,637.290.184-69,britoliz@example.net,0300 945 7482,"Fazenda Freitas, 91, Vila Santa Monica 2ª Seção, 23038-815 Azevedo / RS"
2371,Sr. Miguel Cunha,652.894.731-73,monteiroana-beatriz@example.com,41 0789-2821,"Pátio Rebeca Barros, 834, Maria Tereza, 42514584 Freitas de Almeida / AM"
2372,Dr. Guilherme Marques,592.431.780-32,esther71@example.com,21 0735-0568,"Viela Nogueira, 65, Maria Tereza, 61359880 Borges / RR"
2373,Juan Alves,437.529.061-70,gleao@example.net,31 1349 9509,"Viela de Sousa, 61, Vila Rica, 48437-846 Pereira / MA"
2374,José Câmara,127.398.506-03,jleao@example.com,+55 61 0492 0386,"Loteamento de Fonseca, 893, São Bento, 19761916 Ribeiro / CE"
2375,Pedro Miguel Garcia,361.740.958-00,azevedojoao-lucas@example.net,+55 (071) 4991 2770,"Colônia de Guerra, 72, Lorena, 64232980 Mendes / TO"
2376,Paulo Câmara,842.106.359-60,marianunes@example.org,+55 (084) 1709-2551,"Praça de Viana, 26, Miramar, 25247-097 Lopes / BA"
2377,Laura Lopes,634.782.095-10,ymoraes@example.net,(071) 9947 3266,"Favela Luiz Fernando Nascimento, 865, Nova Vista, 96693529 Novaes / RJ"
2378,Dante Sousa,426.573.091-43,qcavalcante@example.net,+55 81 1455 6550,"Fazenda de Moura, 6, Alto Caiçaras, 54510-454 Siqueira / BA"
2379,Gustavo Pacheco,870.236.154-07,andreviana@example.org,+55 (084) 7838-6502,"Lago João Novais, 2, Vila Da Ária, 41932019 Carvalho de Ferreira / MT"
2380,Dra. Julia Machado,650.489.271-76,beatriz79@example.org,+55 84 7399 4005,"Núcleo Fogaça, 7, Vila Engenho Nogueira, 77909-961 Aragão / DF"
2381,Matheus Cunha,281.379.405-88,gael61@example.net,+55 (041) 3057 8983,"Rodovia de Melo, 8, Corumbiara, 85154-697 Novais Paulista / PI"
2382,Sofia Pastor,356.479.102-70,machadoluna@example.net,31 3431-0565,"Lagoa Clarice Mendes, 4, Grotinha, 39848-770 Moura da Prata / BA"
2383,Alexia Fernandes,702.143.856-71,garciamelina@example.com,(041) 3236 4694,"Via de Barros, 44, Nova Pampulha, 16639-181 Cirino / AM"
2384,Dr. Kevin Azevedo,856.214.307-35,davi-lucas38@example.com,41 9235-7510,"Viela Porto, 34, Nova America, 66852-966 Rios das Flores / PB"
2385,Nina Cavalcante,380.679.245-38,caleb36@example.org,(084) 2932-0239,"Rodovia Matteo Moreira, Vila Nova Gameleira 3ª Seção, 11709-072 Borges de da Cruz / PA"
2386,Cauã Silveira,736.985.210-59,rodriguesvicente@example.net,(011) 6122-4227,"Lagoa Ana Beatriz Albuquerque, 27, Teixeira Dias, 66628-407 Mendes de Nascimento / ES"
2387,José Pedro Casa Grande,517.842.306-26,benjamim30@example.net,84 6894 7848,"Parque de Novaes, São Bernardo, 97619164 Costela de Rodrigues / CE"
2388,Bryan Gomes,524.789.613-00,llopes@example.org,(011) 1326 7982,"Largo Câmara, 5, Nossa Senhora Aparecida, 90225507 Silva / PE"
2389,Lorena Caldeira,896.375.142-28,vvasconcelos@example.net,+55 (021) 2469 3485,"Fazenda Pereira, 3, Vila Maloca, 76572654 Pimenta / SC"
2390,Vicente da Cruz,805.642.791-02,pedro-henrique38@example.net,+55 (051) 9689-8058,"Avenida de Borges, Apolonia, 96105-278 Rodrigues dos Dourados / PA"
2391,Gael Andrade,812.749.536-00,ana-vitoria57@example.org,(084) 6330 9685,"Largo da Paz, 81, Jaqueline, 11778156 Alves do Oeste / GO"
2392,Isadora Farias,102.569.743-06,ovieira@example.org,+55 84 5205 7779,"Chácara Maria Clara Duarte, 80, Vila Madre Gertrudes 2ª Seção, 15511647 da Cruz / MT"
2393,Caio Azevedo,845.236.079-74,thales29@example.org,(031) 4963 8277,"Estrada Nascimento, 25, Providencia, 52925962 Dias / ES"
2394,Srta. Alana da Cunha,713.940.568-93,luaragarcia@example.com,71 9070 4981,"Recanto Gonçalves, João Pinheiro, 13041105 Novaes / AC"
2395,Ester Rezende,473.026.981-04,bcavalcante@example.com,+55 31 3507 7976,"Vale Pacheco, 333, Conjunto Lagoa, 85929202 Caldeira dos Dourados / AM"
2396,Stephany Pires,162.490.537-43,mateussousa@example.net,+55 41 7569 2259,"Área Câmara, 35, Bom Jesus, 28711-442 Viana da Mata / SE"
2397,Srta. Maria Luiza Sampaio,719.520.836-21,ana-luiza18@example.com,+55 81 4832 5070,"Lago Murilo Mendes, Vila Madre Gertrudes 4ª Seção, 94779025 da Luz da Praia / AC"
2398,Ana Julia Albuquerque,421.635.890-05,machadomaria-luiza@example.net,(061) 0877 6787,"Área de Costela, 89, Lagoinha, 18871-672 Cavalcante Verde / CE"
2399,Théo Castro,615.320.487-26,eduardaporto@example.org,+55 (011) 3383-0726,"Viaduto de Farias, 580, Vila Santa Monica 2ª Seção, 94946-677 Alves / RR"
2400,Yago Fonseca,962.150.437-61,icosta@example.org,+55 61 0624-5327,"Favela Luísa Pastor, Vila Esplanada, 09702-148 Albuquerque / PB"
2401,Ana Laura Rocha,280.965.314-33,maite59@example.net,+55 31 7011-2504,"Praça Brito, 192, Vila São Geraldo, 37256648 Freitas Paulista / TO"
2402,Caleb Casa Grande,538.124.609-98,henrique09@example.org,+55 (071) 0278 3481,"Estação de Rodrigues, 22, São Gabriel, 38438179 Vasconcelos / DF"
2403,Joaquim Brito,725.184.603-90,maria-helenamartins@example.net,+55 (084) 1514-6150,"Praça Giovanna Andrade, 146, Túnel De Ibirité, 19208549 Moura / RS"
2404,Théo da Paz,567.920.483-56,ysousa@example.net,31 4273 8136,"Vale Luiza Castro, 33, São Jorge 1ª Seção, 19171087 Vieira / AP"
2405,Sophie da Mata,714.385.690-84,arthur-miguel98@example.org,21 3623-5401,"Colônia de Costela, 36, Caiçara - Adelaide, 94745876 Fernandes / PA"
2406,Melissa Campos,415.720.693-25,hvieira@example.org,31 3853-1732,"Via de Lima, 78, Carlos Prates, 50940447 da Cunha do Sul / MS"
2407,Guilherme Campos,561.082.934-89,benicio75@example.org,+55 21 7131 2769,"Conjunto Abreu, 53, Vera Cruz, 25782629 Porto / MG"
2408,Dante da Cruz,467.138.092-78,moreiradavi-miguel@example.com,+55 41 1995 2351,"Chácara de Silva, 1, Alto Barroca, 17232-268 Aragão da Serra / SC"
2409,João Vitor da Mata,469.102.537-52,sophiesousa@example.org,+55 (071) 4942 7310,"Praça Vitor Hugo Sá, 668, Jonas Veiga, 69180980 Pimenta / PI"
2410,Vicente Monteiro,419.260.783-22,vieiraluiz-felipe@example.org,+55 71 1839-4764,"Feira de Aragão, 323, Ribeiro De Abreu, 80232733 Barros / RS"
2411,Lívia Freitas,284.357.901-50,maria-aliceramos@example.org,(031) 0523-0420,"Travessa de Machado, 28, Xodo-Marize, 08145093 Moraes do Sul / SP"
2412,Dra. Antonella da Paz,327.194.605-16,fnascimento@example.org,81 1188-5403,"Lago de Campos, 17, Conjunto Jatoba, 71897716 da Luz / RO"
2413,Gabriela Sampaio,361.758.902-21,santosluara@example.net,11 2177 0730,"Morro de Andrade, 339, Petropolis, 63661-806 Casa Grande / DF"
2414,Dr. Léo Garcia,359.678.042-00,tdas-neves@example.net,+55 (041) 3692-4894,"Fazenda da Cunha, 359, Vila Rica, 15905780 Borges / MS"
2415,Paulo Farias,718.460.539-00,brayan43@example.net,+55 51 0473 9915,"Parque Mendes, 20, Camargos, 02870-547 Fonseca / SP"
2416,Raquel Mendes,351.760.982-02,nicolas31@example.org,+55 (011) 6671 4832,"Passarela João Sampaio, Ipe, 44178-466 Jesus / MG"
2417,Sarah Nogueira,603.472.859-29,novaesdavi-luiz@example.net,21 6730-4557,"Conjunto de Azevedo, 872, Vila Nova Gameleira 1ª Seção, 82176757 Martins / ES"
2418,Isabel Oliveira,382.197.064-22,csampaio@example.org,+55 (031) 2124-0506,"Recanto Teixeira, 47, Vila São Rafael, 40162582 da Cunha / MA"
2419,João Lucas Montenegro,978.630.145-57,maria-helenapacheco@example.org,0800 833 5662,"Loteamento de Câmara, 583, Vila Piratininga Venda Nova, 32611460 Novais / PB"
2420,Nicolas Jesus,364.510.982-05,siqueiraisaac@example.com,+55 (051) 2756-2244,"Alameda Pietra da Mata, 558, Ouro Minas, 94681-404 da Conceição / PB"
2421,Apollo Garcia,406.981.537-66,fernando40@example.net,+55 (081) 4377 2030,"Estação de da Mata, 4, Paraíso, 47949594 Nunes do Sul / GO"
2422,Arthur Miguel Mendonça,845.976.132-00,dgoncalves@example.com,51 1297 1826,"Condomínio Luiz Gustavo Vasconcelos, 63, Pompéia, 02430-103 Oliveira da Praia / MA"
2423,Juliana Mendes,769.304.125-70,qmontenegro@example.net,(061) 9257-2616,"Parque Vargas, 4, Bacurau, 55440-384 Ramos / ES"
2424,Asafe Ramos,754.169.083-00,brunaborges@example.com,21 0017-5701,"Esplanada Guilherme Caldeira, 6, Caiçara - Adelaide, 69066070 da Luz de Sampaio / AC"
2425,Marcos Vinicius Vasconcelos,238.071.659-59,carvalholuiz-miguel@example.net,(084) 9347-1493,"Rua Enrico Nascimento, 950, Ermelinda, 42848-415 Vasconcelos / ES"
2426,Nicolas Souza,987.532.406-00,rezendeana-luiza@example.org,11 5043 9317,"Jardim de da Mata, 70, Cenaculo, 91233376 Rodrigues / PE"
2427,Dr. Emanuel Brito,425.876.913-46,diego43@example.org,+55 84 7793 3618,"Rua Sousa, 15, Alípio De Melo, 77558-392 Freitas da Praia / GO"
2428,Davi Luiz Sales,653.824.107-71,pirespedro@example.net,+55 21 4126-0889,"Colônia Ferreira, 47, São Marcos, 33559-596 Martins da Praia / MG"
2429,Letícia Sales,017.463.528-17,thomasaragao@example.net,+55 31 3458 8948,"Viaduto Lucas Gabriel Campos, 10, Vila Copacabana, 27979-210 Vasconcelos / SC"
2430,Pedro Miguel Machado,391.476.502-06,maria-lizborges@example.com,+55 84 6056-8940,"Aeroporto Paulo Sales, 24, Araguaia, 82842-034 Leão da Serra / PB"
2431,Igor Monteiro,380.719.562-95,pastormarina@example.net,+55 61 3187-6705,"Viela de Caldeira, 12, Vila Jardim Leblon, 28674-047 Sales / RR"
2432,Dr. Henrique Nunes,794.503.168-48,tramos@example.com,81 3797 2855,"Morro de Nogueira, Anchieta, 73794-269 Melo dos Dourados / MG"
2433,Benicio Fonseca,267.530.194-99,isabella61@example.com,41 5694 0060,"Passarela Campos, 1, Antonio Ribeiro De Abreu 1ª Seção, 55874578 Freitas do Oeste / AL"
2434,Guilherme Lima,901.482.675-30,kbarros@example.net,(051) 7424-8851,"Lagoa de Cardoso, 41, Esplanada, 45592-380 Vasconcelos da Prata / SP"
2435,Dr. Guilherme Silva,290.476.358-92,abreuaylla@example.org,+55 51 6722 2828,"Favela de Teixeira, 83, Sagrada Família, 48800-030 Camargo / RN"
2436,Rafaela Borges,613.849.720-13,heloisaramos@example.net,0300 243 3729,"Lago Maria Isis Moreira, 31, Santa Sofia, 68576015 Costa da Serra / PB"
2437,Srta. Maria Fernanda Siqueira,813.904.672-87,ravy01@example.com,71 5771 6224,"Travessa de da Paz, 271, Nova Cintra, 45448650 Pires / SE"
2438,Liz Montenegro,435.610.729-25,pimentaisaac@example.org,(061) 5563 9681,"Conjunto Ana Vitória Cassiano, Bela Vitoria, 76926-638 Cardoso / MG"
2439,Ravi Lucca das Neves,183.627.094-13,qnovais@example.net,11 7588 4091,"Passarela Freitas, 60, São Luiz, 28639-755 Ramos / BA"
2440,Isaque Fernandes,786.103.529-86,calebecasa-grande@example.com,+55 (011) 4117 8522,"Lago de Caldeira, Vila Santa Monica 1ª Seção, 54407161 Gonçalves do Sul / SE"
2441,José Pedro Araújo,942.581.603-42,dsiqueira@example.org,0900 281 8015,"Viaduto Andrade, Céu Azul, 54805-491 Duarte da Praia / AM"
2442,Stella da Conceição,584.127.963-73,cavalcantepedro@example.org,+55 51 7515 3008,"Viaduto de Brito, 53, Mirtes, 07910-662 Azevedo / MT"
2443,Maria Brito,961.475.203-34,ramosdante@example.org,(051) 3308-5954,"Campo de Ferreira, Antonio Ribeiro De Abreu 1ª Seção, 00697-138 Cavalcanti / SC"
2444,Alexia Machado,850.719.432-04,vitorfonseca@example.org,61 9199 6318,"Sítio Maria Isis Jesus, Pindura Saia, 03988-047 Alves de Goiás / MA"
2445,Lorenzo Fogaça,503.189.462-89,barrosyuri@example.net,+55 (021) 9588-5308,"Largo Jesus, 176, Belmonte, 71840-752 Macedo do Amparo / MA"
2446,Samuel Sá,215.384.760-53,araujorafaela@example.net,+55 (041) 5925-6375,"Trevo Cavalcanti, 5, Conjunto Serra Verde, 10068101 Pastor / SP"
2447,Juliana Santos,798.645.301-00,vieiraemanuel@example.org,(084) 9497 6692,"Distrito de Câmara, 8, Vila Aeroporto, 90167-953 Moura de Minas / RN"
2448,Dr. Enrico Gomes,751.243.806-08,da-cunhaantonio@example.net,(081) 0777 6650,"Feira de Vargas, 793, Cidade Jardim, 58885552 Pacheco / SE"
2449,Ana Andrade,210.496.357-52,gustavo-henriquemelo@example.org,+55 41 7801 8600,"Via Marcos Vinicius da Cunha, 11, Delta, 34282246 Mendonça / AM"
2450,Arthur Gabriel Novais,231.805.679-02,correiakaique@example.com,11 8853 7517,"Viela de Rezende, 74, Cidade Jardim Taquaril, 66155052 Macedo / RJ"
2451,Maria Luiza Silva,538.490.716-93,jose-pedro21@example.net,0800-300-4509,"Trevo da Luz, 44, Solar Do Barreiro, 06316-610 Vieira / PE"
2452,Isadora Araújo,951.823.476-00,yborges@example.org,+55 71 4354-7262,"Trevo de Melo, Saudade, 19716254 Costela da Serra / SP"
2453,João Lucas Cardoso,590.678.312-12,maria-clara06@example.net,0500 312 3291,"Vale Nascimento, 5, Solar Do Barreiro, 64604-576 da Costa de Minas / RJ"
2454,Danilo Leão,483.615.902-42,maria-luiza31@example.org,(071) 7832 4181,"Vereda Eduardo Moreira, 60, Vila Madre Gertrudes 4ª Seção, 66019703 Novais / RS"
2455,Henry Gabriel Sousa,563.071.298-59,agatha88@example.net,71 0092 1466,"Passarela Leão, 77, Cachoeirinha, 96718776 Rezende do Amparo / CE"
2456,Sofia Nogueira,317.024.698-40,borgeshadassa@example.net,+55 61 1255-7975,"Favela Guerra, 6, Cdi Jatoba, 06488-403 Aparecida / MS"
2457,Augusto da Rocha,307.258.416-80,barbosaana-liz@example.net,(041) 8787-1972,"Travessa Casa Grande, 30, Vila Boa Vista, 30646-453 Viana / AC"
2458,Sabrina Dias,786.231.054-35,goncalvesbarbara@example.net,(081) 4689-6708,"Via de Freitas, 565, Esperança, 84816-219 Guerra do Oeste / RO"
2459,Léo Macedo,570.239.841-60,lopescarolina@example.net,+55 (051) 5707-5243,"Viaduto de Casa Grande, 8, Santo André, 60811-333 da Conceição / RN"
2460,Melissa da Cruz,986.524.137-46,arios@example.org,+55 (071) 1273 5396,"Trecho Garcia, 50, Santa Rosa, 86528035 Correia / MS"
2461,Gabriel Farias,213.789.640-04,hda-paz@example.net,0500-949-4203,"Viela de Martins, 67, Vila Novo São Lucas, 57561126 Caldeira de Teixeira / AP"
2462,Luigi da Costa,598.463.207-10,brocha@example.com,+55 (071) 5870 6424,"Praia Ágatha Cirino, 826, Mariquinhas, 27683930 Sá / GO"
2463,Vicente da Cruz,769.245.310-16,riosdaniel@example.net,(081) 4174-3509,"Passarela de Rios, Castelo, 71874-488 Fernandes da Serra / DF"
2464,Giovanna da Cruz,804.729.513-60,waraujo@example.com,(061) 0757-5461,"Chácara Vieira, 27, Vila Antena Montanhês, 15475-730 Martins / RR"
2465,Isabel Guerra,065.279.381-95,pedro-miguelazevedo@example.com,(021) 1798 2506,"Trevo de Mendonça, 24, Vila Batik, 32195039 Cavalcante das Pedras / PB"
2466,Murilo Sá,589.031.762-86,santosbruna@example.com,0300 782 4931,"Conjunto de Sousa, 598, Vila São Geraldo, 55110-573 Fogaça / RS"
2467,Eloá Gonçalves,637.512.489-19,hsales@example.net,+55 (051) 2191-5236,"Residencial de Rodrigues, 25, Caetano Furquim, 73545-108 Melo / AP"
2468,Rebeca da Cunha,631.048.957-75,maria-vitoriaguerra@example.net,+55 (061) 2753 6199,"Colônia de Cavalcante, 95, João Paulo Ii, 73857878 Ferreira / MG"
2469,Pedro Miguel Sampaio,258.976.410-30,mda-costa@example.net,+55 81 9774-2656,"Campo de Jesus, 147, Santa Inês, 31867-301 Souza / RS"
2470,Hellena Sá,501.237.964-07,rezendemaria-liz@example.net,(051) 0345-5251,"Largo Dias, 37, Casa Branca, 08626649 Novais do Sul / BA"
2471,Bárbara Jesus,961.872.435-28,da-conceicaoluara@example.com,+55 21 5547-0249,"Trevo Clarice Costa, 9, Conjunto Celso Machado, 57210231 Martins do Campo / MA"
2472,Oliver Moraes,139.072.546-43,scostela@example.com,+55 61 7013-1148,"Parque de Teixeira, 270, Pantanal, 59096360 Viana / PE"
2473,Alana Freitas,782.915.460-02,goncalvesmatteo@example.com,+55 (031) 3922 7746,"Chácara Leão, 3, Vila Rica, 11753-245 Dias / MG"
2474,Juan Ribeiro,458.091.763-48,maria-vitoriacavalcanti@example.org,(081) 2074-7238,"Trecho de Pastor, 79, Vila Jardim São José, 18619-023 Mendes das Pedras / PI"
2475,André Fogaça,978.045.321-05,danilomendonca@example.net,51 7717 9149,"Quadra Daniel Marques, 10, Lagoa, 24991863 da Mota das Flores / RS"
2476,Dr. Henrique Aparecida,964.571.082-02,marcelagoncalves@example.net,(021) 5546-4230,"Via Marcos Vinicius Rodrigues, 28, Barroca, 73882518 Sales de Sousa / PI"
2477,Marcos Vinicius Melo,903.865.127-95,henry25@example.net,61 9207-4065,"Ladeira Oliveira, Barro Preto, 33899991 Vargas / AC"
2478,Ester Gomes,453.780.219-79,bnogueira@example.com,0800-420-8154,"Rodovia de Vasconcelos, 118, Bernadete, 14044438 Fonseca / SE"
2479,Thales Lopes,924.851.076-02,sophiada-cruz@example.net,+55 (071) 8605 5565,"Praia Ana Luiza da Conceição, 9, Aparecida, 23941066 Siqueira das Pedras / RR"
2480,Ana Luiza Teixeira,846.372.150-80,gabrielaparecida@example.com,(084) 3643-4674,"Passarela de Rios, 744, Itatiaia, 30533-121 Barbosa de Vasconcelos / SP"
2481,Carolina Carvalho,924.107.386-13,gustavo81@example.net,(011) 4090 3649,"Morro Viana, Maravilha, 95230745 Nogueira / AM"
2482,Oliver Sousa,097.153.624-43,lucca86@example.com,0300 434 8484,"Sítio de Marques, 39, Conjunto Minas Caixa, 19803-091 Vasconcelos / RR"
2483,Ana Sophia Castro,087.961.354-84,danilomacedo@example.org,+55 41 4598-3016,"Largo de Rocha, Vista Alegre, 16112667 da Mata do Galho / AC"
2484,Henrique Monteiro,735.082.196-40,alvesgael@example.org,+55 (051) 2894 6243,"Vila de da Rosa, 92, Vila Coqueiral, 91153-683 Castro Grande / SC"
2485,Yago Nascimento,936.124.708-50,diogooliveira@example.net,+55 (081) 4233 8460,"Residencial Luan Vieira, 53, Vila Sesc, 46388-220 Ramos / CE"
2486,Fernanda Duarte,203.457.689-65,benjamimvasconcelos@example.com,31 8245-3872,"Fazenda de Freitas, 36, São Paulo, 47372-330 Ramos / SC"
2487,Brayan Pereira,528.730.146-44,sophia67@example.net,(051) 0808-2052,"Estação de Lima, 45, Vila Antena Montanhês, 75179375 das Neves / AL"
2488,Evelyn Ribeiro,537.814.290-32,aragaohelena@example.com,+55 81 9890 8608,"Praia Ryan Cassiano, 93, Vila Minaslandia, 02328270 Pinto de Nunes / AM"
2489,Lara Camargo,160.348.259-89,souzasara@example.com,+55 61 9059-9077,"Feira Maria Liz Gonçalves, 26, Vila São Francisco, 19192-619 Alves Grande / AP"
2490,Mateus Barbosa,643.897.501-00,monteiroolivia@example.net,+55 (071) 3698-7170,"Rodovia Cassiano, 21, Vila Sesc, 05170-819 Silva de Nascimento / RO"
2491,Thales Garcia,615.892.703-12,barbosafrancisco@example.org,+55 81 6980-0881,"Colônia Theo Sousa, 92, Vila Ecológica, 00722-202 Mendonça da Prata / MS"
2492,Nathan Farias,746.308.159-10,ribeirovalentina@example.com,+55 (021) 5641 2632,"Lagoa de Barros, São Jorge 3ª Seção, 01313-858 Vieira / MG"
2493,Isaque Sousa,154.086.927-01,xvasconcelos@example.com,0500 962 5524,"Via Brenda Guerra, 74, Santa Helena, 40835906 Correia do Oeste / AM"
2494,Alice Campos,852.034.617-08,jda-conceicao@example.net,+55 (041) 0409-3325,"Residencial Ramos, Anchieta, 33124182 Garcia de Cunha / MS"
2495,Ana Clara Sousa,462.598.103-42,marcelaborges@example.org,+55 21 9970-2808,"Via Daniel Aragão, 3, Goiania, 63036512 Marques do Norte / AC"
2496,Heloisa Câmara,023.564.179-07,alexandrelopes@example.com,51 9988 3910,"Rodovia Almeida, 668, Bernadete, 45702-372 Silva / SE"
2497,Dr. Theo Ramos,724.513.908-32,sara85@example.org,+55 84 9009-8416,"Chácara da Costa, Alta Tensão 1ª Seção, 93014053 Dias / SE"
2498,Liz Fernandes,954.713.086-20,liviasales@example.org,(081) 0350-7142,"Alameda de Freitas, Vila Independencia 3ª Seção, 21591998 Costela do Amparo / AP"
2499,Davi Lucca Abreu,392.068.174-69,osousa@example.net,81 0113 4979,"Ladeira Lopes, 51, Mirante, 14519-464 Lima / SE"
2500,Maria Alice Dias,457.169.208-02,da-rochacaue@example.net,41 9048-4970,"Fazenda Davi Luiz das Neves, 7, Acaba Mundo, 75196-679 Rezende de Lopes / AL"
2501,Arthur Gabriel Sousa,801.392.745-88,sofia40@example.com,0800-400-9542,"Vereda Jesus, 262, Sagrada Família, 55238767 Casa Grande do Norte / DF"
2502,Sr. Liam Castro,495.168.327-09,aragaopedro-lucas@example.com,+55 (051) 2474-7306,"Campo Yuri Souza, Xodo-Marize, 15832964 Araújo / PA"
2503,Lucas Gabriel Pacheco,792.468.035-74,vianajoana@example.com,+55 (041) 3007 9347,"Esplanada de Costela, Renascença, 08836032 Viana / PR"
2504,Mirella Correia,064.392.871-50,julia04@example.org,21 8832-0694,"Fazenda Isabela Moreira, 122, Vila Havaí, 48039-478 Melo Grande / RJ"
2505,Nathan Ribeiro,023.571.498-41,qaparecida@example.org,61 2901-1952,"Colônia de Ramos, 88, Virgínia, 19731206 Abreu de Pastor / SP"
2506,Sr. Renan Câmara,253.691.084-98,nicolasvieira@example.org,+55 (061) 8607-0333,"Rua Andrade, 73, São Salvador, 35193-334 Moreira / ES"
2507,Sr. Diogo Pastor,864.793.105-00,da-pazfernando@example.org,(041) 0912 1836,"Viaduto Ferreira, 47, Vila Maria, 24147624 Silveira / RS"
2508,Mathias Nogueira,574.136.028-90,sampaioarthur-miguel@example.org,84 7660 7228,"Morro de da Cruz, 31, São Vicente, 43783-120 Cassiano / SP"
2509,Marcela Almeida,387.120.695-40,barbara59@example.com,+55 31 3274-7465,"Lago Samuel Abreu, 16, Conjunto Minas Caixa, 36888-403 Carvalho da Serra / MA"
2510,Milena Monteiro,385.920.671-03,da-motamanuella@example.net,(051) 9664-4605,"Pátio Montenegro, 63, Unidas, 27913726 Carvalho do Amparo / PI"
2511,Diogo Moura,968.053.427-83,lfreitas@example.net,41 2420-3490,"Viela Hellena Ramos, 25, Santa Margarida, 59853-952 Santos / TO"
2512,Clara Mendonça,435.810.927-60,pintomaria-eduarda@example.net,51 7302 5869,"Jardim de Marques, 71, Funcionários, 38027646 Rodrigues do Oeste / RJ"
2513,Srta. Jade Nunes,689.521.374-00,gustavo82@example.com,+55 71 1685-7256,"Colônia de Cavalcanti, 934, Vila Oeste, 06668184 Marques da Serra / AL"
2514,Kaique Correia,490.782.156-58,lizmendonca@example.com,+55 (084) 6382-8748,"Travessa de Pimenta, 20, Betânia, 74419-958 Garcia Verde / MS"
2515,Letícia Borges,720.319.485-04,mouravinicius@example.com,71 0416-3045,"Praia Bruno Nascimento, 2, Ipiranga, 96288-415 da Rosa / AC"
2516,Sra. Luísa Cardoso,452.867.301-08,vieiraisabel@example.net,+55 (021) 8072-1260,"Passarela de Vargas, 89, Diamante, 23562-453 da Paz dos Dourados / CE"
2517,Davi Lucas Carvalho,638.519.720-40,cardosotheodoro@example.org,+55 31 8241 6852,"Via de Gonçalves, 6, Vila Puc, 78404-942 Rios / MS"
2518,Emilly Ferreira,917.358.620-02,gda-mota@example.org,11 3155-6995,"Feira Erick Cassiano, 55, Chácara Leonina, 21155930 Pimenta / PE"
2519,Dra. Isis Azevedo,217.950.836-03,yuriteixeira@example.net,+55 (061) 7566-9802,"Pátio de Sales, Vila Puc, 16939744 Almeida do Galho / BA"
2520,Maria Vitória Aragão,124.085.673-35,gandrade@example.org,(084) 6561 0732,"Área de Gomes, 22, Vila Formosa, 90243119 Câmara / PA"
2521,Luiz Henrique Farias,508.276.349-00,enzo-gabriel06@example.org,41 3635 7160,"Núcleo Ana Cecília da Costa, 91, Lourdes, 07145200 Peixoto da Serra / CE"
2522,Sra. Ana Leão,542.307.196-80,hda-rocha@example.com,+55 11 1345-9889,"Passarela Benicio Cavalcante, 295, Suzana, 61283925 Mendes / AM"
2523,Pietra Sampaio,396.507.148-39,limadaniela@example.net,+55 (081) 2047-3079,"Vila Melo, Beija Flor, 56613114 Garcia / SE"
2524,Ísis Vasconcelos,630.817.452-17,joanaabreu@example.net,61 3576-0464,"Chácara Freitas, 889, Marieta 1ª Seção, 55661930 Martins da Mata / AM"
2525,Dante Viana,274.836.951-37,vitor-hugosiqueira@example.net,(081) 7954 5143,"Loteamento Anna Liz Abreu, 670, Parque São José, 58454-532 Rezende da Serra / PE"
2526,Ayla da Mota,216.435.709-43,lucas-gabriel07@example.org,84 7269-3677,"Campo Nascimento, 753, Conjunto Santa Maria, 00820671 Machado / MT"
2527,Alexandre Sampaio,467.902.813-04,hellena74@example.org,0800-801-3111,"Ladeira das Neves, 742, Vila Madre Gertrudes 4ª Seção, 07849-647 Silveira do Norte / RO"
2528,Ayla Nogueira,783.014.652-71,fcosta@example.com,+55 84 1852 9418,"Passarela Lucca Viana, 7, Vila Real 2ª Seção, 25657983 Borges / MT"
2529,Gustavo Macedo,862.170.394-78,hcirino@example.net,(084) 2470-6454,"Jardim de Azevedo, Vista Do Sol, 48474-761 Barbosa / AC"
2530,Maria Laura Pimenta,710.254.893-14,joao-pedro45@example.org,(011) 9521 2626,"Largo de Nogueira, 49, Corumbiara, 96308626 da Mota da Serra / SC"
2531,Nathan Camargo,482.359.760-56,laurapacheco@example.com,+55 71 9794-3448,"Vale Daniel Silva, 2, Floramar, 05237628 Sousa / PI"
2532,Bernardo Gonçalves,375.681.924-82,liviada-mata@example.net,(031) 6879-4514,"Distrito Caldeira, Boa União 2ª Seção, 99685-215 Freitas da Praia / RS"
2533,Luara Monteiro,782.530.641-44,xcavalcanti@example.net,0500-966-1204,"Rodovia Valentim Cirino, 13, Nova Floresta, 63051-127 das Neves Paulista / PR"
2534,Cecília Farias,479.056.182-85,esteralmeida@example.com,(071) 5576 3863,"Passarela Maria Julia da Mota, 480, Funcionários, 67875704 Cavalcanti / MT"
2535,Ravy Casa Grande,680.319.257-12,joao-lucasmendes@example.net,61 7897 3223,"Trevo de Nunes, 882, Copacabana, 88105414 da Rosa de Machado / PR"
2536,Anthony Gabriel Borges,732.586.049-83,da-cunhamaria-julia@example.org,+55 (051) 6102-4315,"Avenida Câmara, 29, Centro, 01905-800 Moreira da Serra / TO"
2537,Caio Aparecida,250.348.679-74,yago46@example.net,31 5689-4646,"Trevo André Barros, 179, São João Batista, 49483-447 Ribeiro / AP"
2538,Calebe Souza,421.859.307-88,heloisaoliveira@example.net,84 4930-6110,"Residencial de Melo, 4, Coqueiros, 78827-342 Carvalho Alegre / SP"
2539,Dr. José Pedro Almeida,256.380.917-77,maria48@example.net,+55 (031) 3305-0092,"Praia de Peixoto, 58, Lagoinha, 43329-485 Macedo Grande / SP"
2540,Brenda Pacheco,591.438.627-64,nrezende@example.com,+55 (031) 9621-6370,"Lagoa Martins, Vila São Geraldo, 80363-218 Gomes / PB"
2541,Manuella Rezende,873.126.049-78,bianca24@example.org,11 9581-1802,"Distrito de Rodrigues, 88, Vila Piratininga Venda Nova, 58844-773 Alves de Goiás / RJ"
2542,Davi Luiz Aragão,089.562.413-33,yan61@example.com,(051) 4681 5632,"Campo Melo, 66, Marajó, 21147-105 Costa de Cirino / MT"
2543,Juan da Rocha,135.408.279-60,calebepimenta@example.com,+55 51 0918 0637,"Vereda Gustavo Cardoso, 54, Vila Real 2ª Seção, 98672-983 Rodrigues da Mata / RO"
2544,Gael Henrique Fogaça,635.421.907-99,lleao@example.net,(081) 7767-6748,"Alameda de Viana, 2, Salgado Filho, 83348-722 da Mata de Cavalcante / AL"
2545,Davi Lucas Cassiano,843.105.279-14,joao-guilherme75@example.net,41 7184 9929,"Setor Zoe Fogaça, 65, Xodo-Marize, 88205-237 Cunha de Sá / BA"
2546,Sra. Lorena Lima,258.374.691-09,mathias91@example.com,(084) 1678-0740,"Esplanada Dias, 45, Dom Silverio, 35260-984 Camargo / MS"
2547,Srta. Clarice Silveira,760.293.184-03,bmendonca@example.net,(084) 4174 1021,"Loteamento Câmara, 37, Conjunto Paulo Vi, 82615-667 Macedo Alegre / PI"
2548,Vitor Hugo Sousa,387.652.409-10,barbosaanthony-gabriel@example.net,0900 381 8641,"Pátio Olívia Ferreira, 85, Novo Glória, 47788807 da Rosa de Minas / DF"
2549,Sabrina da Cruz,964.827.031-78,kaiquemacedo@example.net,(071) 4847 0565,"Núcleo Souza, 65, Acaiaca, 11485825 Monteiro / RN"
2550,Maria Sophia Oliveira,596.834.210-24,vitoriadias@example.org,(084) 1859 7326,"Feira Azevedo, 83, Vila Nova Cachoeirinha 1ª Seção, 60496043 Campos do Oeste / SC"
2551,Aylla Siqueira,085.263.719-59,isaacporto@example.net,+55 (041) 1869-5266,"Quadra Machado, 342, João Paulo Ii, 80105-676 Pereira Alegre / SE"
2552,Arthur Gabriel Mendonça,897.406.352-29,malves@example.com,(084) 8538-5757,"Rua Lara Silveira, 10, Belmonte, 74440522 da Rosa do Sul / TO"
2553,Maria Fernanda Pereira,524.097.381-41,davi-lucca35@example.net,+55 84 8181 3003,"Recanto Almeida, Carmo, 10709733 Rezende do Campo / BA"
2554,Letícia Peixoto,230.578.169-59,joao-felipenascimento@example.org,+55 21 4016-4208,"Praia de Garcia, 919, Vila Copasa, 21110841 Farias / TO"
2555,Heloísa Vasconcelos,790.426.351-34,andradealicia@example.net,+55 61 5869-0830,"Quadra Rocha, Vila Antena Montanhês, 75590141 Pastor da Serra / RJ"
2556,Ravi Vargas,973.418.602-78,rodriguesheloisa@example.com,+55 21 8984-4380,"Alameda Allana Moura, 5, Alto Barroca, 80297693 Aparecida das Pedras / PE"
2557,Isabelly Carvalho,406.179.285-76,garciaana-cecilia@example.com,+55 11 0205-9527,"Trecho Felipe Duarte, 81, Concórdia, 50414-474 Cunha / SP"
2558,Ana Lívia Sousa,628.317.054-44,luccacavalcanti@example.net,+55 (051) 7069 2572,"Chácara Enrico Vasconcelos, 5, Tupi B, 90788109 Castro / TO"
2559,Maria Vitória da Paz,431.896.705-01,maria-eduardada-conceicao@example.com,0800 254 0250,"Trevo Caldeira, 45, Sion, 44931-564 Vargas do Galho / MG"
2560,Alexia Monteiro,415.862.703-62,vieiraluiz-otavio@example.com,+55 (031) 5297-4008,"Fazenda de Nascimento, 7, Ernesto Nascimento, 80976-057 Nunes / PA"
2561,Levi Siqueira,243.801.957-32,luara66@example.org,81 6251-7022,"Vereda de Guerra, Vila Das Oliveiras, 12129-056 Moura Paulista / SC"
2562,Nina Fogaça,308.179.624-50,manuella53@example.org,61 2705 1069,"Colônia Vitória Santos, 630, Renascença, 61880093 da Paz de Minas / MT"
2563,Henry Gabriel Pimenta,127.649.305-34,lcampos@example.net,+55 (081) 5630-1184,"Recanto da Mata, 1, Boa Vista, 06835624 Jesus / SP"
2564,Lucas Gabriel Nogueira,419.387.052-97,erocha@example.com,(011) 1946 7966,"Conjunto Vitor Hugo Ferreira, 7, Carlos Prates, 09536-320 Aragão / TO"
2565,Zoe Fernandes,458.031.269-42,nda-conceicao@example.net,(061) 7309 3145,"Área de Cardoso, 44, Beira Linha, 23571311 Souza de Oliveira / RO"
2566,Gael da Mata,175.382.649-73,zborges@example.org,+55 (041) 9406 6597,"Distrito de Abreu, Candelaria, 15114146 Machado Alegre / RN"
2567,Vicente Câmara,358.210.974-79,albuquerqueayla@example.net,(061) 2430-8692,"Lagoa Cauã Pacheco, 327, Vila Jardim Montanhes, 71633370 Viana do Campo / MG"
2568,Bryan Dias,023.841.756-53,melissadias@example.com,81 7777-6999,"Rua Castro, 2, Alípio De Melo, 52818-584 Cardoso do Norte / RJ"
2569,Diego Cavalcante,679.138.204-03,lopesmateus@example.org,81 9791-3117,"Estação de da Luz, 89, Castelo, 34230197 Souza / RN"
2570,Stephany Guerra,285.069.431-24,eduardacasa-grande@example.org,+55 (084) 0494 1995,"Vila Vitor da Rosa, 488, Vila Piratininga Venda Nova, 91780470 Correia de da Cruz / PI"
2571,Maria Flor Novaes,305.167.928-30,joao-guilhermevargas@example.org,84 2008 2731,"Pátio Moura, 595, Minas Caixa, 97709142 Camargo da Mata / SE"
2572,Léo Cassiano,538.071.649-01,jabreu@example.com,81 8504-1203,"Vale Emanuel Borges, 5, Trevo, 69090-328 Pimenta / MS"
2573,Pietro Cavalcanti,931.780.452-79,da-cruzhenry-gabriel@example.org,+55 11 3300 6109,"Viaduto Cavalcanti, 460, Bernadete, 83214-808 Machado / MG"
2574,Heloisa Dias,276.805.439-92,costaraul@example.org,+55 (051) 1078 3496,"Estação Guilherme Martins, Vila Madre Gertrudes 4ª Seção, 89892117 Sampaio / RS"
2575,Cauã Cavalcanti,851.970.263-59,pintoyago@example.net,+55 (084) 6667 4344,"Pátio Kaique Barros, 491, Nossa Senhora Da Conceição, 24246552 Viana / MG"
2576,Lorena Rocha,523.894.607-47,da-costayuri@example.org,+55 (031) 4175 2670,"Chácara Almeida, Vila Calafate, 85390741 Rios das Pedras / GO"
2577,Pedro Lucas Porto,652.479.083-92,yago90@example.com,21 0355-4551,"Colônia Abreu, 973, Bairro Das Indústrias Ii, 98613-247 Sampaio do Norte / PB"
2578,Clara Borges,245.781.603-35,maria-luizacosta@example.net,+55 31 8674 7733,"Via de Rodrigues, 617, São Lucas, 17022629 Fogaça do Sul / RJ"
2579,Maria Alice da Cruz,146.702.893-22,daniel11@example.com,(071) 9015-3697,"Largo de Castro, Teixeira Dias, 26022-217 Sá / MS"
2580,Anthony Nogueira,673.405.218-44,rsampaio@example.org,+55 (084) 2854 3932,"Distrito Aragão, 58, Santa Monica, 46970897 Mendonça de Montenegro / PI"
2581,Rael Teixeira,368.914.502-33,levi23@example.com,+55 71 9989-8933,"Distrito de Nogueira, 2, São Benedito, 10539353 Martins / RN"
2582,Mariane Abreu,940.276.358-92,costelaravi-lucca@example.com,0500 411 4702,"Trecho de da Cruz, 5, Camargos, 16722-361 da Conceição / RR"
2583,Cauã Garcia,563.917.028-02,eduardopires@example.net,0800 694 2867,"Estrada Ferreira, 2, Vila São Paulo, 29377-752 Garcia / MG"
2584,Felipe Oliveira,935.607.412-70,ottonovaes@example.com,+55 (021) 0142 1825,"Residencial Albuquerque, 62, Bandeirantes, 22929788 Nunes / PE"
2585,Aylla Teixeira,253.479.180-04,jose-miguelaparecida@example.org,+55 (084) 8258 3144,"Vereda de Teixeira, 480, Vila Pilar, 69094-041 Pires / DF"
2586,Calebe Carvalho,927.186.453-00,nda-cruz@example.org,+55 (021) 5500-6835,"Estrada de Oliveira, Jardim São José, 31354-679 Albuquerque / AL"
2587,Sra. Sara da Rosa,051.298.743-23,ana-juliaaraujo@example.net,21 3660 1364,"Praia Borges, 79, Prado, 81364061 Sá do Galho / DF"
2588,Luna Rocha,349.702.156-34,felipe52@example.com,+55 (051) 4390-4577,"Lagoa da Costa, 89, Ernesto Nascimento, 95238-659 Farias / BA"
2589,Ana Vitória Barbosa,879.451.062-85,beniciooliveira@example.net,81 8200 2644,"Estação de da Cruz, 99, Santa Branca, 63544-193 Garcia do Galho / RO"
2590,Manuella Monteiro,239.610.754-25,moraesheloisa@example.org,+55 61 3150-9509,"Chácara da Rosa, 79, Vila Nova, 36278860 Andrade / AP"
2591,Cecilia Fernandes,549.702.368-10,amoura@example.org,31 4202-1288,"Condomínio de Mendes, 37, São Francisco, 17603-731 Cavalcanti / PR"
2592,Sra. Maria Pereira,067.352.481-71,xpinto@example.net,(011) 1174 4266,"Aeroporto de Moraes, 71, Marieta 2ª Seção, 45479210 Caldeira / MT"
2593,Ravi Lucca Pastor,714.653.920-25,gomesapollo@example.net,51 6451 2020,"Viaduto Arthur Miguel Vargas, 72, Serra, 67338853 Farias / PB"
2594,Maria Eduarda Pires,062.914.573-34,sabrina24@example.net,+55 (081) 3676 1117,"Condomínio de Barbosa, Pongelupe, 69008249 Nogueira Verde / RO"
2595,Sr. Enrico Guerra,671.542.083-17,dmelo@example.com,+55 (051) 5464 1661,"Viela Paulo Nunes, 43, São Jorge 1ª Seção, 65127-115 Aragão de Albuquerque / AL"
2596,Felipe Cirino,745.302.981-32,vpacheco@example.org,+55 71 7199 1465,"Praia Sophia Albuquerque, 716, Conjunto Taquaril, 56431-429 Leão / MS"
2597,Isadora Dias,197.238.054-05,mirellamoraes@example.org,61 6600-4323,"Lagoa Brayan Ramos, 4, São Damião, 20430-037 Monteiro da Mata / PE"
2598,Ana Sophia Silva,706.482.391-87,henry-gabrielcirino@example.net,(071) 3021-5601,"Residencial Erick Fonseca, 4, Goiania, 53758916 Abreu de Pinto / MT"
2599,Hadassa Câmara,926.857.143-91,ravi-luccacassiano@example.com,0500-442-4672,"Distrito Fogaça, 44, Alpes, 60599-135 Leão / PI"
2600,Daniel Campos,519.267.043-80,theoandrade@example.net,0900-762-3160,"Quadra Machado, 503, Braúnas, 82231149 Guerra do Oeste / RO"
2601,Leonardo Correia,749.856.301-01,hellenaandrade@example.net,+55 21 6925 4078,"Estação Fernando Cavalcanti, 5, Lagoa, 24853-097 Araújo / PI"
2602,Ana Julia Gomes,651.873.294-64,umachado@example.com,71 4525 7205,"Parque Clara Moraes, 87, Vera Cruz, 15046-053 Camargo / RN"
2603,Bárbara Cirino,986.524.173-00,hda-cruz@example.net,(041) 6746 5177,"Campo Ferreira, 52, Grotinha, 28435-664 Garcia do Amparo / RJ"
2604,Davi Lucas da Cruz,390.851.642-06,inascimento@example.net,84 3587-1167,"Setor Julia Cassiano, 2, Santa Maria, 47732-948 Borges / AC"
2605,Henry Gabriel Rios,745.021.863-17,freitasvinicius@example.com,+55 81 5681 1805,"Quadra Maria Luiza Carvalho, 79, Marieta 3ª Seção, 94236-587 Sampaio Paulista / SC"
2606,Julia Moraes,950.743.126-80,sabrina95@example.com,+55 (081) 7779-5615,"Área de Viana, 100, Novo Tupi, 25213592 Pacheco do Sul / AM"
2607,Maria Clara da Luz,038.426.571-53,melojoao-felipe@example.net,0900-731-0342,"Pátio de Vieira, 39, Antonio Ribeiro De Abreu 1ª Seção, 49629-993 Leão / PR"
2608,Evelyn Lima,527.831.496-64,maria-luisa99@example.net,21 1957 1437,"Estação Fonseca, 1, Vila Barragem Santa Lúcia, 17697844 Camargo / CE"
2609,Srta. Isadora Peixoto,643.905.128-89,josegarcia@example.org,31 1539 2278,"Rua Ryan Novais, 672, Copacabana, 80767-306 Melo do Amparo / ES"
2610,Vitor Hugo Barbosa,561.879.230-30,pastorrodrigo@example.net,0900-386-4265,"Fazenda Jade Vasconcelos, Sion, 84693104 Araújo do Norte / MG"
2611,Valentina Rios,067.514.238-53,joao-miguel43@example.org,0900 911 6218,"Setor Aylla Nunes, 36, Jonas Veiga, 70413012 Cirino / SP"
2612,Alana Cunha,507.413.892-23,augustorodrigues@example.org,0900 793 7317,"Ladeira de Casa Grande, 61, Bela Vitoria, 98649-253 Dias de Castro / PB"
2613,Thomas Cavalcanti,859.067.142-94,anthony57@example.org,0800 927 5675,"Recanto Costa, 305, Vila Satélite, 76970-114 Sá de Gonçalves / MG"
2614,Ana Júlia Ferreira,254.371.089-23,luiz-felipeda-mata@example.net,+55 41 2426 9933,"Passarela Fernanda Sá, 64, Vila Da Paz, 28810-925 Mendes Verde / MA"
2615,Fernanda Azevedo,271.540.639-80,meloluisa@example.com,(021) 0555 9577,"Parque Cavalcanti, Túnel De Ibirité, 93901459 Rodrigues de Minas / MS"
2616,Giovanna Camargo,729.031.654-16,teixeiralucas@example.net,71 6745 1159,"Alameda da Mota, 906, Vila São João Batista, 91930-618 Leão / GO"
2617,Olivia Leão,039.548.267-47,joao-felipecosta@example.com,(061) 4185 7835,"Viela de Moreira, 421, Vila Aeroporto Jaraguá, 24707310 Monteiro / AC"
2618,Sophie Sousa,415.296.870-20,oliverteixeira@example.org,+55 71 7528 9622,"Trevo Pereira, Grotinha, 16877541 Ferreira / BA"
2619,Vitor da Mata,653.927.140-99,rafaelrocha@example.org,0300 306 2525,"Estação de Albuquerque, 131, Céu Azul, 07335-231 Câmara da Prata / AM"
2620,Julia Santos,512.379.608-86,scostela@example.org,+55 (051) 3385 8134,"Colônia Rios, 4, Vila Jardim Alvorada, 23474-619 Cardoso / CE"
2621,Valentina Costela,478.230.591-50,lribeiro@example.net,+55 (061) 9395-6925,"Largo Isaac Pimenta, 24, Rio Branco, 40250298 Lopes do Galho / MA"
2622,Sr. Matheus Vieira,254.698.173-00,rcamara@example.com,+55 71 8886 5670,"Rua de Novaes, 8, Conjunto Providencia, 65302300 Campos Paulista / TO"
2623,Sr. Enzo Brito,091.673.428-50,nogueirajose-pedro@example.com,21 1208 9708,"Condomínio Lavínia Camargo, 513, Distrito Industrial Do Jatoba, 01289389 Macedo da Serra / PB"
2624,Gabriel Câmara,358.976.412-00,cavalcantidavi-lucca@example.net,+55 21 2628 2589,"Fazenda de Silveira, 44, Vila Minaslandia, 66268-958 da Rosa / TO"
2625,Emanuella Pastor,839.617.524-19,da-rochayan@example.org,(041) 6216-4600,"Colônia Luísa Ramos, 4, Vila Independencia 2ª Seção, 20966-510 Pastor Paulista / TO"
2626,Felipe Fonseca,857.923.460-38,da-rosaclarice@example.net,(084) 2461 3890,"Aeroporto Abreu, 7, Lajedo, 30673165 Macedo / AP"
2627,Levi Sá,931.258.746-37,zgoncalves@example.com,0900 860 7651,"Campo Rafaela da Mata, 40, São Geraldo, 51420-522 Borges de Cavalcante / TO"
2628,Heloísa Martins,876.592.410-01,wmoura@example.com,0800 864 5135,"Travessa Asafe Monteiro, 19, Bacurau, 02235-561 da Mata / SC"
2629,José Miguel Montenegro,845.912.673-00,cassianosophia@example.com,0900-964-0161,"Via Nathan Sales, 557, Vila Paraíso, 29481383 Rezende / SE"
2630,Thomas Caldeira,864.231.790-69,bteixeira@example.org,+55 41 8087 4500,"Vila Ribeiro, 66, São Bernardo, 93959-374 Machado / CE"
2631,Srta. Allana Camargo,081.937.526-86,valentina98@example.net,31 8652 5602,"Viaduto Enrico Sampaio, 23, Vila Sesc, 12800768 Nunes / SC"
2632,Alexandre Aparecida,465.907.832-92,garciaanthony@example.org,11 3306 4584,"Jardim José Miguel Sales, 2, Acaiaca, 29613-143 Marques / AL"
2633,Gael Henrique Castro,249.870.356-00,livia28@example.org,61 8840-8342,"Sítio de Vasconcelos, 48, Jardim Dos Comerciarios, 66541369 Rios / TO"
2634,Thiago Oliveira,297.384.106-22,wsampaio@example.net,41 1022-3800,"Vereda Maysa Camargo, 20, Alta Tensão 1ª Seção, 98106-110 Nascimento / BA"
2635,Sabrina Albuquerque,847.315.269-73,vitor-hugo53@example.net,+55 (061) 6765 1526,"Campo Enrico Pereira, 4, Manacas, 12788-353 da Rosa Grande / AP"
2636,Caroline Peixoto,276.039.481-69,dcirino@example.org,+55 (031) 2340 8268,"Avenida de Pinto, 3, Vila Mangueiras, 01529674 Melo Grande / AP"
2637,João Jesus,645.918.072-58,henrysilva@example.net,81 7386 6414,"Esplanada Pacheco, 81, Ernesto Nascimento, 32649950 Abreu / TO"
2638,Gabriela Castro,129.537.648-28,santosotto@example.com,(061) 6305 3499,"Vereda Allana Nogueira, 95, Santo Antônio, 99528-579 Oliveira / PR"
2639,Stella Cardoso,952.368.014-51,natalia11@example.org,0900 421 2548,"Sítio Silva, 75, Marieta 2ª Seção, 33686-233 Garcia / RN"
2640,Sra. Aurora Barbosa,849.037.162-87,slopes@example.com,0300-348-4889,"Chácara de da Conceição, 8, Vila Antena Montanhês, 36499-600 Cavalcante / PA"
2641,Sabrina Jesus,501.743.689-84,gabriellycostela@example.com,(041) 6989-8307,"Largo Costela, 49, Piratininga, 05002-844 Guerra / RN"
2642,Levi Moraes,713.096.284-40,galmeida@example.org,+55 84 7174-1126,"Campo Luísa Campos, 78, Conjunto Novo Dom Bosco, 66195112 Mendonça das Flores / PB"
2643,José Miguel Vargas,293.560.841-06,ana-beatrizlima@example.com,+55 (084) 6263-8038,"Trevo Casa Grande, 58, Atila De Paiva, 92540369 Castro de Brito / AL"
2644,Srta. Stephany Aragão,351.280.467-53,qsa@example.net,+55 (021) 7701-9534,"Vale Zoe Viana, 2, Vila São Paulo, 83677-308 Novais / AL"
2645,Sr. Lucca Rocha,701.352.486-71,clara64@example.net,+55 (021) 9849 3436,"Vereda Alves, 99, Estrela, 13760660 Andrade / SP"
2646,Maria Alice Novais,762.314.905-99,landrade@example.net,+55 41 9106-1529,"Vale Aurora Peixoto, 5, Esperança, 56389-950 Viana Paulista / RR"
2647,Cecília Ribeiro,967.820.314-69,vitoriarodrigues@example.net,0500 399 8395,"Setor Catarina Dias, 49, Céu Azul, 27512193 Abreu / SC"
2648,Ana Júlia Guerra,759.386.142-28,esiqueira@example.net,(061) 2421-7861,"Jardim Sophie Moraes, 75, Grota, 36555866 Oliveira / GO"
2649,Srta. Pietra Melo,680.295.714-02,zda-cruz@example.org,+55 84 5071-3140,"Morro Sousa, 45, Cardoso, 37117-283 Pastor / PI"
2650,Daniela Barbosa,072.365.489-10,valentim51@example.net,11 3007-2857,"Fazenda Anthony Gabriel Camargo, 530, João Pinheiro, 91528-002 Porto do Amparo / PE"
2651,Antônio Pacheco,193.286.457-19,sousajuliana@example.org,0900 184 3241,"Jardim Macedo, 21, Carlos Prates, 40825104 Rezende Grande / SC"
2652,Eloah Azevedo,467.508.231-90,bsilva@example.org,41 2418 3462,"Viela Fogaça, 55, Santa Maria, 23413901 Pereira de Gomes / PB"
2653,Nina Lopes,139.870.264-13,fvasconcelos@example.org,61 6809-7646,"Campo Pinto, 292, Parque São Pedro, 41411-443 Jesus do Oeste / RN"
2654,Thales Aragão,089.725.631-02,larissa39@example.net,51 4659 2002,"Aeroporto Isadora Fernandes, 558, Vila Nova Cachoeirinha 3ª Seção, 30579904 Rezende de Goiás / RS"
2655,Lucas Novais,320.179.546-16,costamirella@example.net,71 9492-7566,"Estação Abreu, Estrela, 06423-405 Cunha de Martins / MT"
2656,Bryan da Mota,745.031.892-04,maria-clara14@example.com,(081) 1291 7080,"Fazenda Monteiro, 8, Mirtes, 16616-034 Ribeiro / MS"
2657,Letícia Castro,395.842.706-56,antoniomoreira@example.com,(011) 0717 2432,"Loteamento de da Conceição, Mangabeiras, 27854-764 Cirino / PI"
2658,Bruno Ribeiro,285.641.703-53,ada-rosa@example.net,+55 (011) 8144-6518,"Vereda Catarina Pimenta, 3, Jaqueline, 07196-558 Mendes de Sousa / PB"
2659,João Gabriel Andrade,726.413.809-78,kevin36@example.net,+55 (021) 9074-4827,"Largo Siqueira, Nossa Senhora Da Aparecida, 61891829 Brito Paulista / RN"
2660,Vitória Souza,176.258.430-17,daviabreu@example.net,0500 279 2132,"Loteamento de Moreira, 7, Xodo-Marize, 52695-562 Machado / PE"
2661,Caio Pereira,247.895.016-20,jbarbosa@example.org,+55 84 4028 3595,"Quadra Luiz Gustavo Jesus, 13, Cônego Pinheiro 2ª Seção, 16090225 Rezende da Serra / MA"
2662,Sofia Cavalcanti,051.674.382-17,theodorovasconcelos@example.net,81 5939-5860,"Área Ana da Paz, 6, Conjunto Novo Dom Bosco, 18526622 Borges / ES"
2663,Sabrina da Conceição,627.945.081-30,sgoncalves@example.com,+55 (061) 7278-1894,"Pátio de Costela, 5, Santa Helena, 23832-477 Guerra / RO"
2664,Leandro Vasconcelos,940.657.182-01,vinicius46@example.org,11 9466-8071,"Esplanada de Sales, 459, Ápia, 13333131 Fogaça / PI"
2665,Zoe Sá,628.031.547-90,goncalvesisaque@example.net,+55 (011) 4793 7163,"Avenida Sampaio, Antonio Ribeiro De Abreu 1ª Seção, 27955453 da Cruz / PI"
2666,Theo Mendes,813.620.475-62,limastephany@example.org,0500-490-2953,"Condomínio Sarah Macedo, 59, Novo São Lucas, 53986-394 Fogaça / PR"
2667,Henry Gabriel Ferreira,735.064.912-61,leticiafarias@example.net,(041) 2316 3892,"Alameda de Araújo, Conjunto Santa Maria, 45964615 Viana / SE"
2668,Maria Liz Fogaça,420.697.853-00,barbaramontenegro@example.org,11 5092 9847,"Quadra Júlia da Conceição, 2, Renascença, 93389340 Aragão / PE"
2669,Sr. Benicio da Mata,592.647.830-83,luiz-otavio79@example.org,+55 (031) 1779-9857,"Travessa de Moraes, Vila São Rafael, 17855-098 Camargo / PI"
2670,Emilly Guerra,639.780.512-30,nteixeira@example.com,+55 (084) 9580 1062,"Vale de Vasconcelos, 476, Conjunto Paulo Vi, 57351-330 Farias de Nascimento / AL"
2671,Léo Montenegro,760.428.915-02,das-neveshenrique@example.net,41 4221 2044,"Área Souza, 50, Novo Tupi, 07521553 Rocha / PA"
2672,Ana Liz Siqueira,865.472.390-47,augusto88@example.com,+55 21 2498-9684,"Esplanada Souza, 60, Mirtes, 12223466 Barros dos Dourados / GO"
2673,Valentina Melo,768.954.201-85,pachecoemanuel@example.com,0900 792 4957,"Chácara de Macedo, 39, Conjunto Taquaril, 83164-094 Casa Grande / BA"
2674,Matteo Casa Grande,961.042.837-13,diogo75@example.net,+55 61 2260 1298,"Vale de Mendes, 12, Vila São Rafael, 95694-727 Correia da Mata / PI"
2675,Natália Porto,846.325.910-33,da-cruzlavinia@example.org,61 5753 0396,"Fazenda de Campos, 80, Barroca, 23927051 Campos / RJ"
2676,Alexandre da Costa,682.459.170-01,yuri82@example.com,+55 (081) 1853 9944,"Setor de Albuquerque, Anchieta, 28653-121 Pimenta / MG"
2677,Ana Clara Aragão,143.675.892-00,vieiraalexandre@example.org,+55 11 2861-5046,"Viela das Neves, 2, Ermelinda, 48091-231 Machado / AC"
2678,Sra. Sophia Barbosa,470.193.285-04,mmelo@example.com,+55 (051) 7122 7622,"Chácara Pacheco, 243, São Gabriel, 15734-264 Albuquerque / GO"
2679,Calebe Marques,674.820.195-02,hfreitas@example.org,+55 (031) 6362-4004,"Trecho Ramos, 118, Esperança, 91787-511 Garcia Alegre / SE"
2680,Theo Dias,129.540.836-89,ryanfarias@example.com,+55 51 5057 7856,"Conjunto Leão, 17, Lagoinha Leblon, 76297-606 Mendes / PR"
2681,Isabelly Almeida,247.539.601-61,stella87@example.net,+55 11 4086 4718,"Campo de Mendes, 447, Vila Pinho, 63913063 Nunes / RN"
2682,Vicente Mendonça,368.547.209-74,gustavo-henriquelima@example.org,+55 21 8894 9470,"Viela de Fogaça, 74, Nova Gameleira, 64645-014 da Mota / AM"
2683,Ravi Lucca Aparecida,074.861.932-13,bento08@example.org,+55 (051) 6009-0308,"Estrada Gomes, 12, Vila Nova Gameleira 3ª Seção, 26290-897 Jesus / PA"
2684,Davi Miguel da Mata,091.743.586-93,dante56@example.com,+55 (081) 5637 9388,"Travessa de Aragão, 62, Universitário, 65516627 Montenegro do Amparo / RN"
2685,Sra. Marcela Gomes,603.157.298-21,marcela03@example.com,+55 84 5727-9880,"Favela Guilherme da Cruz, 474, Nova Pampulha, 31895-732 Teixeira de Fogaça / RS"
2686,Ana Clara Aragão,617.382.450-71,matheusda-cruz@example.com,(071) 7165-3205,"Alameda de Sales, 46, Vila Independencia 3ª Seção, 13513-316 Cavalcante do Sul / PB"
2687,Sra. Clarice Rocha,753.810.296-59,laviniamontenegro@example.com,+55 (071) 0219-8887,"Rodovia Luiz Henrique Mendonça, 82, São João, 17412784 Garcia / TO"
2688,Igor Gonçalves,291.680.754-30,davi-miguelfreitas@example.com,(011) 2951 5511,"Vila Carvalho, 27, Luxemburgo, 40194013 Albuquerque do Oeste / SE"
2689,Murilo Azevedo,364.087.915-57,henriquemendonca@example.org,0900-713-8759,"Pátio Heloísa Almeida, 80, Mirtes, 12465-056 Fonseca / RS"
2690,Clara Almeida,054.876.213-90,caioviana@example.org,+55 (061) 9561 9504,"Lago Jade Silva, 50, Pilar, 25800672 da Luz de Vasconcelos / AP"
2691,Sr. Thomas Nogueira,452.961.087-01,aparecidathales@example.net,+55 (011) 7197-7797,"Morro Costela, Vila Aeroporto, 64544-715 Leão / TO"
2692,Agatha Almeida,542.987.013-79,henry-gabrielramos@example.org,0900-222-4924,"Ladeira de Vasconcelos, 8, Flavio De Oliveira, 16341455 Moreira da Praia / BA"
2693,Luigi Pastor,792.068.143-03,sophie34@example.org,+55 (081) 1748-1343,"Praça Rhavi da Rosa, 93, Colégio Batista, 31371-968 Rezende da Serra / SC"
2694,Ana Vitória da Rocha,824.193.056-98,ravi-lucca44@example.com,+55 (031) 0804 9188,"Largo de Aragão, 1, Novo São Lucas, 86751-951 Pires de da Mata / TO"
2695,Isaac Vieira,279.450.368-56,ferreiralais@example.net,84 5112-3839,"Trecho Ravy Dias, 16, Conjunto Serra Verde, 57168013 Gonçalves de Nogueira / PE"
2696,Pedro Miguel Ferreira,907.436.518-39,kaparecida@example.com,0800 851 9840,"Travessa Teixeira, 28, Vila Das Oliveiras, 36164386 Viana das Pedras / AC"
2697,Murilo Leão,248.305.671-71,gomeslarissa@example.com,84 3776-1989,"Esplanada de Ramos, 7, Novo Das Industrias, 26640233 Oliveira da Praia / BA"
2698,Isaque Sá,182.975.460-20,ana-cecilia81@example.net,(084) 0320-9688,"Alameda de Nunes, 92, Coqueiros, 77943-728 Gonçalves da Serra / SP"
2699,Maria Laura Siqueira,290.513.784-32,isabellypeixoto@example.com,+55 (031) 1954-0060,"Fazenda de Fogaça, 5, Vila São Dimas, 73755-610 da Rocha Alegre / CE"
2700,Thiago Cavalcante,063.958.247-83,dmoreira@example.net,61 4332 3161,"Ladeira Nina Guerra, 9, Distrito Industrial Do Jatoba, 04504659 Aparecida de Fernandes / PB"
2701,Ayla Souza,561.024.873-62,camposalicia@example.net,+55 84 6527-9064,"Quadra de Aparecida, 46, Vila Nova Gameleira 3ª Seção, 21958-716 Casa Grande / AL"
2702,Ana Cecília Montenegro,738.409.162-40,ana-liviamendes@example.net,+55 (041) 7092 5167,"Praia de Costela, 6, São Salvador, 86313-935 Novaes / MS"
2703,Dr. Cauã Duarte,912.580.674-20,ida-rocha@example.com,0300-499-3241,"Loteamento de da Paz, Marçola, 70590960 Cunha / SP"
2704,Mariane Lima,768.421.930-87,costavitoria@example.org,(041) 2969 6413,"Vereda Rocha, 76, Vila Do Pombal, 88091606 Costela Alegre / PI"
2705,Helena Nascimento,132.490.567-07,dcaldeira@example.org,(071) 3619-3746,"Estrada de Souza, 8, Santo Antônio, 17966038 Leão das Pedras / PA"
2706,Ana Lívia Azevedo,412.593.708-79,lda-cunha@example.com,+55 (084) 8417 4772,"Lago Joana Monteiro, 48, Barão Homem De Melo 1ª Seção, 35989743 Almeida / GO"
2707,José Pedro Costela,481.563.209-05,dlima@example.org,+55 21 8560 6057,"Chácara Cecilia Sales, 327, Sion, 58033-684 Novaes da Prata / GO"
2708,Ana Julia Pastor,620.543.987-56,correiaagatha@example.net,41 6666-2824,"Avenida Bryan Santos, 41, Vila Ecológica, 47693-166 Lima / BA"
2709,Valentim da Costa,748.265.019-94,guerraemanuel@example.com,+55 (041) 9777 4136,"Travessa Pacheco, 71, Canadá, 05315-326 Camargo / RN"
2710,Sra. Gabrielly Costela,508.643.927-29,oaraujo@example.net,41 9211 7985,"Trecho Sales, 99, Santa Rita, 18377-942 Nogueira / PB"
2711,Igor da Mata,491.756.380-10,nvargas@example.com,0800-665-8562,"Trecho de Jesus, 29, Vila Nova Dos Milionarios, 64816-248 da Cruz de Carvalho / AP"
2712,Maria Cecília Rocha,156.042.873-26,maria-lizsousa@example.com,(041) 1700 9280,"Recanto de Brito, 59, Tiradentes, 45586-549 Pacheco de Machado / ES"
2713,Dra. Cecilia Casa Grande,873.124.609-50,jmendonca@example.org,51 3976 3012,"Praia Teixeira, 687, Coração Eucarístico, 74264-117 da Conceição do Campo / MT"
2714,Dr. Alexandre Dias,683.492.571-64,nicolas02@example.com,61 8500-8910,"Área de Cassiano, 71, Vila Santo Antônio, 53007-369 Araújo do Norte / RO"
2715,Maria Luísa Fogaça,184.967.053-66,fernando52@example.org,11 0036 7238,"Núcleo da Cunha, 645, Tiradentes, 37066979 Garcia de Caldeira / PE"
2716,Maria Liz Dias,190.873.264-40,mariane49@example.com,(021) 2592-9200,"Estação Melo, 763, Suzana, 67434925 Rios da Serra / MG"
2717,Srta. Ana Beatriz da Conceição,162.795.034-61,mathiaslopes@example.org,(011) 9062-0437,"Morro Francisco Brito, 45, Nossa Senhora Aparecida, 54916-404 Lopes / ES"
2718,Pedro Lucas Novaes,940.582.736-74,elisa57@example.net,(081) 6212 9117,"Rodovia André Lima, Vila Antena Montanhês, 25225468 Fogaça do Sul / AC"
2719,Mirella Fernandes,947.531.682-55,kpinto@example.com,+55 81 3748 7537,"Setor Silva, 920, São Jorge 2ª Seção, 80015031 da Rosa / RN"
2720,Felipe Aparecida,725.108.943-23,oliveirayasmin@example.net,51 8671 7875,"Praia Novais, 75, Boa Vista, 08015416 Teixeira / RN"
2721,Sra. Maria Laura Silveira,081.429.367-04,piresdom@example.com,+55 (041) 0450-1158,"Vila de Rocha, 824, Lajedo, 68266020 Barbosa / RR"
2722,Augusto Moraes,346.918.257-46,xrezende@example.net,11 7697 4021,"Rodovia de da Mata, 18, Novo Tupi, 44726957 Dias de Minas / PA"
2723,Gabriela Nunes,537.418.206-44,catarina06@example.com,31 0563-1496,"Aeroporto Moreira, 17, Vila São Gabriel, 18830-347 Marques / ES"
2724,Vicente Vasconcelos,127.654.839-73,varagao@example.com,+55 (061) 9717-6321,"Fazenda de da Rocha, 373, Ventosa, 78094814 Lopes de Albuquerque / MS"
2725,Diego Rios,056.293.148-15,ana-laura18@example.com,+55 71 2286-6449,"Chácara Jesus, 3, Solimoes, 70047466 Cunha / BA"
2726,Dra. Bárbara Fernandes,340.591.726-34,hmartins@example.org,81 6542 2487,"Quadra Alana das Neves, 186, Mirante, 81747636 Siqueira das Pedras / TO"
2727,Lavínia Montenegro,032.876.541-44,viniciuscastro@example.org,31 2512-3865,"Jardim Siqueira, 45, Aguas Claras, 23972-600 Abreu de Leão / AL"
2728,Emanuel Nascimento,790.246.385-00,mouraraquel@example.org,+55 (084) 6725 1925,"Campo de Barbosa, 9, Nova Floresta, 95832-331 da Conceição / SE"
2729,Théo Campos,813.976.245-82,fernandesfelipe@example.net,+55 (071) 7407-6006,"Sítio de Cirino, 54, Embaúbas, 87238-152 Silva de Minas / CE"
2730,Alexandre Viana,360.798.241-40,dom61@example.org,+55 11 9753-5910,"Viela Nogueira, 8, Vila Inestan, 25811-832 Aragão / SC"
2731,Emilly Fernandes,906.375.182-68,ycampos@example.net,(084) 9622-3657,"Área Fonseca, 68, Parque São Pedro, 19790-015 da Mata dos Dourados / MT"
2732,Ana Luiza Correia,126.749.350-06,vieiradavi-luiz@example.org,(051) 8209 3129,"Trecho Garcia, 9, Nossa Senhora De Fátima, 46756-036 Gonçalves Verde / PB"
2733,Letícia Moreira,601.475.293-52,qcassiano@example.org,(041) 0644-7275,"Viaduto de Duarte, Novo Santa Cecilia, 72113-618 Barros de Minas / CE"
2734,Theo Macedo,107.869.324-22,eloah19@example.net,0300-731-5244,"Estrada de Sá, 83, Santa Tereza, 44723349 Cassiano / RR"
2735,Gael Peixoto,019.254.367-99,andre19@example.org,41 5543 9967,"Loteamento Nicolas Mendes, 20, Santa Margarida, 72551938 Sales / AC"
2736,Luiz Miguel Fogaça,716.094.582-49,fariasalana@example.org,(051) 5687 6526,"Viaduto de Moura, 27, Providencia, 57985-658 Rocha / AC"
2737,Hellena da Mota,795.246.108-76,alice03@example.net,(051) 5999 9442,"Pátio Theo Mendonça, 5, Saudade, 57199797 Campos / SC"
2738,Lorena Gonçalves,193.507.864-00,sophie43@example.org,+55 81 8340 6712,"Largo Porto, 2, Santo Antônio, 75282-512 Vasconcelos / SE"
2739,Carolina Araújo,904.753.128-05,zda-rocha@example.net,(051) 7813 0118,"Vereda Alves, 55, Ipiranga, 29173-942 Ferreira de da Luz / PR"
2740,Sr. Yuri Casa Grande,570.914.862-85,xvieira@example.net,+55 61 5710 8567,"Fazenda de Pinto, Maravilha, 10594-867 Porto Paulista / ES"
2741,Miguel Nascimento,526.037.981-03,melissamendes@example.net,61 6668 7334,"Favela Alves, 198, Etelvina Carneiro, 61196211 Machado da Prata / AM"
2742,Alexia Rios,791.486.352-19,da-luzeduarda@example.net,(051) 2743 4433,"Avenida Aragão, 274, Corumbiara, 91207-720 Barbosa de Goiás / PR"
2743,Eloah da Conceição,834.259.076-38,aaparecida@example.net,0900-773-4519,"Praia de Lopes, 56, São Lucas, 17069-199 da Cruz dos Dourados / SP"
2744,Dante Araújo,705.213.689-95,hadassanovaes@example.com,+55 (041) 3063-3441,"Ladeira Mendonça, 35, Savassi, 22184174 Fernandes do Campo / CE"
2745,Raul Andrade,780.526.194-67,vguerra@example.org,(021) 7157-6161,"Fazenda Nicole da Luz, 28, Nossa Senhora Do Rosário, 58769180 Barros / RS"
2746,Levi Novais,853.092.741-97,lucas-gabriel37@example.net,+55 (051) 1488-3779,"Via Pires, 35, Vila Dos Anjos, 68873549 da Cunha / PB"
2747,Benjamim Nunes,034.857.692-74,pedro-lucasfogaca@example.org,71 7014-1998,"Rodovia Cassiano, 847, Maria Helena, 97670-813 Teixeira da Prata / AC"
2748,Dra. Julia da Costa,371.460.582-71,emelo@example.net,+55 (011) 5594 6784,"Condomínio Camargo, 496, Vila Santo Antônio, 46282-471 da Mota da Prata / GO"
2749,Srta. Alana Moraes,713.264.805-53,wporto@example.org,0800 442 2639,"Trevo de Silveira, 53, Delta, 18957-416 Macedo / MS"
2750,Noah Cavalcante,607.381.945-57,manuella99@example.org,+55 (081) 8829 9123,"Campo de Pires, Serra, 46234-076 Cunha Verde / TO"
2751,Marina Rocha,731.429.860-22,theobarros@example.com,11 3194 8803,"Feira de Rodrigues, 3, Jardim América, 55470817 Casa Grande do Sul / PR"
2752,Vitor Gabriel Mendonça,962.735.041-99,pmelo@example.org,+55 51 6677 0653,"Vila Campos, 384, Vila Esplanada, 51899-851 Rocha do Norte / RN"
2753,Bruno Vargas,086.351.279-86,sfonseca@example.com,71 5072-6556,"Área Caroline Oliveira, Diamante, 07409144 Fernandes / AL"
2754,Leonardo da Conceição,203.718.659-21,dda-cruz@example.org,21 2020 3252,"Favela de Jesus, 27, Santa Cruz, 35459-599 Machado dos Dourados / CE"
2755,João Gabriel Moraes,752.138.049-50,hmontenegro@example.org,+55 (011) 6463-7122,"Via Pinto, 82, Vila Minaslandia, 71086125 Martins / GO"
2756,João Dias,867.039.245-38,davi76@example.com,+55 84 4577-1639,"Estação Mendes, 26, Biquinhas, 16929951 Correia do Oeste / PR"
2757,Diego Monteiro,987.260.345-65,antonyandrade@example.net,+55 (051) 5608 8921,"Sítio Alves, Nossa Senhora Da Conceição, 17210626 Moreira / RS"
2758,Ravi Mendonça,409.152.876-76,agathapinto@example.org,+55 (084) 7377 0906,"Avenida de Mendes, 59, Camponesa 1ª Seção, 85482463 Rodrigues de Azevedo / DF"
2759,Ana Lívia Andrade,095.716.834-93,dferreira@example.org,31 5000 5173,"Loteamento Farias, 491, Serra Verde, 85577499 Garcia / SC"
2760,Dr. Vinícius Monteiro,942.603.781-04,ceciliaguerra@example.net,+55 (021) 2328-2859,"Sítio Marcela Rezende, 14, Buraco Quente, 92490-557 Pereira / BA"
2761,Sara Sá,524.837.901-60,enricoramos@example.com,+55 (051) 0191-0128,"Rua Léo Melo, 819, Jatobá, 12845-859 Garcia / GO"
2762,Gustavo Henrique Vargas,483.205.196-24,maria-vitoriaalmeida@example.org,+55 (011) 4247-6686,"Via Cassiano, Palmares, 29896-503 Duarte / PR"
2763,Igor Abreu,215.406.983-51,stephany91@example.org,+55 (021) 1410-3786,"Morro de Aragão, 15, Nova Cachoeirinha, 02277-430 Sousa / SE"
2764,Yan Borges,528.136.907-59,martinsgustavo-henrique@example.org,(041) 5955 9106,"Lagoa Cavalcanti, 391, Saudade, 71275-846 Alves / PB"
2765,Dr. Pedro Miguel Santos,274.018.569-30,vcassiano@example.net,+55 41 4327 0887,"Aeroporto Mariane Freitas, 1, Nossa Senhora Da Aparecida, 64509488 Rocha / CE"
2766,Ana Luiza Duarte,864.132.097-04,laismartins@example.net,0500 940 7790,"Conjunto Ravy Montenegro, 45, Santa Rosa, 70808-891 Peixoto de Moraes / CE"
2767,Kamilly Pacheco,481.763.095-75,dda-mota@example.net,+55 (031) 3774 0927,"Praia Felipe Machado, 50, Etelvina Carneiro, 24307-601 Fonseca da Serra / RS"
2768,Davi Cardoso,913.824.057-23,maria-flor34@example.com,0500-992-5402,"Largo Renan da Cruz, 52, Marajó, 78202-403 Marques / RR"
2769,Sra. Sabrina Silveira,572.680.143-17,francisco78@example.com,0500-577-7426,"Área Heloísa da Cunha, 79, Jardim Atlântico, 61563922 Cavalcante do Galho / MS"
2770,Ana Vitória Marques,095.342.817-60,monteirobenjamin@example.org,0300 512 6347,"Estrada Daniela Rodrigues, 56, Conjunto Jatoba, 10064404 Barbosa de Minas / AC"
2771,Bento Mendonça,592.417.380-14,brenda74@example.org,+55 61 7003 0167,"Aeroporto de Duarte, 64, Ouro Minas, 25128447 da Mata da Serra / CE"
2772,Dra. Lorena Cardoso,035.846.271-17,maria-luizalopes@example.net,(011) 6552-8963,"Setor Liam Macedo, 84, Tiradentes, 71481-368 Melo de Goiás / RO"
2773,José Pedro Rios,052.396.874-47,pedromartins@example.com,+55 11 2888-3990,"Avenida de Campos, 228, Conjunto Novo Dom Bosco, 16694302 Oliveira / TO"
2774,Cecília Albuquerque,324.906.178-69,guilherme05@example.com,41 5624 7938,"Viaduto Andrade, 73, Planalto, 19089-556 Macedo de Jesus / PA"
2775,Dr. José Abreu,905.143.782-04,fernandesana-julia@example.net,81 0408 8078,"Núcleo Correia, 92, Vila Paris, 74706851 Dias Grande / RO"
2776,Sr. Ryan Pimenta,045.361.827-80,sophiegomes@example.com,(041) 1522-4966,"Área Enrico Lopes, 4, Europa, 27043-754 Leão do Oeste / CE"
2777,Maria Luísa Pires,567.138.249-19,oliver95@example.net,21 2781-9315,"Travessa Letícia Gomes, Vila Puc, 19062-220 Freitas / RO"
2778,Nathan Monteiro,315.682.497-64,ana-luiza39@example.com,(011) 1758-2029,"Lago Casa Grande, 58, Jardim América, 30241400 Costela / SC"
2779,Sr. Daniel da Conceição,589.031.467-00,brendadias@example.org,+55 (071) 2882-8280,"Esplanada Bianca Monteiro, 4, Varzea Da Palma, 26459-724 Cavalcanti / CE"
2780,Bento Moura,831.695.407-93,machadojoao-lucas@example.net,+55 (031) 2522-2133,"Conjunto Teixeira, 929, Engenho Nogueira, 68401784 Cirino de da Rocha / SP"
2781,Isis Rodrigues,493.627.085-74,teixeiraotavio@example.com,+55 (081) 5049 8870,"Lago João Lucas Teixeira, 9, Varzea Da Palma, 06333-405 Brito / RR"
2782,Heloísa Aparecida,726.539.108-02,fda-cunha@example.org,+55 31 4392-6449,"Núcleo Valentina da Rocha, 69, Sion, 34682-631 Sousa / MT"
2783,Dra. Maria Luiza Cunha,617.043.859-20,kmartins@example.org,0300 907 0400,"Jardim João Felipe Gomes, 57, Ernesto Nascimento, 44794-309 Nunes do Sul / AC"
2784,Danilo Moura,508.329.647-00,igoncalves@example.org,+55 21 5749 9240,"Praia Casa Grande, Estoril, 01309735 Novaes das Flores / RJ"
2785,Dr. Luiz Otávio Sales,846.073.512-53,kevinmoura@example.org,84 3439-3570,"Esplanada Jesus, 82, Vila São João Batista, 26579-835 da Conceição de Souza / BA"
2786,Dra. Bianca da Luz,392.581.746-82,leandroferreira@example.com,0800 870 4732,"Trecho Laís Machado, 12, Piratininga, 56523-256 Ribeiro / SP"
2787,Yasmin da Cruz,738.950.124-32,isabela31@example.net,(051) 9352 9847,"Vila de Leão, 99, Cidade Jardim Taquaril, 97791-079 Cassiano do Amparo / RO"
2788,Bruno da Conceição,851.234.760-08,barbosaolivia@example.org,+55 (084) 0171-8148,"Campo Machado, 3, Palmeiras, 60629-691 da Rocha / MS"
2789,Sr. Isaque Farias,931.504.267-07,carolina36@example.com,21 5470-9725,"Praça Guilherme Borges, 7, Madre Gertrudes, 63166-646 Aragão / CE"
2790,Arthur Azevedo,182.740.639-96,oliviacasa-grande@example.com,81 8646 8239,"Área Siqueira, 19, Marajó, 33640380 Monteiro de Minas / PI"
2791,Thales Câmara,452.186.790-11,fpereira@example.net,+55 (041) 9128-9878,"Condomínio de da Costa, Santo André, 07847924 Carvalho Paulista / RN"
2792,Dra. Clara Silveira,891.367.240-50,manuellamelo@example.com,+55 31 3159-0343,"Trecho de Vargas, Ribeiro De Abreu, 32267384 Macedo / MS"
2793,Jade Oliveira,690.518.327-02,ddias@example.org,+55 (071) 8070 3760,"Estrada Nogueira, 99, Distrito Industrial Do Jatoba, 32574-900 Silva / ES"
2794,Rafaela Gonçalves,510.276.483-71,andrecassiano@example.org,+55 41 5839-0394,"Via de da Cruz, 93, Jonas Veiga, 29009170 Marques / AM"
2795,Guilherme da Cruz,905.138.642-70,arthur-gabriel60@example.net,+55 (051) 4946 3441,"Trecho de Monteiro, 29, Santa Tereza, 13943740 Silva de Ramos / RN"
2796,Srta. Raquel Cavalcante,951.730.624-52,erick20@example.com,+55 81 5142-3612,"Parque Farias, 714, Pedreira Padro Lopes, 26216-406 Jesus da Prata / PB"
2797,Yan Ribeiro,084.731.562-26,thalesmontenegro@example.com,(041) 9547 3229,"Recanto Cunha, Olhos D'água, 57982-302 Guerra / AC"
2798,Alícia da Paz,457.136.098-39,da-cruzsofia@example.net,(061) 2102 2449,"Lagoa Novais, 410, Prado, 42273221 Cardoso / PA"
2799,Ian Carvalho,215.374.869-00,eloahnovais@example.net,+55 (081) 5820 4287,"Favela Erick Caldeira, 13, Barão Homem De Melo 3ª Seção, 71536-598 Pacheco de Goiás / AM"
2800,Mathias Moraes,097.865.124-30,valentimcasa-grande@example.net,+55 84 1997-6261,"Jardim Azevedo, Laranjeiras, 09638069 Sousa da Prata / CE"
2801,Cecília Santos,413.527.986-46,hmoreira@example.com,+55 (011) 7464 6714,"Morro Antônio Câmara, 22, Vila Nova, 93818176 Jesus Verde / MA"
2802,Luiz Gustavo Azevedo,230.945.671-34,dalves@example.org,61 8890-1191,"Recanto Araújo, Nova Floresta, 57202540 Pastor de Vargas / MG"
2803,Evelyn Casa Grande,189.205.374-88,inovais@example.org,+55 84 7039 2900,"Travessa João Vitor Guerra, 78, Conjunto São Francisco De Assis, 78878-559 Sampaio das Pedras / PR"
2804,Maria Flor Rocha,014.395.762-70,silveiramaria-alice@example.com,0300-384-8164,"Vereda de Costela, 123, Ernesto Nascimento, 55827-424 Costa do Oeste / BA"
2805,Hellena Barbosa,196.584.320-42,da-cunhamariah@example.org,11 7111 0980,"Via Ferreira, 84, Vila Inestan, 43267-169 Nascimento / RJ"
2806,Dr. Ravy Fogaça,025.937.461-06,jade49@example.net,(084) 5625 9799,"Condomínio Pietra Martins, 21, Jatobá, 46329-904 Novais Grande / MS"
2807,Isabela Azevedo,709.184.563-39,mateus48@example.com,+55 81 5492-8730,"Favela de Vasconcelos, Vila Petropolis, 00753-733 Costela da Serra / PR"
2808,Júlia Pereira,213.765.049-52,sfarias@example.org,(021) 0691-8105,"Viaduto da Costa, 34, São Geraldo, 81343-124 Novaes do Galho / PE"
2809,Dra. Joana Cavalcanti,970.542.136-61,imonteiro@example.com,21 2173-6109,"Pátio Anthony Gabriel Peixoto, 67, Renascença, 40598573 da Mota de Almeida / BA"
2810,Marcelo Campos,372.195.406-80,ana-beatriz42@example.net,84 0036 1859,"Vereda de Rezende, 1, Vila Independencia 1ª Seção, 83527322 Barbosa / RS"
2811,Mariana Aragão,548.729.103-97,znunes@example.org,(011) 1976 5113,"Avenida Manuella Siqueira, 664, Marmiteiros, 99602-142 Barros do Galho / SE"
2812,Sra. Alana Cunha,837.601.542-71,hdias@example.org,+55 71 1792 4896,"Lago Ryan Sá, 2, Madre Gertrudes, 98250800 Castro / RO"
2813,Ísis Vieira,654.289.317-28,maria-luisacaldeira@example.net,(081) 6018 3351,"Alameda Davi Teixeira, 97, Santa Rita De Cássia, 34137-159 da Paz do Norte / GO"
2814,Ana Luiza Novais,614.902.587-01,arthur-miguel78@example.org,+55 41 3729 9867,"Avenida de Silva, 341, Alpes, 47059369 da Rocha do Oeste / RO"
2815,Clarice Lima,857.924.630-00,teixeiramaria-luisa@example.net,0800 866 3552,"Largo de Martins, Bonfim, 50381-703 Vieira / AL"
2816,Sr. Isaque da Cruz,386.275.041-80,zoepinto@example.com,+55 (031) 4895 4255,"Vila Giovanna Leão, 3, Oeste, 70280-526 Aparecida / GO"
2817,Clarice Gomes,782.310.594-23,emanuelly66@example.com,+55 (051) 1989 1305,"Praça de da Conceição, 93, Silveira, 16590-549 Duarte de Mendes / PA"
2818,Heloisa Macedo,750.391.624-99,carvalhobenicio@example.org,+55 (061) 5460 9278,"Trecho Montenegro, São Paulo, 04958-563 Câmara / MT"
2819,Thales Cavalcante,124.798.506-76,cassianoemilly@example.com,(011) 6649 5433,"Colônia Silveira, Vila Pinho, 79515-358 Lima das Flores / MT"
2820,Srta. Esther Oliveira,263.705.891-95,marina38@example.net,+55 (031) 3784 9510,"Colônia de Brito, 3, Vila São Francisco, 72045-350 da Costa das Pedras / GO"
2821,Eduarda Fogaça,423.509.861-60,ksales@example.net,+55 84 0249-0016,"Colônia de Leão, 279, Vila Nova Dos Milionarios, 24659-748 Vieira / RO"
2822,Alexandre Ferreira,198.357.204-79,caldeiraana-carolina@example.com,0500 741 1736,"Recanto Camargo, 296, Conjunto Bonsucesso, 80009480 Dias / PA"
2823,Sra. Clarice Abreu,659.780.142-30,silveirasara@example.org,+55 (011) 5314 1131,"Largo Luiz Otávio Oliveira, Esperança, 16343906 Novaes Alegre / CE"
2824,Samuel Sousa,824.107.395-04,oliver83@example.com,71 7819-0700,"Praça de Jesus, 50, Lagoa, 27852-617 Lima / RN"
2825,Sr. Arthur Miguel Martins,620.594.378-65,dcastro@example.net,+55 (084) 3638-9498,"Passarela Heitor Monteiro, 7, Luxemburgo, 79316594 Macedo / RR"
2826,Sr. João Pedro da Luz,947.015.286-76,cirinoana-julia@example.org,+55 (051) 6896 1870,"Distrito Liam Nunes, 78, Nova Granada, 04255629 Macedo do Amparo / ES"
2827,Ana Julia Oliveira,386.259.710-59,maria-laura18@example.net,41 9836-9971,"Feira de Freitas, 99, Vila Sesc, 13098937 Novaes / RS"
2828,Theodoro Marques,365.019.248-98,da-matapedro@example.com,71 0812 5798,"Distrito Rodrigues, 15, Vila Nova Gameleira 2ª Seção, 85554893 Cavalcanti do Norte / MS"
2829,Sra. Brenda Oliveira,125.869.740-85,castrogael-henrique@example.net,+55 (084) 6812 4736,"Passarela Barbosa, 7, Jardim Atlântico, 51529-639 Novaes de da Cunha / ES"
2830,Allana Ribeiro,536.871.092-59,castrotheodoro@example.com,+55 11 7726-4257,"Área Lívia Peixoto, 763, Cenaculo, 40700295 Rezende / GO"
2831,Maria Teixeira,358.269.710-02,zoesilva@example.org,+55 (031) 1129-3236,"Jardim de da Costa, 34, Funcionários, 77204-439 Gonçalves / RJ"
2832,Juan Mendes,768.205.349-65,ravy50@example.net,0900 455 0498,"Loteamento Leandro Rios, 35, Outro, 47006795 Vasconcelos do Sul / RN"
2833,Isaque Lima,982.310.564-24,jaraujo@example.org,21 0538 3475,"Núcleo de Porto, 2, Jonas Veiga, 57332-452 Pereira / BA"
2834,Dr. Bento Sampaio,786.524.109-76,gael61@example.org,0800 834 4781,"Vale Anthony Fernandes, 889, Etelvina Carneiro, 70167850 Rocha / MS"
2835,Carlos Eduardo da Cunha,671.584.290-67,maria-clara28@example.net,(071) 8170 3839,"Colônia Rodrigues, 7, Vila Santa Monica 2ª Seção, 35207-682 Silveira do Norte / PE"
2836,Renan Rodrigues,804.236.159-98,duartemaria-julia@example.org,+55 11 9879 6182,"Chácara de Camargo, 818, Vila Primeiro De Maio, 83913662 Silveira da Prata / ES"
2837,Dra. Emanuella Farias,342.618.705-17,manuellafogaca@example.org,0300-965-6826,"Lago Moura, 1, Marmiteiros, 56269604 Almeida de Campos / PE"
2838,Helena Martins,230.685.491-24,lucca40@example.net,0300-730-1744,"Sítio Siqueira, 93, Acaiaca, 33576-657 Cirino / MT"
2839,Maria Helena Campos,730.295.468-29,wguerra@example.com,+55 31 9276-2286,"Avenida Viana, 78, Mineirão, 07246-906 Porto / PR"
2840,Dr. Gabriel Gomes,584.106.972-11,nporto@example.com,(061) 1326-1738,"Praia Albuquerque, Universo, 23785597 Mendonça / BA"
2841,Eduardo Pimenta,013.596.284-60,mouraana-laura@example.org,41 8020-1213,"Quadra de Ribeiro, 90, Piraja, 22545952 Nunes de Minas / PE"
2842,Dr. João da Cruz,175.936.084-84,saracunha@example.org,0800-694-9746,"Trevo Gabrielly da Cruz, 67, Mangueiras, 44219-146 Souza / AP"
2843,Dra. Larissa Fernandes,041.567.392-52,ana-luizajesus@example.org,0300 249 1846,"Lagoa de Macedo, 969, Vila Antena, 86745-425 Caldeira dos Dourados / AM"
2844,João Pedro da Rosa,635.809.147-66,barbara44@example.net,(021) 2549-5680,"Via Albuquerque, 111, Itapoa, 30635-834 Cardoso / PB"
2845,Valentim Fernandes,610.279.483-40,xviana@example.org,84 3317 9230,"Viaduto de Vargas, 9, Dom Cabral, 58644505 da Rocha Grande / ES"
2846,Eduardo Vasconcelos,273.805.169-30,csantos@example.com,+55 84 6939-4442,"Conjunto de Campos, 40, Vila Califórnia, 77909-861 da Rosa das Flores / MT"
2847,André da Conceição,589.043.261-33,leaohelena@example.com,(081) 1915 8149,"Esplanada Ana Laura Borges, 1, Diamante, 21870-030 Garcia / CE"
2848,Allana Cavalcanti,428.169.753-55,larissaleao@example.org,+55 11 9309-1787,"Sítio Clarice Melo, 32, Vila Pilar, 62327-412 Cassiano / AP"
2849,Erick Souza,539.478.061-75,moreiraana-julia@example.net,+55 21 8592 6733,"Fazenda Bianca Aragão, 409, Savassi, 79418-032 Leão de Nunes / MS"
2850,Sr. Henrique Cunha,953.601.487-48,jrios@example.net,(071) 9437-7211,"Ladeira Aparecida, 60, Novo Ouro Preto, 03380-277 Porto / ES"
2851,Ian da Costa,596.231.048-98,azevedoisis@example.org,(031) 3245 9939,"Quadra Guilherme Santos, 745, Goiania, 07901-887 Teixeira / SC"
2852,Isabel Porto,512.738.496-55,kaiquebarros@example.org,+55 31 9683 9383,"Viela de Martins, 902, Trevo, 52749-394 Lopes das Flores / SC"
2853,Sr. Pedro Cunha,742.306.859-47,araujoenzo-gabriel@example.com,(084) 9726 2392,"Setor de Barbosa, Maria Helena, 82106-552 Jesus das Flores / MT"
2854,Mathias Porto,017.392.456-52,aylabarbosa@example.org,(071) 7904 1570,"Largo Gael Costela, 13, Marmiteiros, 59552541 Abreu / SC"
2855,Enzo Gabriel Moraes,497.356.028-65,danielborges@example.org,+55 31 9820 9560,"Vale Alves, 41, Vila Da Luz, 96151964 Lopes dos Dourados / SC"
2856,Yuri Vasconcelos,641.587.923-55,heloisa34@example.net,+55 (084) 5712 4313,"Vale Joaquim Macedo, Conjunto Providencia, 20977966 Moura / RO"
2857,Benjamim Fernandes,916.280.534-70,lopesguilherme@example.com,(081) 6200-1800,"Estrada de Lima, 87, Virgínia, 95919-061 Rodrigues Paulista / CE"
2858,Cecilia Cardoso,371.495.608-57,ocaldeira@example.org,+55 (061) 3372 7707,"Parque de Aparecida, 97, Vila Real 2ª Seção, 73349064 Rodrigues / AP"
2859,Thomas Rodrigues,087.169.523-59,hfreitas@example.com,(061) 1921-0135,"Vereda de Mendonça, 546, Mirtes, 83399395 Silva Paulista / AC"
2860,Brenda Machado,015.873.926-40,fariasjoao-lucas@example.net,(081) 8093-7621,"Rua Teixeira, 73, Tirol, 96762868 da Rocha das Pedras / PI"
2861,Sr. Theodoro Moura,937.046.251-16,davi-luizvargas@example.org,(011) 3708-1778,"Lago Otto Araújo, 19, Vila Havaí, 21475-072 Fonseca / PR"
2862,Letícia da Mota,372.081.596-02,hadassamendonca@example.org,(021) 8630 8144,"Loteamento de da Conceição, 99, Vila Puc, 30587907 Aragão / RN"
2863,Luiz Gustavo Rezende,213.490.876-96,jribeiro@example.net,+55 (061) 4398 4392,"Fazenda Mariane Pinto, Fazendinha, 69080266 Ribeiro / ES"
2864,Juliana Cavalcanti,540.719.328-05,ester09@example.org,0900-152-7153,"Travessa Mendes, 6, Barão Homem De Melo 1ª Seção, 47260-414 Carvalho / PI"
2865,Ian Sampaio,934.758.201-88,ncamara@example.org,(061) 5762 3122,"Condomínio de Peixoto, 67, Vila Ipiranga, 82160893 da Mota / AM"
2866,Leandro Albuquerque,409.352.817-97,leaolucca@example.net,51 8993 7935,"Núcleo Barbosa, 54, Vila Formosa, 19097-644 Aragão / MG"
2867,José Miguel Viana,817.394.652-37,ferreiranatalia@example.com,+55 84 2746 0437,"Avenida da Cunha, Vila Novo São Lucas, 37625959 Jesus Paulista / PR"
2868,Igor da Rosa,231.049.865-33,da-cruzthomas@example.com,11 2681-4748,"Favela de Pires, Marajó, 62843-108 Vargas / PR"
2869,Maria Cecília Vasconcelos,403.216.759-16,dante40@example.com,(071) 9698 5217,"Rua de Souza, 214, Tres Marias, 52847590 Nogueira de Pacheco / MA"
2870,Sr. Thiago Melo,624.903.781-04,eduardoramos@example.org,0500 403 8573,"Jardim de Nunes, 16, Nova America, 62166060 Gonçalves Grande / SE"
2871,Lucca Siqueira,475.108.639-10,kdas-neves@example.com,11 5834 8328,"Área da Paz, Primeiro De Maio, 35069-158 da Rosa de Carvalho / AC"
2872,Ana Laura da Rocha,935.247.801-05,anthony-gabriel87@example.net,0500-726-3425,"Loteamento da Conceição, 61, Bacurau, 16504381 Borges / SC"
2873,Luiz Fernando Lopes,725.189.046-11,tmendes@example.org,+55 21 0964-4142,"Sítio de Nunes, 273, Vila Suzana Primeira Seção, 53063486 da Mata do Campo / SE"
2874,Emanuel da Costa,803.945.721-14,aparecidanoah@example.org,+55 (061) 3722-7339,"Distrito de Pereira, 1, Vila Piratininga Venda Nova, 21621842 Novais do Campo / GO"
2875,Aylla Borges,905.374.126-70,emillyteixeira@example.net,+55 81 0707-6143,"Morro João Guilherme Martins, 3, Vila Oeste, 91952427 Borges de Minas / MA"
2876,Eloah Andrade,461.573.289-91,maria-luizaaparecida@example.net,0300-623-4890,"Travessa de Brito, Marajó, 34978-455 da Costa do Campo / MG"
2877,Kamilly Novaes,375.902.164-61,leandro84@example.com,0300-770-9178,"Quadra Rodrigues, Nova Gameleira, 80829803 Brito / AP"
2878,Anthony Gabriel Vargas,953.816.072-02,novaispedro-miguel@example.net,+55 (061) 5483-7929,"Chácara de Novais, 55, Vila Puc, 28442356 da Cunha da Serra / ES"
2879,Anthony Gabriel da Luz,456.821.907-85,mleao@example.net,+55 11 3247-0187,"Passarela Correia, 77, Capitão Eduardo, 44981304 Barros Alegre / PR"
2880,Vitor Hugo Cassiano,897.016.532-03,ycostela@example.org,(051) 5968-0931,"Setor de das Neves, 6, Marmiteiros, 39060-270 da Mota de Macedo / AC"
2881,Esther Porto,136.420.578-53,erick64@example.org,31 6998 5189,"Vila Ana Beatriz Siqueira, 62, Alpes, 36179070 Freitas / BA"
2882,Kevin Fonseca,625.071.439-16,xbarbosa@example.net,(061) 6752 7395,"Favela Ayla Rios, 73, Olaria, 80500229 Moraes / SC"
2883,Rafael Cirino,654.298.730-47,bramos@example.com,(011) 8472 0098,"Estrada Mendonça, 3, Beira Linha, 40530-456 Cirino da Praia / AL"
2884,Bernardo Aparecida,125.398.074-88,larasa@example.org,(051) 5751-5760,"Parque Ana Júlia Nogueira, 822, São Cristóvão, 93635563 Sá do Oeste / RS"
2885,Ian Barros,827.650.943-65,luiz-gustavo08@example.org,11 6073 0338,"Trevo de Sousa, Buraco Quente, 93031815 Gonçalves da Mata / RS"
2886,Rebeca Caldeira,372.498.560-65,souzaenrico@example.net,+55 (084) 8067-4809,"Feira Duarte, 26, Heliopolis, 04030500 Câmara de Minas / RS"
2887,Marcelo Nascimento,143.589.062-06,thales71@example.com,(011) 2497-5953,"Morro Daniela da Cunha, Venda Nova, 74671-732 Rocha / GO"
2888,Ana Vitória Cavalcante,974.165.320-43,qsantos@example.org,(061) 0104-6369,"Vale de da Rosa, 55, Urca, 94623450 da Luz dos Dourados / MS"
2889,Miguel Leão,615.790.823-86,luiz-otavioaparecida@example.com,+55 (021) 3974-4509,"Trevo Mendes, 93, Belvedere, 67861391 Moraes do Galho / GO"
2890,Luiz Gustavo Azevedo,890.213.574-88,almeidaester@example.org,+55 41 4875-4747,"Feira de Nogueira, 157, São Gabriel, 61183586 Dias do Amparo / TO"
2891,Josué das Neves,126.530.849-70,kteixeira@example.com,84 1418-5500,"Pátio Melo, 4, Acaiaca, 26955661 Vargas de Rezende / PI"
2892,Ravy Farias,109.674.583-66,luana02@example.net,+55 11 8730-1204,"Avenida Sampaio, 658, Minas Brasil, 91476-512 Duarte das Flores / AM"
2893,Ana Beatriz Pimenta,615.732.489-91,fogacaeduarda@example.com,+55 71 0172 1924,"Estrada Lavínia Carvalho, 5, Cônego Pinheiro 2ª Seção, 52632927 Sampaio / SE"
2894,Evelyn Fogaça,195.460.238-33,wporto@example.net,(041) 1963-0949,"Distrito Ribeiro, 46, Vista Alegre, 72838113 Teixeira / SP"
2895,Emanuella da Cruz,174.906.358-10,oliver18@example.net,(021) 2708 8645,"Feira Abreu, 122, Carmo, 61503310 Araújo do Galho / SC"
2896,Sr. Otto Mendonça,603.249.718-69,mendesrael@example.com,+55 21 4352 0246,"Estrada de Pacheco, 654, Vila Nossa Senhora Do Rosário, 42643-970 Viana da Mata / PR"
2897,Isaac Borges,482.967.315-09,bdas-neves@example.com,(011) 3197-8247,"Vale de da Conceição, 93, Oeste, 83513187 Cavalcante / RJ"
2898,Sr. Thales Alves,732.408.156-80,umacedo@example.com,+55 (031) 2187-0319,"Vila de Pereira, Chácara Leonina, 49400740 Vargas da Mata / MS"
2899,Mariana Casa Grande,815.476.329-09,qcassiano@example.org,+55 (041) 8359 3847,"Condomínio Natália das Neves, 80, Coqueiros, 95933376 Fernandes do Amparo / GO"
2900,Pedro Lucas Oliveira,037.942.816-40,silvaluana@example.com,(041) 0084 1630,"Aeroporto Ísis Caldeira, 19, Vila Da Ária, 62172-185 Jesus / RO"
2901,Elisa Costa,382.059.146-05,hcampos@example.org,0900 222 7528,"Vale Giovanna Freitas, 1, Varzea Da Palma, 44762087 Barbosa / DF"
2902,Breno Pereira,840.593.276-38,daniel79@example.net,0900 343 1001,"Travessa de Gomes, 931, Caiçaras, 60044540 Ribeiro / RO"
2903,Dra. Luara Alves,381.094.526-98,evelyn45@example.org,(041) 8552 2243,"Favela Luiz Otávio Sá, 5, Leonina, 23814488 Melo das Pedras / RN"
2904,Srta. Lavínia Araújo,963.781.240-78,avieira@example.com,+55 41 3825 7210,"Condomínio Ramos, 56, Vila De Sá, 76436045 Porto do Sul / SE"
2905,Alexia Leão,795.410.238-60,sgomes@example.org,81 1982-8927,"Campo Rios, 7, Renascença, 96299381 Caldeira / PR"
2906,Esther Pimenta,924.153.867-82,sampaiogabriela@example.com,(041) 4644-8147,"Rodovia Sofia da Mota, 63, Vila De Sá, 86374777 das Neves Verde / RJ"
2907,Alana da Mota,736.241.580-07,mcastro@example.com,(031) 5882-4268,"Recanto Araújo, 47, São Vicente, 82333-743 Cirino do Norte / PR"
2908,Maria Rocha,970.624.815-30,pviana@example.org,61 8346 0580,"Trecho Luiza Peixoto, 5, Concórdia, 79983-456 Pereira / RS"
2909,Luara Vasconcelos,369.578.142-46,cmoraes@example.com,(071) 5940-0288,"Passarela de Monteiro, 26, Casa Branca, 25396157 Pires / MT"
2910,Samuel Fonseca,934.625.180-89,maria-florcarvalho@example.com,+55 (031) 3846-8434,"Esplanada Samuel Vasconcelos, 24, Monte Azul, 42487933 Alves / SP"
2911,Sra. Heloísa Sales,961.480.273-13,guilhermedas-neves@example.org,+55 51 4752 8290,"Viela de Nascimento, 672, Havaí, 23687055 Abreu das Pedras / PR"
2912,Luísa Nogueira,516.278.403-62,gael96@example.net,+55 (031) 7727-0462,"Viaduto Cirino, 61, Eymard, 21148651 Moraes / SC"
2913,Brenda Aparecida,647.150.892-11,uteixeira@example.net,(041) 9664 6985,"Aeroporto Agatha Novaes, 81, Esplanada, 87947635 Montenegro / RJ"
2914,Dr. Oliver Mendes,861.245.709-20,moraesjoao-miguel@example.com,+55 41 7666 4726,"Sítio Silva, 8, Glória, 05405643 Santos de Minas / PA"
2915,Calebe Pinto,052.937.186-30,bento43@example.org,(081) 0190-6029,"Residencial Pedro Henrique da Mota, 29, Santa Branca, 40424-475 Dias / AC"
2916,Sr. Matteo da Rocha,759.682.413-73,liviamoreira@example.net,51 8102 4091,"Avenida André Vieira, 893, Vila Trinta E Um De Março, 37903536 Viana de Caldeira / AC"
2917,Leandro Machado,726.198.035-86,pimentamirella@example.com,31 8900 5740,"Quadra de Rocha, 63, Vila Da Paz, 09742-775 Melo / CE"
2918,Carolina Dias,275.013.948-14,cavalcantejuan@example.org,+55 31 7943 9748,"Colônia Apollo Pires, 93, Oeste, 17749990 Sousa / PE"
2919,Benjamin da Luz,593.426.781-73,rael88@example.com,0800 007 1534,"Fazenda Vitória Garcia, 514, Beira Linha, 28072-559 Fogaça / SE"
2920,Rebeca Duarte,645.912.378-00,estersilveira@example.net,(071) 7684-2719,"Trevo Thiago Farias, 1, Vila Suzana Segunda Seção, 85441122 da Luz de Minas / AP"
2921,Mathias Araújo,105.749.683-93,alexandre93@example.org,51 4068 7770,"Núcleo de Pastor, 553, Santa Cecilia, 50672675 Duarte / PI"
2922,Fernando da Conceição,467.931.082-04,maria-lizmarques@example.org,(021) 4782 2926,"Residencial Sophia Porto, 69, Nova Floresta, 05053-533 Santos / SP"
2923,Thiago da Rocha,276.304.598-74,ana-sophiaazevedo@example.net,31 6193 6042,"Morro Pedro Miguel da Rosa, 34, Vila Maria, 33192446 Novaes / PA"
2924,Sr. Paulo Alves,302.917.586-30,silveiraenzo-gabriel@example.com,61 4878-4514,"Condomínio Zoe Santos, 48, Bernadete, 09398-205 Brito / TO"
2925,Júlia Porto,074.523.916-16,camposmatheus@example.com,+55 41 4939-4821,"Morro Borges, Grajaú, 10243-559 Santos / MG"
2926,Matteo Marques,472.135.089-97,cavalcantibryan@example.net,+55 (041) 3299 5592,"Estação de Vieira, 7, Oeste, 92125318 Garcia do Sul / MG"
2927,Thales Montenegro,913.052.768-68,clara20@example.net,+55 21 2500-7649,"Campo de Marques, 47, Cidade Nova, 30023815 Moreira / SP"
2928,Diogo Viana,839.024.675-92,apastor@example.net,+55 84 0535 3959,"Distrito Moraes, 3, Casa Branca, 44869274 Cunha / ES"
2929,Dante Mendonça,309.674.518-84,almeidajoao-felipe@example.org,(071) 0679 9973,"Largo Moreira, 79, Estrela, 93135-860 Camargo Grande / CE"
2930,Sra. Ayla Fonseca,271.645.930-43,qda-paz@example.com,0900 437 8812,"Setor Ana Vitória Peixoto, 1, Vila São João Batista, 19987064 Campos / GO"
2931,Maria Eduarda Almeida,254.716.809-01,camargojoao-guilherme@example.org,71 5302 1635,"Residencial de Teixeira, 727, Carmo, 70118-566 Caldeira dos Dourados / GO"
2932,Ayla da Rosa,580.174.263-80,maria-helenasouza@example.net,(084) 2768 6224,"Condomínio da Mota, Nazare, 30362788 Moura / SE"
2933,Aylla Nogueira,417.350.926-06,luiginascimento@example.net,0800 037 3862,"Vereda Pimenta, Leonina, 77524-819 Jesus de Santos / DF"
2934,Hellena Porto,932.487.610-40,camargomatheus@example.org,21 1221 6602,"Sítio Leão, 648, São José, 75224993 Cirino / RO"
2935,Larissa Camargo,792.164.803-78,esterfernandes@example.org,+55 (011) 4415 4177,"Conjunto Sousa, 52, Vila De Sá, 33894-469 Cardoso de Minas / AM"
2936,Dante Novais,715.829.643-19,mirellaaraujo@example.org,+55 71 5454-1325,"Praça Yago Fonseca, 89, Lajedo, 36491136 Sampaio / SE"
2937,Júlia da Luz,348.597.621-00,das-nevesanna-liz@example.com,0800-719-5563,"Vila da Paz, 2, Jardim Dos Comerciarios, 43033-554 Almeida do Galho / MT"
2938,Dra. Bruna da Conceição,245.167.380-07,nnovais@example.com,+55 (084) 2543 9296,"Esplanada Rios, 956, Barreiro, 09173-849 Pires / ES"
2939,Rhavi Souza,769.315.820-03,zcosta@example.com,0800-648-8203,"Esplanada Eloah Pimenta, 92, Bonsucesso, 77538626 Gomes da Prata / SP"
2940,Dr. João Pedro Macedo,385.709.612-86,lorena42@example.org,+55 (041) 8538-6373,"Travessa Albuquerque, 411, Vila De Sá, 62658-167 Lima / TO"
2941,Stella Borges,176.803.452-44,monteiroisis@example.org,(021) 0824 2548,"Condomínio Antony Marques, 6, Conjunto Floramar, 64923-606 Vasconcelos das Pedras / AC"
2942,Larissa Azevedo,258.743.690-74,bella64@example.net,+55 41 6450-5382,"Conjunto Lucas Gabriel Vargas, 696, Santa Amelia, 72730-116 Moraes de Costa / SP"
2943,Catarina Nunes,103.429.875-50,luiz-henrique33@example.com,(084) 5610 4901,"Morro Isis da Cruz, 50, Vila Nova Cachoeirinha 3ª Seção, 21170-888 Cirino / BA"
2944,Maya Caldeira,583.017.629-77,thomaslopes@example.org,71 4300-1519,"Campo Pires, 36, Vila Calafate, 83463-174 Teixeira da Prata / AC"
2945,Stella da Mota,529.340.871-23,da-pazmariah@example.com,81 0494 5735,"Lago Pires, 51, Grajaú, 74977295 Fonseca / MA"
2946,Amanda Cunha,219.038.754-04,duartediego@example.org,+55 (041) 2402 1967,"Vale de Moura, 43, Ipe, 80642354 Moraes do Amparo / BA"
2947,Dra. Heloísa Garcia,143.852.076-07,joao-felipe87@example.org,(081) 0490 5956,"Morro Novaes, Alta Tensão 2ª Seção, 86399-776 Siqueira da Prata / ES"
2948,Sra. Sara Correia,940.528.371-50,joana26@example.net,(071) 8373 4855,"Vereda Leandro Correia, Conjunto Providencia, 05082-372 das Neves de Gonçalves / SP"
2949,Davi Andrade,349.286.571-28,ida-costa@example.net,81 9560-2232,"Fazenda Théo da Rosa, Conjunto Califórnia I, 36999-903 das Neves / RR"
2950,Joana Viana,597.236.108-68,freitastheo@example.net,+55 (041) 9779 2477,"Favela Mariah Ribeiro, 7, Parque São Pedro, 16775887 Moura dos Dourados / PR"
2951,Hellena Cavalcanti,408.136.275-08,moraeslorenzo@example.com,(071) 3352 5527,"Via de Cardoso, 96, Santa Sofia, 15093853 Marques / SC"
2952,Mathias Farias,893.705.164-84,hborges@example.net,51 9871 0451,"Fazenda Mariana da Rosa, 82, Vila Real 2ª Seção, 38057-105 Vargas / PB"
2953,Nicole Pimenta,174.528.690-01,pda-mota@example.com,(031) 3378 9963,"Rua de Cavalcante, 71, Vila Barragem Santa Lúcia, 32915324 Albuquerque de Minas / ES"
2954,Thiago Moraes,268.394.507-83,ivieira@example.com,+55 (041) 8032-9423,"Setor Pires, 41, Beira Linha, 44420-227 Novais / RR"
2955,Kamilly Rios,742.963.081-22,alexialima@example.org,+55 61 5672 7285,"Largo Hellena Dias, 54, Maria Virgínia, 76522817 Sales / AL"
2956,João Pires,627.534.189-00,ana-vitoriacassiano@example.net,+55 (041) 5766-0054,"Residencial de Castro, 999, Santo André, 65577-022 Martins / MT"
2957,Maria Cecília Cassiano,840.192.763-31,valentim49@example.net,+55 71 7535 8907,"Viela Ravi Lucca Rios, 11, Vila Aeroporto, 65776617 Ribeiro dos Dourados / RS"
2958,Yasmin da Costa,187.605.394-10,cfogaca@example.net,0900-641-3270,"Travessa Anna Liz Correia, 675, Inconfidência, 46454165 Gomes / AP"
2959,Sra. Letícia Borges,357.189.260-77,roliveira@example.org,(051) 4475 5562,"Loteamento Novais, 9, Dona Clara, 78326107 Sales da Praia / SC"
2960,Oliver da Cunha,304.297.685-83,benicio11@example.org,31 6660-8220,"Recanto Lorenzo da Luz, Itaipu, 92034980 Leão da Mata / SC"
2961,Bianca Rodrigues,052.638.749-10,mariahbrito@example.org,+55 (021) 2055 3079,"Ladeira Camila Sales, 154, Horto Florestal, 26089-991 Barbosa da Prata / BA"
2962,Gael Machado,358.160.279-21,pauloazevedo@example.com,+55 (051) 2630-4003,"Morro Asafe Cassiano, 3, Estrela Do Oriente, 11505-571 Santos de Macedo / SC"
2963,Arthur Miguel Câmara,432.078.615-71,davi-luiz29@example.net,61 5154-9706,"Fazenda Fernandes, São Lucas, 87952-172 Pastor / SP"
2964,Cauê Novaes,540.961.387-20,marquespedro@example.com,31 5380-5970,"Pátio Maria Flor Araújo, Jardim Do Vale, 63223128 Mendes / PB"
2965,Allana Machado,247.309.168-40,luannunes@example.com,(021) 8730 0737,"Recanto Melo, 9, Pedreira Padro Lopes, 31112-031 Rodrigues de Moura / PB"
2966,Davi Luiz Farias,341.820.975-05,kda-rocha@example.com,+55 11 8101-7600,"Ladeira Maria Sophia Alves, 151, Santana Do Cafezal, 65523-969 Gomes / DF"
2967,Allana Moura,985.341.276-46,rezendepedro-lucas@example.org,84 9460 1868,"Trecho de Cardoso, 49, Monte Azul, 14016-682 da Rosa do Campo / CE"
2968,Stella Rezende,586.170.342-62,joaocaldeira@example.com,+55 21 9705 4684,"Conjunto de Cassiano, 12, Vila Madre Gertrudes 2ª Seção, 04178303 Viana de Goiás / GO"
2969,Thiago Nascimento,186.305.742-08,dcasa-grande@example.org,(031) 2923 8567,"Fazenda Oliver Rocha, 8, Mangabeiras, 05672526 Farias de Cassiano / SE"
2970,Yan Cavalcante,837.162.094-22,joao-vitormonteiro@example.org,(071) 1988-2527,"Jardim Moraes, 47, Horto, 23413-343 Novais / RJ"
2971,Ian da Rocha,283.409.751-88,csilveira@example.org,+55 (011) 8717-9402,"Travessa de da Cunha, 39, Conjunto Capitão Eduardo, 93814409 das Neves / PE"
2972,Calebe Ferreira,046.189.275-85,dpinto@example.net,+55 41 6985-8914,"Feira de Camargo, Boa Viagem, 53105-771 Cardoso de Brito / RJ"
2973,Noah da Paz,614.209.853-70,vasconcelosmateus@example.com,+55 21 1649-0311,"Aeroporto Sousa, 48, Mariano De Abreu, 65073922 Fonseca de Fonseca / BA"
2974,Pedro Miguel Pimenta,463.759.102-34,fogacaayla@example.com,+55 51 7050 7059,"Trevo João Gabriel Peixoto, 66, Nova Granada, 56771412 Cassiano / PE"
2975,Lucca Casa Grande,638.719.254-46,gustavo-henriqueda-rocha@example.org,+55 (051) 4813 7282,"Favela de Guerra, 5, Prado, 07976702 Lima / MA"
2976,Natália Brito,549.138.026-15,viniciusmontenegro@example.net,0500-658-5420,"Pátio de da Mota, 771, Santa Lúcia, 39004-520 Farias do Amparo / AC"
2977,Paulo Brito,430.581.729-23,cavalcanteoliver@example.com,+55 (031) 8319-2611,"Estrada Marques, 30, Vista Do Sol, 03008673 Azevedo das Flores / TO"
2978,Sr. Mathias da Conceição,162.049.378-04,maria-lizvargas@example.net,(041) 8422 4080,"Alameda João Felipe Barbosa, 398, Vila Da Paz, 90171-652 Pastor / PB"
2979,Sofia Mendes,980.143.267-50,yda-cunha@example.com,+55 (051) 1548-0171,"Trevo Azevedo, 77, Cachoeirinha, 45178-272 da Luz Alegre / RO"
2980,Dra. Isadora da Cunha,437.596.180-57,caroline18@example.net,(041) 7894-9989,"Distrito de da Rosa, 946, Outro, 39414641 Nogueira / SC"
2981,Otto Silveira,871.250.469-67,andre79@example.org,+55 81 2020 3807,"Fazenda de da Cunha, Solimoes, 69774670 Pires do Oeste / MA"
2982,Maria Luiza Rocha,236.704.981-50,sophia27@example.org,71 9077 6919,"Lagoa Sabrina Alves, 94, São Sebastião, 64150957 da Rosa Grande / GO"
2983,Dra. Ana Sophia da Cunha,291.473.580-41,isaac25@example.org,0800 464 8056,"Viela Lima, São Francisco Das Chagas, 58648068 Costa / DF"
2984,Maria Laura Campos,182.654.093-89,silvalavinia@example.org,0900-526-1457,"Trecho de Gomes, Maravilha, 62019822 Macedo / RN"
2985,Breno da Cunha,389.152.647-46,pintogustavo-henrique@example.net,(071) 7080 8374,"Via Ana Casa Grande, 451, Vila Califórnia, 78148-547 Montenegro / AM"
2986,Anna Liz Farias,451.798.026-01,diego13@example.org,81 3506-2401,"Estação de Viana, 29, Luxemburgo, 80428005 Vieira / AP"
2987,Gustavo Henrique Cavalcanti,954.160.372-61,dteixeira@example.org,84 2406 3243,"Rua Francisco Peixoto, 92, Boa União 2ª Seção, 67405-026 Macedo Alegre / AP"
2988,Brenda Albuquerque,948.631.705-48,wsampaio@example.org,+55 (084) 3479 4334,"Viaduto Heloísa Vargas, 18, Madre Gertrudes, 63740-364 Moura Grande / SP"
2989,Heitor Alves,706.421.938-78,castrorenan@example.org,+55 51 9372 2884,"Estação Vicente Cavalcante, 85, Marieta 3ª Seção, 53975-982 Campos / MG"
2990,Sr. João Miguel Pires,723.954.608-00,castroisis@example.com,+55 11 6326-8129,"Favela Cecília Montenegro, Vila Antena, 45997559 Albuquerque Verde / SC"
2991,Maria Helena da Cruz,562.348.970-29,jesusthomas@example.org,(084) 2342-7492,"Favela Cunha, 42, São Benedito, 78088103 Rocha / AL"
2992,Sofia Freitas,307.815.926-40,yalbuquerque@example.com,51 4632 5390,"Esplanada João Guilherme da Mata, 389, São Benedito, 84210926 Pires de Minas / GO"
2993,Eloá Lopes,360.952.148-15,lucca93@example.net,(041) 2476-5384,"Viela Camila Andrade, 501, Canaa, 20484204 Rios do Galho / MT"
2994,Alícia Costela,795.340.621-70,zporto@example.org,51 3947 7189,"Passarela Ribeiro, 28, Miramar, 56241-258 da Rosa dos Dourados / SE"
2995,Paulo da Conceição,723.659.481-46,bruna93@example.com,+55 (081) 7891-4949,"Ladeira Pietro Brito, 485, São Cristóvão, 11578-446 Garcia / SC"
2996,Mariah Vieira,948.132.560-15,fogacaester@example.org,(071) 0367 6521,"Travessa Sousa, 74, Vila São Geraldo, 56499-254 Cavalcante / MS"
2997,Daniela Martins,417.908.265-94,pmartins@example.org,+55 71 6083-6423,"Lagoa Barros, Boa União 1ª Seção, 91766-029 Guerra de Fernandes / SE"
2998,Dr. Davi Lucas Sales,059.371.268-40,dfogaca@example.com,51 4017 3757,"Estação Casa Grande, 70, Cachoeirinha, 79537-838 da Paz da Prata / RN"
2999,Mariana Fogaça,513.076.289-40,sophiefonseca@example.net,+55 61 1413-5199,"Avenida Ian da Mata, 38, Vila Nova Cachoeirinha 3ª Seção, 92778-210 Mendonça do Campo / MG"
3000,José Pedro Mendonça,278.946.103-13,ana-liz54@example.net,41 7707-2448,"Núcleo da Costa, 181, Nossa Senhora Aparecida, 29778556 Dias / SP"
