id_contrato,id_cliente,id_produto,id_agencia,contrato_valor,data_key
1,2990,20,52,19305.08,20250706
2,1850,2,29,2246.69,20250613
3,2269,3,29,30356.42,20250825
4,242,4,5,9448.18,20251008
5,1141,14,70,1992.0,20240831
6,2361,31,53,3644.43,20250807
7,1766,27,60,12074.43,20251105
8,404,8,44,10427.1,20251023
9,2197,28,24,5348.8,20240713
10,1816,36,13,56052.74,20240318
11,61,16,22,10130.03,20250707
12,1643,11,49,9970.0,20240806
13,1864,13,72,118251.75,20240928
14,892,38,70,3167.16,20241030
15,206,33,68,11471.66,20240228
16,329,5,77,9265.97,20250604
17,1654,17,73,55640.94,20240828
18,2537,18,75,2936.7,20240210
19,837,21,31,87961.75,20240924
20,2644,20,41,71452.16,20251118
21,2307,5,69,5698.66,20250928
22,1430,16,48,85765.01,20240515
23,2882,34,2,3208.46,20250710
24,425,9,34,27453.41,20251110
25,2267,25,37,4459.59,20260130
26,834,17,65,47381.86,20241217
27,379,18,6,4515.7,20240222
28,2610,11,57,40693.23,20240513
29,40,29,20,57925.06,20250728
30,2386,28,17,276.54,20250113
31,164,14,32,37682.74,20260326
32,1665,10,31,7396.73,20250727
33,1689,33,43,78215.45,20240630
34,1017,34,14,16143.59,20260122
35,912,35,59,13210.33,20250426
36,933,36,25,6451.22,20260325
37,1144,33,52,62674.05,20240312
38,473,17,23,1722.63,20240129
39,157,39,56,19269.42,20240928
40,1788,33,15,14706.63,20241117
41,1044,1,56,13593.07,20240713
42,2814,13,47,62870.52,20250705
43,1353,8,39,1864.49,20251111
44,1337,19,71,5329.99,20250222
45,1553,12,79,1040.02,20251111
46,2,14,56,59123.48,20250715
47,1905,14,66,12329.9,20241125
48,696,19,66,3989.3,20260326
49,963,15,26,63574.47,20260208
50,1947,5,59,976.3,20240907
51,797,25,64,17779.67,20250812
52,2817,12,14,51717.98,20251102
53,2122,36,32,4767.4,20251213
54,1904,36,77,2336.66,20260331
55,2510,33,55,114054.71,20250329
56,1945,16,36,38443.52,20240611
57,1125,19,31,9949.64,20240901
58,331,18,30,40965.86,20250707
59,877,19,53,10715.3,20251224
60,256,20,54,8596.56,20250301
61,2849,21,74,13667.74,20250821
62,1224,27,69,7677.72,20241226
63,2000,23,56,4019.35,20240813
64,2740,26,22,1406.35,20241210
65,2188,25,51,139540.41,20250929
66,344,9,60,11505.64,20240128
67,1341,27,42,8771.35,20250123
68,1140,27,33,11657.22,20250123
69,2210,29,45,40273.01,20260206
70,2670,30,4,3285.71,20260310
71,2545,31,17,1076.87,20240121
72,893,17,48,3380.35,20250731
73,2943,33,21,50441.95,20260204
74,1278,25,51,13107.41,20240127
75,2570,35,39,10699.74,20251208
76,2319,23,69,124718.64,20260326
77,2073,1,54,13399.67,20240311
78,2604,30,20,2477.54,20250105
79,2665,39,69,3934.67,20250618
80,2427,40,32,2377.88,20260118
81,999,37,79,25919.62,20250406
82,1332,2,28,5709.55,20250521
83,1146,18,72,16057.73,20241214
84,351,4,53,62478.64,20240714
85,2829,32,58,8772.47,20240903
86,1657,20,75,2302.75,20240814
87,1409,36,43,2418.98,20250627
88,1256,8,16,14205.67,20241004
89,2195,12,25,28666.1,20260130
90,2968,34,77,116018.6,20241010
91,1214,11,23,14727.15,20240717
92,519,12,7,6061.13,20250630
93,2613,32,14,26910.25,20240509
94,1961,12,7,69313.64,20250425
95,468,26,63,142338.27,20250504
96,220,16,73,48276.59,20251203
97,486,27,78,11388.57,20240911
98,2141,29,39,122796.31,20240819
99,2330,40,13,19805.61,20241108
100,2706,20,31,101316.95,20240927
101,11,39,61,46399.42,20240609
102,2896,22,59,1456.96,20241022
103,2561,13,55,56553.87,20240927
104,611,10,10,2768.36,20251025
105,2438,37,37,3322.92,20241110
106,1246,18,65,36165.98,20251206
107,2450,27,56,2519.6,20240323
108,375,28,74,72841.92,20240127
109,2754,37,6,19040.33,20260222
110,1812,12,75,40287.56,20251029
111,374,27,43,12878.3,20250518
112,1351,32,37,80745.89,20240613
113,151,21,33,125763.58,20250717
114,1656,1,70,14794.67,20260302
115,2124,32,57,73722.18,20240711
116,537,29,63,3849.82,20250716
117,2494,11,40,241.46,20251007
118,382,38,15,6025.58,20250221
119,631,19,66,143117.9,20251025
120,1935,40,71,50443.35,20250509
121,2082,9,9,7979.93,20250905
122,1393,33,35,92948.34,20250228
123,2405,32,20,34657.84,20241101
124,1362,35,49,90015.48,20241219
125,2857,5,50,141270.79,20240712
126,179,31,49,4294.46,20250224
127,2671,32,5,14837.8,20260322
128,1360,29,13,2561.23,20250827
129,2960,9,20,18253.61,20240116
130,1387,26,11,40211.8,20240928
131,1557,32,70,12932.78,20250630
132,2586,19,30,74477.68,20240828
133,2596,7,57,37547.86,20240410
134,189,4,38,57050.09,20240130
135,1001,37,24,7809.4,20240529
136,1567,16,64,18130.2,20250916
137,2613,17,33,3290.8,20250417
138,1179,11,10,107970.12,20250421
139,1226,28,33,142880.63,20250824
140,1576,7,31,129889.51,20240722
141,1212,19,3,9006.92,20250811
142,2810,4,78,55682.45,20250802
143,943,23,29,12659.74,20241020
144,2953,9,13,51566.84,20251125
145,137,9,12,37763.01,20250327
146,720,26,70,5574.07,20250301
147,674,27,62,2701.18,20241006
148,472,5,19,11451.83,20241212
149,2763,36,47,4314.69,20260111
150,1084,30,48,64301.15,20240115
151,1522,31,30,95992.81,20251015
152,1344,15,9,222.62,20250728
153,2660,9,6,138220.39,20241105
154,476,34,69,37219.39,20250519
155,2747,35,54,2004.36,20250114
156,1700,32,79,14974.25,20240607
157,135,14,57,18811.53,20241013
158,407,24,70,143572.17,20250106
159,778,30,12,1680.73,20241009
160,88,40,43,103421.58,20250903
161,2313,1,71,4945.22,20260316
162,1346,39,1,96229.8,20240826
163,533,12,15,103150.33,20240528
164,975,2,23,2845.25,20250101
165,1725,5,61,26811.87,20260129
166,2432,6,65,121142.22,20250609
167,2979,34,39,4732.54,20240214
168,250,26,55,103634.29,20240201
169,302,21,78,10060.24,20250330
170,2558,36,42,1780.8,20241008
171,1208,39,56,14924.79,20250627
172,2682,36,28,15965.37,20240427
173,1695,30,52,9305.32,20240821
174,1749,17,48,14727.44,20241116
175,275,15,11,13893.01,20250430
176,1527,36,8,37390.74,20260201
177,1351,27,46,19154.18,20250729
178,211,39,40,17427.8,20260108
179,872,19,62,2520.21,20250603
180,2279,18,74,4251.65,20241224
181,2547,36,4,4055.38,20250728
182,1096,22,35,140780.96,20251211
183,26,23,19,74115.31,20241225
184,582,2,12,105454.8,20240312
185,1859,24,40,4695.09,20250305
186,2443,26,7,93443.44,20250804
187,204,18,57,3569.49,20250924
188,1697,28,66,9970.4,20250328
189,1161,38,63,1791.35,20240423
190,904,39,8,13509.08,20240216
191,563,19,42,25326.35,20240804
192,1764,32,49,137.88,20260203
193,2289,23,10,3547.99,20250527
194,1787,34,10,132029.37,20240213
195,1657,27,38,69515.34,20250810
196,704,40,59,2084.66,20241128
197,997,26,68,531.84,20240418
198,1391,38,22,34682.5,20241113
199,2174,23,45,43286.25,20240426
200,1049,40,78,5107.24,20240529
201,309,1,64,15324.2,20251102
202,2374,37,80,118077.96,20260217
203,1295,3,9,103845.38,20251004
204,1126,23,65,2266.82,20241106
205,155,5,37,28280.59,20250407
206,2520,25,60,53349.99,20240402
207,169,37,25,11309.17,20260321
208,618,29,14,72995.69,20250528
209,2067,3,32,14753.4,20240327
210,2142,24,48,148828.18,20250620
211,1386,4,43,6423.83,20260304
212,2779,17,78,29726.81,20250725
213,2719,13,45,7000.56,20250819
214,2713,39,11,77577.24,20251216
215,1346,34,12,46919.16,20251020
216,1486,14,44,10415.53,20240119
217,635,17,13,3688.07,20240520
218,2157,18,44,11792.25,20260126
219,632,19,80,37036.38,20250120
220,1683,16,57,59088.72,20240214
221,1839,21,31,57040.63,20260205
222,1922,13,48,77419.75,20260314
223,1155,33,68,147977.17,20250417
224,2477,24,33,19342.23,20240723
225,2272,34,16,9976.51,20250115
226,1118,33,19,2174.25,20240613
227,1848,2,54,2288.41,20240815
228,966,6,48,6550.36,20250117
229,2928,10,18,238.12,20240411
230,2852,31,58,35138.65,20250428
231,78,31,20,20682.66,20240322
232,2162,19,31,75516.95,20250915
233,1720,40,59,14138.63,20240901
234,2445,33,74,13314.34,20250526
235,1759,35,46,3620.87,20241025
236,2722,34,47,2896.25,20240710
237,2079,33,71,76505.28,20250711
238,179,24,33,6466.35,20250426
239,1413,39,14,5999.31,20240310
240,547,40,70,14836.15,20241206
241,2805,31,24,12389.12,20240628
242,1875,2,26,409.19,20260305
243,1293,33,51,95142.0,20240212
244,2650,4,46,2419.66,20240207
245,1120,5,48,13121.18,20241205
246,1802,25,44,17844.99,20260131
247,1505,34,35,42215.24,20250524
248,1764,12,70,59531.1,20240321
249,1344,20,58,5496.96,20240322
250,2826,29,6,113296.18,20240619
251,1125,4,10,12489.6,20250321
252,2783,12,4,67230.45,20260331
253,1795,13,9,17049.05,20251125
254,1484,37,5,3914.73,20250110
255,1520,5,74,39946.96,20250405
256,1288,16,15,2694.35,20250211
257,2121,36,16,11299.45,20250526
258,1828,18,79,120745.38,20251221
259,820,19,10,10715.73,20250517
260,1824,21,45,42445.33,20251231
261,1229,12,47,46249.79,20241024
262,569,22,64,4139.38,20240724
263,1512,36,17,6052.55,20250809
264,1267,31,68,134952.04,20240308
265,303,25,41,15498.71,20250811
266,2120,36,76,38748.09,20251127
267,1773,4,16,62583.62,20240512
268,664,15,45,3483.8,20240617
269,1027,29,71,17951.06,20240321
270,2517,33,22,15895.27,20241106
271,702,39,44,18861.34,20240606
272,333,32,74,25355.26,20240130
273,2344,2,64,104646.9,20260224
274,1979,34,52,1519.39,20241105
275,246,35,54,39015.81,20251206
276,2485,36,41,2375.77,20241214
277,1518,7,41,19519.8,20240513
278,1842,38,13,2385.72,20240930
279,2521,11,42,5062.97,20250128
280,653,33,60,113746.7,20240713
281,95,1,51,13307.06,20250524
282,882,4,7,7401.23,20240903
283,2755,35,2,7928.52,20251031
284,2980,26,47,8903.09,20240927
285,2302,5,71,48669.21,20250806
286,1845,18,80,2029.44,20250531
287,1614,22,72,35445.43,20240409
288,2468,33,6,3799.33,20240722
289,1365,34,59,5630.76,20251231
290,573,40,41,12322.08,20250611
291,1226,33,66,34471.59,20250923
292,1228,2,48,2500.25,20250730
293,2391,2,77,10433.29,20250302
294,2370,4,75,1401.1,20251102
295,2954,25,19,935.51,20251006
296,451,16,57,254.7,20251218
297,2829,17,65,50834.86,20250226
298,2980,18,18,139667.72,20260123
299,2713,25,41,4543.16,20241128
300,1403,17,79,39474.76,20250629
301,1143,15,39,1042.09,20240909
302,2888,31,45,10868.61,20251207
303,2956,23,16,75027.53,20260325
304,1617,10,38,107960.89,20250123
305,324,29,33,35228.01,20260101
306,1111,18,18,1148.54,20250705
307,981,27,68,12505.7,20250823
308,411,31,13,3225.93,20240223
309,647,31,62,125.39,20250717
310,1316,30,8,61693.33,20241021
311,2192,3,23,53922.4,20240825
312,149,26,64,17703.78,20240629
313,154,33,73,75245.66,20241023
314,1166,35,68,33949.09,20241209
315,2066,13,15,13449.64,20240517
316,2656,36,24,3274.92,20250414
317,1209,13,23,88657.53,20260320
318,1752,6,52,131299.05,20250219
319,1956,16,1,4103.23,20240523
320,1094,20,75,69864.67,20250402
321,1473,4,16,21486.65,20251031
322,2811,20,16,59884.82,20250219
323,898,31,20,6145.61,20240814
324,1531,36,61,117205.53,20250912
325,1014,39,11,4029.78,20240811
326,1482,6,73,9211.59,20251221
327,2071,7,69,402.61,20250714
328,1810,8,27,3708.47,20250616
329,1825,30,17,10032.15,20250606
330,237,20,3,6815.94,20250731
331,893,3,55,53079.44,20240104
332,247,5,61,14157.51,20250708
333,555,27,48,35163.79,20240703
334,1539,14,70,7279.52,20250121
335,486,15,69,3302.32,20241222
336,913,2,39,88749.53,20260115
337,1738,15,32,107554.98,20250711
338,773,8,5,65000.77,20241009
339,986,19,13,12491.0,20240117
340,2753,4,32,24364.92,20250904
341,2211,21,8,48869.58,20240827
342,960,37,41,2569.09,20241023
343,1314,23,19,97729.3,20251119
344,1128,24,76,4810.33,20241103
345,2277,23,49,51949.49,20250313
346,1673,26,49,6715.32,20250302
347,988,20,19,61581.21,20250429
348,1691,36,68,138916.35,20250729
349,833,6,58,2003.25,20240918
350,781,30,49,553.07,20260111
351,771,38,72,98379.87,20240315
352,1242,1,28,82321.25,20241206
353,1962,39,27,77155.82,20240430
354,1318,25,60,138966.44,20250719
355,1072,32,60,3278.73,20241111
356,1924,21,27,16154.92,20260109
357,2305,10,3,1633.32,20240216
358,2373,19,20,91930.5,20250821
359,2334,32,71,29739.9,20250123
360,2964,32,59,4602.57,20250515
361,694,1,70,59957.92,20241226
362,2629,34,5,3576.67,20250709
363,199,27,18,75889.11,20251115
364,38,4,59,433.04,20240603
365,2732,31,63,396.21,20251015
366,1685,6,68,1092.57,20250718
367,71,28,23,64752.83,20241020
368,610,8,80,18401.95,20250620
369,1095,6,48,5422.15,20241228
370,2856,10,11,79669.71,20240906
371,1545,4,2,12126.56,20250123
372,2642,37,13,11201.46,20250320
373,866,37,61,18423.47,20240823
374,2804,35,73,6540.87,20240317
375,65,38,19,22343.19,20241118
376,666,37,50,140753.74,20241102
377,574,6,65,1725.48,20260212
378,951,22,78,1547.08,20250323
379,1337,19,35,144131.59,20250210
380,2266,28,24,83778.45,20241230
381,2534,21,32,13383.1,20240328
382,1557,10,50,11152.85,20240606
383,22,29,47,43923.33,20240403
384,768,36,72,13165.54,20240330
385,368,6,77,6712.62,20240127
386,51,26,50,121977.03,20250129
387,995,11,49,59363.29,20250726
388,1100,5,22,15413.0,20241104
389,1984,24,33,5881.26,20241102
390,2433,30,14,3632.41,20250522
391,1361,25,43,1592.82,20250209
392,2435,32,42,63515.71,20251028
393,1963,26,41,143146.26,20240724
394,2012,16,42,11288.24,20251010
395,1610,37,26,4924.2,20260315
396,2793,2,60,19946.67,20240703
397,2838,37,53,76999.14,20241025
398,992,38,20,2948.51,20241106
399,1840,31,75,15887.0,20240316
400,1714,24,69,89467.76,20251209
401,448,23,22,102963.45,20240328
402,2775,22,56,25758.57,20251022
403,910,34,72,705.68,20240921
404,1826,30,76,13909.46,20240814
405,1978,5,54,3110.43,20240126
406,581,22,59,13705.2,20260117
407,1951,7,58,87744.93,20241222
408,2912,8,44,8993.75,20240215
409,1000,36,21,13704.22,20240617
410,950,12,24,8837.89,20250418
411,2516,29,76,8213.86,20260125
412,880,12,9,8082.3,20251222
413,766,13,59,33227.77,20250703
414,2162,21,77,1385.53,20250516
415,468,30,80,9558.32,20250824
416,1219,38,11,66030.37,20251223
417,1251,17,48,1634.61,20240901
418,2443,18,50,10461.08,20250304
419,2202,12,72,4122.2,20251012
420,767,29,80,41723.15,20240523
421,1985,21,50,13117.31,20240110
422,1676,27,57,42907.85,20250521
423,127,15,38,3341.55,20250801
424,1183,24,59,33707.5,20250704
425,2029,8,74,116527.37,20260223
426,1503,3,57,1412.66,20250710
427,420,16,39,1170.86,20250311
428,357,8,31,54518.15,20241222
429,2823,40,55,125391.35,20250825
430,847,4,73,51211.34,20260314
431,2207,31,38,10879.48,20250903
432,2783,9,53,9018.3,20250610
433,520,9,32,14894.81,20251102
434,2770,10,74,14372.2,20240910
435,1852,35,12,75709.73,20250119
436,2846,24,59,87029.75,20241011
437,382,30,46,5582.05,20240103
438,893,14,64,64675.84,20250211
439,1384,9,73,39420.95,20241017
440,199,40,59,12036.25,20251129
441,1808,28,26,2739.32,20240610
442,652,18,12,4422.52,20241105
443,2722,11,7,1326.91,20250115
444,2865,28,12,101328.56,20260113
445,320,5,29,521.18,20250503
446,34,8,55,13759.66,20240110
447,1570,7,14,2440.73,20240822
448,562,9,19,6610.35,20241102
449,2500,29,45,44788.12,20240109
450,1687,29,28,101650.4,20240604
451,505,25,45,72244.47,20240523
452,1015,12,11,6632.82,20240523
453,2954,2,39,2811.64,20250906
454,773,19,7,87307.39,20250605
455,988,39,10,2524.95,20240425
456,1480,9,50,17830.13,20240113
457,2798,17,61,74712.26,20250713
458,57,18,6,6251.71,20240310
459,2076,19,65,14281.52,20250211
460,338,35,79,8759.72,20250215
461,324,14,20,5910.62,20241113
462,2599,5,40,1701.08,20250823
463,238,23,56,14734.19,20240901
464,226,12,16,2321.52,20250915
465,47,25,45,85240.17,20251219
466,1062,26,17,10585.85,20260108
467,121,28,35,88219.36,20240430
468,2362,32,59,1745.5,20251230
469,2322,29,21,6041.73,20250526
470,2762,15,66,120532.76,20250810
471,1002,31,47,6240.51,20240113
472,145,27,29,13883.17,20240702
473,1311,33,10,30543.32,20260107
474,2758,12,29,68465.06,20250529
475,283,19,40,19637.57,20250214
476,33,19,73,11279.88,20250412
477,1901,32,26,60468.2,20240905
478,617,38,53,3826.36,20240908
479,2605,1,43,4261.97,20241220
480,2979,14,68,91312.57,20250120
481,584,6,6,2157.1,20240302
482,1692,24,59,4496.71,20250616
483,547,26,10,48557.8,20250601
484,2714,16,38,11572.5,20250321
485,1610,21,41,130618.78,20260331
486,831,6,75,55354.26,20240317
487,1842,27,16,3530.51,20240617
488,851,30,34,1855.61,20260227
489,1247,39,6,543.06,20251203
490,608,10,32,128670.22,20241201
491,2774,11,23,8226.77,20240220
492,2278,16,13,14329.35,20250408
493,573,13,8,33247.96,20260323
494,1525,6,75,740.5,20250214
495,90,13,57,5547.0,20240317
496,502,16,60,550.7,20241205
497,1775,26,64,3351.85,20250810
498,708,12,36,6358.21,20250312
499,142,40,32,54075.36,20240601
500,1963,20,36,7984.48,20250717
501,2633,34,32,2921.3,20240723
502,2922,35,63,3994.75,20250126
503,1318,12,4,18297.2,20250529
504,1151,24,61,72056.85,20240131
505,954,7,32,7469.94,20250821
506,230,15,74,1405.98,20260321
507,722,27,41,5967.26,20240626
508,2882,37,73,18322.61,20240129
509,2017,12,63,11480.62,20240711
510,2465,30,68,11740.63,20240826
511,826,22,23,103.35,20250920
512,2403,10,15,8087.16,20240531
513,1531,26,76,17283.05,20240315
514,559,28,63,7062.94,20241126
515,2841,40,46,21730.12,20250729
516,1550,19,17,3361.11,20240628
517,2347,37,5,59662.32,20251219
518,905,7,64,50179.15,20250918
519,975,21,22,6957.78,20240320
520,2618,22,58,66624.64,20251117
521,2840,1,33,32560.28,20240912
522,1581,27,22,14548.06,20240219
523,1439,7,62,10115.1,20250122
524,924,4,10,104626.04,20251204
525,1070,5,44,36094.12,20241122
526,2999,6,12,71594.85,20240613
527,1978,28,22,9316.43,20250920
528,220,8,27,135667.93,20240609
529,2958,35,34,35695.99,20250721
530,204,36,63,5163.61,20240408
531,1752,11,77,1562.84,20240104
532,848,12,38,1078.41,20240127
533,1264,31,63,40517.8,20240428
534,1588,14,49,31847.79,20250711
535,1079,17,29,1014.26,20240215
536,2853,6,45,68145.34,20240603
537,2416,17,8,2128.53,20260213
538,2194,31,74,12457.67,20250304
539,1618,3,65,2433.69,20240321
540,2341,40,19,137059.16,20260330
541,709,11,28,4751.35,20250404
542,321,28,26,14463.95,20250309
543,1310,5,12,16765.11,20240921
544,1336,34,59,8789.1,20250719
545,2407,27,15,94599.53,20250930
546,2409,7,14,3418.03,20250803
547,1172,23,53,121340.81,20260315
548,2344,3,23,69795.65,20250512
549,2494,26,5,48953.9,20250925
550,2829,30,61,135644.65,20241205
551,1384,20,40,107746.73,20240121
552,2806,32,30,101298.74,20251213
553,1815,21,35,1572.35,20260131
554,770,27,63,12297.09,20240401
555,2111,5,40,17410.18,20240227
556,2148,2,23,6647.39,20260310
557,237,37,59,70638.54,20240724
558,816,38,60,13852.43,20251222
559,2791,39,48,6557.19,20240506
560,1944,23,45,9316.61,20240630
561,2822,1,4,67824.03,20240921
562,878,15,27,1695.11,20250808
563,83,1,61,78538.89,20250609
564,35,4,78,3272.12,20250907
565,2633,5,49,58455.54,20251227
566,1912,34,80,9450.46,20240811
567,2096,24,72,95983.33,20240108
568,2804,8,9,99176.51,20241101
569,1332,17,39,14837.05,20251017
570,985,39,52,16244.7,20260222
571,105,19,34,82009.93,20260108
572,145,37,25,8389.68,20260124
573,2812,31,46,11171.7,20240815
574,2694,12,38,5202.73,20240623
575,1060,36,24,9680.23,20260128
576,1456,16,40,10162.09,20240815
577,1523,17,38,15867.76,20241205
578,220,38,75,130657.81,20250426
579,2050,19,49,29258.05,20240718
580,618,20,26,6317.94,20240225
581,1875,21,24,6728.69,20250806
582,725,4,1,41568.56,20251008
583,691,11,63,55558.62,20260218
584,2595,28,62,14705.45,20250320
585,817,1,42,1065.37,20250630
586,17,16,29,4216.25,20251123
587,1572,20,22,6585.8,20240415
588,1192,34,77,66788.29,20241101
589,549,32,46,7087.79,20251204
590,79,30,17,17366.26,20250217
591,2067,31,47,115429.96,20250826
592,1048,40,7,45647.9,20251017
593,443,2,7,149308.43,20251108
594,507,31,20,2142.2,20250124
595,39,7,67,110374.96,20251007
596,562,7,66,75112.94,20251218
597,436,39,26,35305.49,20240426
598,1467,19,21,128094.85,20240725
599,2819,22,31,66228.51,20240731
600,453,32,20,2517.18,20240401
601,2964,17,30,63464.47,20240317
602,1082,7,23,148526.57,20241030
603,2773,8,13,102417.59,20250103
604,2718,22,46,2151.01,20240521
605,381,22,24,144161.59,20241001
606,1114,31,54,2063.81,20250412
607,2976,7,21,13479.24,20251213
608,1978,29,24,8612.54,20250827
609,2505,9,17,69367.6,20250102
610,1685,5,34,4609.95,20240425
611,2150,37,73,2470.87,20251125
612,1386,40,13,4891.69,20251116
613,1974,25,20,13403.41,20240911
614,224,14,21,71904.64,20250919
615,678,15,63,12883.84,20250522
616,207,36,49,29666.13,20241011
617,1881,37,58,126223.43,20240321
618,1295,18,64,69244.19,20250402
619,147,1,12,2437.01,20250226
620,1248,36,27,145212.26,20251014
621,223,30,43,143546.17,20250107
622,1938,24,58,62556.23,20250906
623,909,23,46,577.44,20251105
624,2876,24,22,8667.67,20250117
625,2956,17,79,2966.29,20260104
626,884,13,44,19065.76,20250206
627,2594,38,16,15264.41,20240217
628,2066,28,64,79460.42,20250826
629,2267,38,62,64113.36,20240219
630,2834,9,14,11935.14,20240630
631,1319,25,54,10205.31,20250912
632,1017,32,44,139068.33,20260219
633,566,33,39,7339.84,20240516
634,2268,13,27,69553.07,20251229
635,1415,9,23,112869.99,20251204
636,1321,23,72,8594.88,20251014
637,2909,35,37,2955.75,20251114
638,437,38,19,16261.94,20250619
639,1094,11,37,10383.56,20240723
640,2829,14,70,39035.69,20240304
641,420,36,29,43683.21,20250408
642,2852,2,7,34166.5,20250607
643,2807,36,7,6425.77,20260318
644,2542,29,29,89496.73,20240726
645,2472,5,25,3800.03,20250713
646,306,6,23,7283.41,20251130
647,1756,7,34,2670.95,20240211
648,24,10,6,888.55,20240918
649,209,40,39,18608.25,20250903
650,1467,10,41,12058.71,20250717
651,2133,11,65,4789.26,20240707
652,1653,12,29,36194.84,20250703
653,1478,13,80,106233.48,20241205
654,2660,14,45,9759.72,20250728
655,2514,16,6,51245.22,20251019
656,465,35,37,46383.34,20260326
657,1536,33,58,13758.7,20260227
658,789,6,13,1613.92,20251029
659,2204,5,27,77872.16,20260302
660,426,20,56,132443.61,20250310
661,98,22,5,61016.81,20240606
662,1032,37,30,10493.6,20240701
663,2582,21,3,72992.26,20250406
664,25,40,9,10426.18,20250701
665,1466,7,38,1387.58,20240315
666,1793,2,61,50492.44,20241015
667,1602,35,38,45010.08,20240519
668,2988,1,71,6312.1,20260325
669,21,26,69,15603.04,20240212
670,861,23,28,76023.45,20241108
671,584,31,29,18159.75,20250608
672,470,32,73,128517.29,20240717
673,1890,5,38,12919.43,20250716
674,2973,22,46,23801.57,20240721
675,410,35,9,3389.35,20240828
676,1345,20,75,28833.95,20250406
677,1296,11,1,11528.26,20250108
678,2918,28,36,30294.84,20240814
679,1359,30,58,758.1,20260120
680,2260,40,78,15607.96,20250513
681,2207,1,10,68134.47,20240523
682,2588,2,75,71907.89,20250603
683,872,36,34,8400.12,20250827
684,1934,10,47,4480.53,20250706
685,2416,19,18,49029.86,20260301
686,1626,1,31,85146.01,20240402
687,2106,7,21,108941.02,20260214
688,2701,10,62,47476.79,20250802
689,1998,9,34,1288.19,20260218
690,847,24,50,1246.69,20251115
691,164,21,14,4597.72,20240217
692,1079,37,23,12854.56,20241007
693,2408,5,67,10151.45,20250109
694,2116,23,63,68922.74,20240816
695,2056,29,22,4447.14,20240107
696,1151,16,24,477.73,20251020
697,485,27,43,32166.72,20260104
698,1963,18,21,2459.43,20250505
699,524,11,18,937.7,20240214
700,602,20,34,1548.67,20250809
701,2455,2,37,43748.05,20250219
702,1931,11,29,21244.51,20250913
703,2387,12,80,12216.35,20260324
704,2809,30,77,4703.29,20260111
705,1579,25,3,1842.44,20250122
706,2804,10,78,44203.35,20250531
707,2457,27,69,3959.73,20250921
708,1976,39,70,11533.36,20240405
709,2780,34,54,107739.31,20260304
710,2171,31,49,4386.64,20251215
711,2854,28,18,11986.44,20260129
712,344,32,70,82028.36,20240826
713,2905,1,74,5527.2,20240106
714,1537,21,53,2797.66,20240108
715,2669,17,69,622.26,20250312
716,1129,26,27,11511.07,20250918
717,1977,37,72,11266.05,20250724
718,2367,26,18,41282.01,20241110
719,2865,7,28,3764.29,20250402
720,2256,4,21,6607.85,20241212
721,374,31,77,14503.98,20240106
722,909,39,5,2218.74,20240926
723,2515,19,77,14029.59,20250214
724,2623,1,26,14240.02,20240628
725,2456,15,79,6077.13,20240204
726,980,11,12,55551.83,20250103
727,2743,38,26,93781.07,20241227
728,282,36,37,799.65,20251221
729,1424,18,29,73625.67,20241222
730,1655,17,23,145197.43,20250410
731,297,22,15,10371.64,20250726
732,2355,12,57,14393.93,20250704
733,997,30,59,8884.36,20260227
734,477,14,49,17309.45,20250508
735,1294,23,67,3416.87,20240823
736,1017,16,52,147.64,20240926
737,1952,14,74,2064.4,20240701
738,2799,13,64,22751.35,20260203
739,1088,19,26,22614.6,20240904
740,639,8,11,4198.04,20241230
741,2218,31,48,9593.58,20260221
742,1126,33,36,61004.2,20250811
743,526,23,55,48872.06,20250813
744,2059,12,59,4704.31,20240203
745,1293,1,27,3521.4,20250416
746,1482,17,24,9134.12,20241129
747,1931,22,47,24713.68,20241002
748,1717,24,47,42407.75,20240803
749,2341,29,74,56351.84,20240703
750,1106,36,56,4089.53,20260108
751,613,1,23,3744.88,20260330
752,2118,21,63,10242.16,20251007
753,196,11,8,23823.05,20250804
754,2580,34,43,125796.35,20250502
755,2284,17,45,66925.06,20250727
756,2784,13,74,6764.65,20241225
757,715,19,46,104482.51,20250705
758,1831,25,79,81109.95,20250514
759,687,22,54,7492.53,20240528
760,325,40,30,94312.88,20240314
761,2910,1,51,38708.51,20241025
762,1488,34,58,106635.32,20260310
763,513,17,11,3762.7,20240124
764,392,4,61,41698.36,20240415
765,1627,6,14,9036.91,20260228
766,2683,25,40,100353.28,20240327
767,1816,9,68,1312.24,20241017
768,1462,21,61,7142.85,20251110
769,1116,9,70,146747.6,20250707
770,2585,37,56,49312.32,20250412
771,1269,31,70,12975.84,20250630
772,1262,17,20,4043.07,20250328
773,559,31,69,5791.69,20250619
774,1955,14,56,82844.63,20250518
775,30,13,53,9358.05,20260326
776,669,25,49,37782.98,20240912
777,2562,17,79,1388.6,20250308
778,2179,27,25,34876.55,20260130
779,453,40,58,18680.54,20241023
780,770,10,7,84356.24,20250518
781,1156,21,57,208.44,20240414
782,61,22,54,28704.45,20240603
783,1522,3,43,63929.4,20250525
784,230,24,51,68265.97,20240529
785,788,17,49,45739.4,20240704
786,2928,26,57,15513.43,20260225
787,816,7,67,3714.33,20240204
788,1279,11,6,81467.32,20251128
789,1972,13,47,44069.47,20240916
790,463,30,56,13091.21,20240811
791,1131,26,32,2793.06,20260324
792,2830,39,20,116291.36,20250818
793,646,40,44,3876.91,20240911
794,631,7,17,1836.85,20251022
795,2641,29,25,4257.44,20250725
796,2968,36,6,10649.5,20250101
797,1208,32,25,10892.76,20250726
798,1326,18,77,44261.47,20241222
799,635,17,70,17025.76,20250627
800,2614,12,3,2324.99,20260305
801,2541,1,9,131387.81,20260305
802,2147,36,20,4113.34,20240713
803,2626,7,67,56806.78,20250223
804,732,13,14,8283.29,20240512
805,2339,25,63,3682.63,20240202
806,1049,6,29,12667.42,20250827
807,855,6,60,113319.88,20240114
808,1704,4,79,6052.96,20260131
809,289,5,28,63953.48,20260121
810,947,13,25,2393.83,20260112
811,2562,36,72,13309.09,20250806
812,2616,30,55,15049.11,20260223
813,2253,22,21,3752.78,20240703
814,1444,36,42,4992.32,20250329
815,1764,21,78,2120.48,20251010
816,1537,17,47,2859.41,20240807
817,1,19,77,78174.97,20250210
818,27,15,28,8246.53,20241105
819,1131,33,72,3582.46,20251207
820,387,20,46,140369.92,20240607
821,2385,21,33,3198.96,20250110
822,2331,5,42,11892.88,20250213
823,2879,7,77,947.22,20251207
824,1563,24,8,7802.87,20250813
825,1707,8,30,5871.02,20250320
826,2590,20,68,140724.91,20251011
827,613,15,20,38998.67,20250801
828,1826,37,65,10430.89,20250206
829,1616,29,44,21656.42,20241023
830,202,17,11,40689.1,20260202
831,2859,31,18,85237.01,20260303
832,1620,13,72,2840.55,20250514
833,1009,33,35,149620.24,20250620
834,367,34,53,6806.53,20250812
835,1314,2,40,7622.72,20240714
836,1812,29,6,79073.89,20250923
837,639,6,15,1078.46,20250117
838,605,19,2,4402.68,20250927
839,1250,2,43,10713.13,20240423
840,835,17,71,116201.69,20240804
841,2848,2,49,3152.91,20240524
842,179,2,8,18167.79,20250623
843,2532,3,60,3809.74,20251214
844,1112,24,14,8925.14,20251107
845,1584,5,49,5094.94,20251026
846,1293,39,69,14672.57,20240411
847,1876,2,6,18981.3,20250527
848,1367,11,3,4619.12,20241108
849,2561,33,36,13844.07,20241229
850,121,18,29,9761.09,20250131
851,2691,11,49,7164.83,20250206
852,2563,27,31,19231.81,20250919
853,2480,35,17,39857.39,20241115
854,2218,13,18,104821.44,20250817
855,554,10,73,56639.91,20250620
856,2184,8,24,28812.22,20250724
857,2979,17,41,100903.18,20240529
858,1815,18,20,19243.33,20241106
859,108,40,79,13007.86,20240708
860,946,15,4,73066.94,20250919
861,1953,21,78,2049.77,20260309
862,754,32,61,3588.89,20250117
863,133,1,35,902.55,20240819
864,831,5,23,4839.81,20251118
865,2818,30,32,132726.77,20250516
866,2491,25,41,8394.9,20240212
867,2343,34,5,99495.63,20260130
868,174,16,67,2631.67,20250412
869,161,34,7,2038.49,20260122
870,1248,19,60,26838.45,20250211
871,224,10,60,36684.66,20250919
872,464,32,75,31757.3,20250527
873,1325,12,59,763.0,20250227
874,1863,34,42,17984.04,20240725
875,374,35,58,58878.1,20240506
876,1574,33,79,518.0,20251225
877,180,22,73,33400.9,20250124
878,733,4,54,3661.42,20240528
879,1828,39,24,28213.87,20260226
880,15,17,2,4502.86,20240726
881,2227,39,64,84691.59,20250525
882,1949,29,11,1162.68,20251106
883,2242,3,72,98013.27,20240907
884,226,3,19,26359.44,20240531
885,1223,6,7,80372.59,20250909
886,661,40,77,8630.66,20240701
887,1866,24,5,122349.99,20240630
888,1510,5,55,62638.4,20241126
889,552,9,36,9869.44,20250427
890,860,40,8,8378.74,20250621
891,2167,31,78,11641.66,20251006
892,1064,40,46,6978.75,20241120
893,2129,32,64,3110.02,20250523
894,2903,14,25,71274.78,20240826
895,2562,14,79,15066.65,20250421
896,1433,14,2,8573.8,20241207
897,278,33,71,56751.28,20240917
898,2810,26,73,92276.88,20240426
899,795,22,62,144814.67,20240628
900,557,30,69,4006.55,20251023
901,230,20,73,7474.58,20250227
902,854,22,46,67066.09,20240120
903,128,25,69,77721.0,20241014
904,768,20,41,47823.62,20250202
905,2036,24,58,33308.19,20240329
906,717,26,5,21210.49,20241105
907,2073,27,62,73501.54,20250330
908,1981,34,40,3157.09,20241214
909,2115,9,27,18052.11,20240410
910,2140,30,40,55664.84,20251231
911,357,3,14,82759.23,20250831
912,1280,32,40,15440.51,20260202
913,1174,33,41,61714.45,20240716
914,612,34,15,107246.13,20241006
915,2106,35,70,115037.47,20250727
916,580,19,74,11212.63,20241004
917,2512,35,57,939.25,20241114
918,2767,38,50,2821.04,20250427
919,734,38,58,2205.67,20250205
920,812,35,11,66231.16,20241206
921,2862,30,40,93812.61,20240405
922,589,40,34,81170.96,20240817
923,2725,21,59,2021.18,20251217
924,463,30,22,1423.7,20250501
925,2354,5,14,11751.18,20250910
926,439,5,39,126281.88,20260326
927,1694,7,32,2358.78,20250827
928,1573,8,27,16926.52,20250508
929,2324,35,31,8907.4,20250321
930,2916,32,15,54695.92,20240320
931,2274,11,57,12123.47,20241129
932,286,39,49,28102.68,20250219
933,252,13,18,59821.12,20251107
934,1,10,58,18113.49,20251013
935,2368,14,41,1528.37,20250922
936,1248,28,45,47770.73,20251126
937,2091,9,38,48704.52,20250918
938,218,18,72,6169.12,20250716
939,128,19,76,2639.12,20241015
940,1568,28,70,101277.86,20251229
941,570,21,50,106123.38,20250501
942,1182,9,18,4215.82,20240606
943,590,32,56,9537.77,20240117
944,1704,39,55,514.85,20251019
945,1738,29,50,43373.66,20250605
946,2477,26,64,4901.95,20250310
947,1683,37,47,3589.44,20241002
948,1980,8,75,117409.78,20250804
949,582,34,36,4812.51,20240322
950,2499,30,61,87203.44,20250619
951,2375,4,44,56305.55,20250706
952,1860,31,74,3914.78,20250425
953,1207,33,5,6894.23,20260328
954,2309,34,61,117425.29,20260114
955,2689,40,4,3797.05,20240222
956,2071,36,36,7786.64,20240509
957,1128,1,15,37230.04,20241014
958,620,24,23,42699.8,20250828
959,1987,39,68,121728.6,20240829
960,595,10,64,41798.91,20240327
961,2707,11,27,15522.17,20240831
962,223,8,7,115466.94,20241219
963,1235,35,30,39801.12,20250502
964,1944,4,68,10569.14,20250203
965,1839,21,68,731.33,20260327
966,2611,28,79,12586.35,20250628
967,403,7,75,40861.12,20240930
968,991,38,25,79944.12,20251122
969,737,1,2,7079.43,20251207
970,2152,10,58,5897.11,20240410
971,1032,11,4,4778.62,20241017
972,2690,14,77,31952.37,20250831
973,354,9,49,3569.57,20240502
974,455,17,38,124416.01,20240708
975,2617,18,55,105862.12,20240318
976,304,16,8,31623.05,20260310
977,1058,17,23,6440.27,20240302
978,2500,32,14,29021.8,20240724
979,895,7,57,11042.33,20250317
980,289,17,58,33427.33,20240315
981,2675,3,50,13551.17,20240601
982,1603,33,63,19041.29,20241203
983,288,1,50,2236.68,20260115
984,1471,20,52,693.9,20250702
985,372,22,11,9851.82,20251024
986,2654,26,71,118858.9,20241023
987,783,27,50,116134.04,20251107
988,1993,28,57,12797.03,20250102
989,104,38,31,15495.72,20240716
990,2215,32,69,6442.75,20260322
991,152,22,6,145654.64,20240117
992,2734,35,20,35364.32,20251031
993,152,32,3,5043.22,20240314
994,188,34,17,4545.18,20250925
995,1259,7,59,21497.63,20240221
996,262,7,15,42189.62,20250828
997,904,37,26,9329.68,20250922
998,2779,8,74,7078.19,20260125
999,874,38,23,772.91,20260323
1000,579,11,48,1885.11,20241007
1001,2384,1,13,17375.46,20240906
1002,65,6,1,68897.04,20240610
1003,2895,19,54,22350.13,20240401
1004,587,34,58,3492.56,20240730
1005,2501,39,24,5165.45,20240627
1006,2569,20,45,9568.7,20240331
1007,787,7,68,589.12,20240829
1008,2211,30,27,12568.96,20260218
1009,612,31,64,7315.21,20240425
1010,222,19,27,16981.97,20240214
1011,1857,11,7,5401.94,20250923
1012,120,8,10,961.85,20260315
1013,2375,13,42,3634.88,20250829
1014,933,14,53,3916.98,20241129
1015,302,32,7,33164.93,20240813
1016,1864,16,48,3326.35,20250916
1017,2589,18,26,2342.93,20240717
1018,2330,18,18,2780.96,20251209
1019,1714,19,44,4273.09,20250414
1020,643,40,22,4443.4,20250910
1021,355,34,63,146117.66,20240823
1022,1144,22,55,96905.51,20250418
1023,2374,23,76,1314.37,20250320
1024,1712,3,61,18318.22,20240106
1025,1616,7,58,1470.69,20250627
1026,51,27,28,4367.16,20250725
1027,2653,2,62,1856.19,20240901
1028,2337,2,59,17135.21,20250415
1029,1661,29,48,120338.55,20251221
1030,2570,30,43,111507.27,20240102
1031,1106,40,70,1137.93,20250312
1032,2805,32,43,123282.24,20260317
1033,1491,8,50,8206.31,20251121
1034,1498,36,9,2380.23,20240211
1035,567,16,70,58200.29,20240728
1036,2377,14,29,3280.29,20260125
1037,2063,18,7,42972.69,20240930
1038,1992,8,61,32961.03,20250408
1039,1198,24,9,3423.71,20250629
1040,358,40,23,71892.74,20250413
1041,448,1,15,14415.59,20240319
1042,2133,2,38,10178.41,20240728
1043,541,27,57,19406.7,20250708
1044,91,15,67,5081.24,20240305
1045,2686,21,63,6763.68,20241217
1046,2247,20,73,13484.18,20250626
1047,704,15,62,4501.58,20241109
1048,194,8,37,4856.55,20260227
1049,659,19,24,144307.8,20250925
1050,2730,11,31,67949.88,20251210
1051,2354,11,34,301.64,20241120
1052,2897,12,41,1004.03,20250729
1053,2212,35,39,3384.91,20250404
1054,2046,30,41,4610.13,20250218
1055,2238,22,38,583.74,20260126
1056,2350,37,57,4490.29,20260211
1057,1962,9,71,10648.06,20260119
1058,2530,29,46,1609.6,20250215
1059,2627,19,68,29477.49,20250914
1060,1139,20,11,3928.29,20260224
1061,2751,33,51,4262.31,20251124
1062,2479,4,47,41784.9,20250909
1063,1515,1,37,39232.97,20250313
1064,2298,24,57,7351.42,20250401
1065,671,28,54,16171.87,20241022
1066,353,26,39,4194.01,20250904
1067,1374,27,76,4943.07,20250621
1068,2617,27,23,2238.28,20250223
1069,561,29,49,39659.0,20250804
1070,1237,20,64,8754.14,20240213
1071,110,10,34,60489.2,20240817
1072,1936,32,37,76701.99,20251013
1073,2642,33,16,3997.76,20251205
1074,2454,38,62,59672.98,20240309
1075,2573,8,48,76688.91,20240921
1076,1064,36,8,11261.4,20240118
1077,555,4,35,6733.78,20251210
1078,200,38,68,2155.62,20241230
1079,2573,39,13,43539.99,20260223
1080,1322,20,35,117841.71,20250710
1081,1441,1,18,569.58,20250816
1082,1987,11,14,5987.65,20260308
1083,772,36,79,40092.14,20240814
1084,2258,8,54,16998.36,20251230
1085,538,31,45,139084.05,20240429
1086,1811,39,67,56828.8,20240522
1087,118,8,29,3410.9,20241107
1088,2819,8,17,4298.39,20240525
1089,1741,8,10,36928.37,20240321
1090,1767,10,14,11845.69,20260214
1091,2430,11,16,95373.57,20250609
1092,2735,12,13,25626.59,20241104
1093,2407,12,45,4608.48,20240729
1094,1137,23,46,2270.91,20260203
1095,2985,33,73,69135.36,20260310
1096,58,13,37,12432.93,20250815
1097,18,7,28,72624.52,20250704
1098,1502,12,57,12918.16,20250501
1099,1555,33,30,4026.55,20241229
1100,507,34,18,2700.49,20241117
1101,1181,3,11,11671.83,20251222
1102,1162,20,57,59751.82,20250129
1103,1753,23,9,2814.19,20241024
1104,735,24,63,4701.5,20250111
1105,2698,8,19,8229.21,20250619
1106,417,11,9,72081.16,20250827
1107,821,26,16,4878.52,20241212
1108,2045,28,75,4206.73,20260112
1109,2638,23,61,5822.97,20260319
1110,2095,30,59,143518.05,20250511
1111,2037,31,18,2882.71,20250516
1112,280,2,23,2394.45,20240224
1113,626,40,13,9464.17,20241130
1114,2017,13,38,54581.05,20250616
1115,2222,35,70,7863.51,20240924
1116,1763,8,50,14336.13,20240202
1117,1813,3,23,60892.7,20250120
1118,1242,11,63,54455.83,20260309
1119,1594,8,73,3122.52,20260102
1120,2210,31,72,10241.1,20251202
1121,1079,25,79,43001.38,20250204
1122,1313,2,76,15446.18,20241018
1123,1429,38,4,16255.57,20250110
1124,1414,27,45,6328.03,20250314
1125,962,38,11,10257.36,20240910
1126,1383,6,69,70170.5,20240427
1127,1731,27,35,5447.94,20251104
1128,92,25,74,10743.42,20250825
1129,2001,9,27,5513.9,20240410
1130,2734,40,39,7954.24,20260222
1131,2036,5,69,4850.2,20240725
1132,1218,26,29,57356.22,20240218
1133,2940,7,76,116575.44,20240404
1134,2176,14,45,4827.11,20250803
1135,2068,28,70,53865.26,20241105
1136,1030,30,71,24809.16,20250215
1137,2881,12,74,71067.24,20251004
1138,1915,18,69,3981.34,20260130
1139,2319,4,67,130860.7,20250320
1140,985,20,39,32320.6,20240531
1141,2597,21,53,8500.08,20240306
1142,658,22,77,99021.57,20251023
1143,615,23,32,2088.74,20240426
1144,1787,3,26,39811.98,20250727
1145,1059,18,71,25453.4,20240130
1146,2960,2,8,53322.04,20240213
1147,261,27,47,28542.86,20241101
1148,576,28,74,34767.13,20260111
1149,2721,34,33,14061.1,20250618
1150,2457,30,41,13383.91,20240831
1151,1598,16,55,12652.68,20260124
1152,877,29,53,38756.13,20240628
1153,2009,8,41,132176.99,20240227
1154,1010,10,47,2176.53,20251130
1155,87,39,5,3606.79,20241111
1156,2751,36,71,10669.55,20260318
1157,1487,8,69,5329.76,20251218
1158,33,26,33,4302.47,20250201
1159,965,39,21,11768.77,20260213
1160,2640,3,36,102075.85,20260224
1161,1930,22,55,66739.83,20250518
1162,1069,23,54,16575.82,20251216
1163,1339,2,7,114800.11,20250714
1164,2626,4,52,52261.73,20260321
1165,2359,5,21,52122.22,20241117
1166,2660,39,53,2630.19,20260225
1167,547,7,76,54727.3,20260122
1168,346,12,51,96143.91,20240722
1169,920,9,3,14226.6,20250807
1170,937,30,26,53533.0,20251003
1171,204,28,77,111163.95,20240621
1172,697,8,2,39402.66,20250111
1173,2760,15,27,8985.6,20250409
1174,1091,14,64,75953.92,20260311
1175,2458,15,37,2822.79,20240730
1176,598,16,34,36374.82,20250222
1177,1515,30,11,3126.63,20240911
1178,2839,14,50,56796.91,20241127
1179,300,19,8,14854.03,20240919
1180,1929,39,77,5660.08,20240828
1181,2539,26,48,1637.96,20250531
1182,169,17,22,4843.48,20250726
1183,1918,23,41,7899.76,20241213
1184,479,9,64,8942.13,20240923
1185,1159,17,79,89990.98,20250316
1186,676,32,20,87206.45,20250322
1187,2608,4,25,68977.52,20251104
1188,147,11,60,1564.06,20240706
1189,168,36,63,2762.47,20250521
1190,607,30,12,84088.51,20260107
1191,690,18,73,132862.5,20240703
1192,2155,12,54,4641.73,20240105
1193,2773,33,43,23461.81,20250525
1194,500,38,14,4979.94,20251127
1195,1886,31,59,19299.28,20240324
1196,1350,40,58,71710.31,20240106
1197,2332,37,7,113742.79,20260121
1198,290,39,49,5524.39,20240226
1199,984,26,12,34914.39,20240701
1200,1592,19,20,12932.84,20240615
1201,1771,20,78,1562.88,20260331
1202,1506,32,58,1859.32,20240408
1203,2459,28,48,7670.16,20250730
1204,1745,4,66,44226.26,20251007
1205,919,10,64,14625.81,20251123
1206,344,6,56,12776.41,20250621
1207,1231,7,17,73040.58,20250504
1208,1752,8,7,68115.35,20250619
1209,2103,9,55,10739.94,20240216
1210,2951,17,46,2342.45,20251107
1211,2063,11,60,96123.83,20260226
1212,186,12,39,63963.28,20250206
1213,2746,17,44,70877.8,20250410
1214,2475,14,14,20830.13,20240321
1215,1618,15,22,10920.33,20240106
1216,2695,39,63,2354.8,20250218
1217,1478,26,39,51387.45,20250923
1218,782,18,3,14381.71,20240115
1219,1971,16,56,69425.9,20240802
1220,1899,20,55,1035.48,20241104
1221,2878,32,61,2630.42,20240605
1222,994,22,73,13037.15,20250822
1223,421,28,54,26619.88,20240109
1224,2995,19,5,11319.1,20250902
1225,2421,32,30,6595.53,20250609
1226,2361,5,35,8396.32,20250308
1227,2027,23,58,17838.24,20240429
1228,2975,28,45,905.74,20241021
1229,2408,22,78,50173.4,20240812
1230,2962,27,47,37050.61,20241027
1231,2548,31,12,4018.8,20240614
1232,641,7,54,732.57,20240723
1233,2281,33,3,5251.13,20240802
1234,2773,34,65,17677.67,20241231
1235,1764,35,30,97011.05,20241211
1236,1057,23,6,2853.71,20250513
1237,2827,39,14,25061.84,20240603
1238,1873,8,14,13972.85,20250324
1239,2304,39,14,99255.26,20240414
1240,1482,40,38,52244.46,20240729
1241,407,1,47,119055.41,20250525
1242,827,27,1,12468.25,20240505
1243,1399,3,22,4190.59,20250430
1244,1700,16,20,24951.17,20260102
1245,566,27,53,8723.58,20240821
1246,2795,2,57,143739.27,20250612
1247,2120,6,44,15517.96,20260104
1248,674,26,5,48796.45,20260301
1249,2588,34,38,18098.97,20240229
1250,2871,20,41,8339.05,20251128
1251,2162,10,52,654.09,20241013
1252,2558,29,45,103704.32,20250711
1253,346,13,43,120802.04,20241104
1254,517,35,37,11151.38,20260127
1255,1279,11,3,32066.54,20250719
1256,2427,16,39,13464.47,20250706
1257,2999,17,48,19745.62,20240423
1258,508,18,16,101508.64,20241228
1259,22,16,75,58734.94,20260124
1260,2726,39,30,112904.13,20251004
1261,2929,9,49,6334.43,20251113
1262,1343,13,47,14881.49,20240417
1263,1744,6,12,32738.42,20251229
1264,1951,24,10,6948.41,20240513
1265,2410,26,34,3416.43,20250216
1266,1803,32,54,10227.13,20250309
1267,1986,9,66,15825.96,20240510
1268,1866,11,72,2802.13,20240805
1269,2465,8,16,4616.32,20240501
1270,2142,30,48,2901.65,20240211
1271,1205,10,19,79326.51,20241106
1272,1162,32,63,8724.26,20241108
1273,277,27,62,15557.02,20241223
1274,1384,31,78,60261.24,20250408
1275,2607,29,58,3833.56,20250531
1276,366,40,53,17393.74,20241129
1277,1389,29,36,4259.51,20250208
1278,102,20,72,69946.52,20251225
1279,789,35,74,3255.18,20240328
1280,776,33,3,14402.1,20250618
1281,737,18,27,3325.45,20250628
1282,1820,2,69,4165.48,20250816
1283,185,2,44,61656.05,20250826
1284,2163,17,12,4019.91,20240125
1285,689,5,24,4900.95,20250708
1286,1257,11,8,119879.61,20240606
1287,112,20,50,144946.03,20240704
1288,1328,8,16,6740.81,20250226
1289,2446,32,66,3835.83,20260209
1290,1104,10,60,6390.68,20240427
1291,119,15,3,35530.73,20250510
1292,2766,12,72,66934.96,20250823
1293,1827,13,65,1592.6,20250220
1294,1530,11,32,121774.61,20240525
1295,1851,15,60,4767.8,20250722
1296,3,16,62,57602.43,20240620
1297,1558,14,75,72146.26,20251127
1298,2188,20,12,4938.36,20240614
1299,2970,18,56,110795.81,20240523
1300,1304,22,34,99357.89,20260401
1301,1318,30,77,55491.71,20251109
1302,548,1,78,1222.24,20251209
1303,2756,23,72,120.97,20240110
1304,333,5,69,11674.51,20250705
1305,1824,23,49,13496.01,20251118
1306,2856,8,60,66535.55,20240630
1307,39,27,3,4687.61,20250331
1308,1466,28,79,81985.97,20251227
1309,960,24,5,65631.09,20240814
1310,2896,1,26,59647.71,20251221
1311,2332,11,71,34423.05,20241011
1312,2754,37,23,54487.88,20250802
1313,267,33,73,49112.34,20260202
1314,1124,34,3,4416.92,20260116
1315,2295,1,55,3110.84,20251128
1316,1772,27,36,12954.04,20241126
1317,2030,3,29,3432.85,20250422
1318,2181,1,51,4891.06,20250306
1319,104,15,55,30102.94,20250808
1320,674,5,13,73774.64,20240720
1321,2428,22,33,7719.53,20240125
1322,1396,22,67,628.42,20240901
1323,2458,7,58,4723.38,20260305
1324,137,5,17,2934.11,20240303
1325,225,28,9,13867.62,20250328
1326,214,6,49,13712.51,20250726
1327,1684,7,77,32457.93,20260209
1328,1902,40,80,21378.85,20250128
1329,107,22,76,7122.52,20251122
1330,2438,38,25,13100.49,20240113
1331,1050,31,80,36377.61,20250605
1332,181,12,40,44170.04,20240520
1333,1466,35,19,8999.04,20251029
1334,1405,14,2,9655.71,20250909
1335,593,15,65,11935.58,20251125
1336,1409,16,26,69402.67,20250308
1337,776,30,77,63894.79,20241215
1338,1375,27,43,12928.12,20250802
1339,173,1,29,12863.59,20260319
1340,980,22,49,2386.03,20240806
1341,1487,21,46,72040.63,20240107
1342,1191,38,47,8765.68,20240525
1343,811,23,29,117061.8,20240722
1344,2272,24,26,113448.77,20241213
1345,415,25,18,3465.08,20240925
1346,1387,20,59,10168.17,20240423
1347,2708,27,68,1911.24,20250116
1348,268,28,17,134616.29,20251229
1349,2845,39,55,19376.1,20250122
1350,2524,35,38,4612.97,20260220
1351,2579,9,66,6889.77,20240224
1352,2980,32,61,17773.77,20240802
1353,1590,33,48,28433.5,20250604
1354,1319,34,62,8264.49,20240702
1355,1643,38,5,7632.61,20250818
1356,1852,26,28,48538.42,20240726
1357,2341,37,48,36876.71,20250121
1358,345,38,67,91571.76,20240517
1359,1906,22,55,4988.46,20240212
1360,1506,21,35,80781.63,20250222
1361,958,1,10,1346.05,20250328
1362,2056,6,36,18078.78,20241028
1363,1476,3,26,582.2,20240314
1364,1025,18,25,3753.05,20241203
1365,2934,17,2,149739.44,20260209
1366,1655,38,2,26138.4,20241220
1367,612,15,30,3305.05,20260218
1368,2405,30,60,81676.97,20250612
1369,770,27,27,12086.81,20241116
1370,124,37,17,78496.35,20250725
1371,2048,23,44,75751.55,20240110
1372,1653,35,39,2153.82,20251203
1373,132,10,43,70847.66,20250804
1374,2490,26,49,101879.11,20250909
1375,2190,31,14,143330.05,20240306
1376,2618,6,22,8973.21,20250407
1377,132,39,63,13660.27,20240630
1378,1581,18,30,3613.69,20240312
1379,1863,19,67,10233.98,20240312
1380,1602,20,15,21447.26,20250224
1381,282,14,17,2728.62,20250504
1382,2723,39,74,60268.43,20251227
1383,2936,18,26,49061.9,20250529
1384,263,39,32,118939.13,20250401
1385,2011,37,6,6913.38,20250805
1386,1421,20,51,26593.38,20250412
1387,1701,27,80,127045.85,20240628
1388,752,7,51,9427.65,20251105
1389,1122,35,38,29523.74,20240610
1390,890,27,71,57353.3,20260109
1391,431,21,53,4977.05,20240319
1392,2073,32,4,41429.08,20240731
1393,1892,26,25,52915.0,20251122
1394,470,9,42,24910.71,20240913
1395,339,16,57,83018.7,20240310
1396,661,36,3,2406.86,20241012
1397,509,26,22,33066.97,20241028
1398,2775,38,57,55354.41,20240112
1399,142,35,28,3969.83,20260101
1400,2142,7,50,110576.51,20251012
1401,20,1,49,38299.0,20250904
1402,978,2,3,74661.54,20250118
1403,1381,5,29,1044.91,20240115
1404,688,3,54,16040.02,20251111
1405,1322,13,80,2507.57,20241130
1406,1753,6,28,141462.56,20250208
1407,62,21,2,7453.24,20240626
1408,271,18,80,3978.75,20240813
1409,1684,39,64,315.3,20240811
1410,2332,10,13,14394.36,20260321
1411,2853,9,43,62166.06,20251008
1412,1303,31,9,52651.51,20251205
1413,1839,15,65,1247.08,20250822
1414,953,14,16,14240.27,20240114
1415,998,4,18,22729.72,20250314
1416,622,3,31,2543.76,20240725
1417,1347,17,41,148511.68,20250330
1418,2655,2,30,62983.87,20250228
1419,2210,19,32,5798.2,20240729
1420,2136,29,1,3079.51,20250125
1421,789,21,19,70240.01,20240312
1422,2428,14,31,36322.93,20240626
1423,1914,13,32,2094.3,20260112
1424,1242,24,58,3940.49,20240911
1425,1971,25,47,25389.56,20260311
1426,1808,40,56,69103.27,20250427
1427,1975,27,49,16482.27,20260323
1428,1230,10,71,17153.82,20260216
1429,1253,25,72,24296.88,20250419
1430,560,13,20,82509.76,20241207
1431,2992,32,52,5313.54,20250527
1432,1529,20,76,18835.56,20260130
1433,510,37,21,35659.07,20240209
1434,2959,32,48,62221.31,20240918
1435,1011,35,5,10112.69,20250310
1436,116,10,34,3191.67,20251123
1437,604,37,78,79211.2,20251128
1438,51,38,12,19059.68,20240614
1439,330,13,55,6567.34,20250823
1440,2834,35,49,67231.22,20240915
1441,2981,7,74,6505.59,20250225
1442,859,26,40,16377.45,20241002
1443,7,3,54,118456.03,20250518
1444,1766,4,48,8628.43,20241022
1445,1993,5,15,57803.54,20240721
1446,761,6,24,93721.98,20240805
1447,1806,40,14,24451.39,20250222
1448,1548,8,9,10985.74,20240328
1449,1958,7,2,1415.33,20240828
1450,2726,3,13,4725.13,20240108
1451,1539,18,63,87903.49,20240108
1452,1760,22,41,3808.87,20250910
1453,1633,4,46,4710.86,20251112
1454,1872,26,18,12287.78,20240104
1455,1145,16,48,9426.73,20250627
1456,1947,13,1,100385.72,20251105
1457,188,21,57,2979.01,20250103
1458,2510,23,55,3073.14,20250213
1459,412,19,78,4935.67,20251217
1460,2343,33,5,58395.65,20250616
1461,1235,36,60,2539.83,20240330
1462,1975,16,32,72230.64,20240428
1463,2867,23,56,42156.29,20251106
1464,1571,15,33,3243.29,20241130
1465,505,35,63,4762.37,20251117
1466,917,39,9,64665.53,20241206
1467,2970,36,56,6278.14,20260104
1468,1192,28,12,1195.4,20240428
1469,476,9,41,11368.14,20240711
1470,1274,30,69,9076.84,20240102
1471,1310,9,67,68533.89,20250309
1472,1620,32,59,96800.88,20240419
1473,897,30,19,18219.39,20241030
1474,2726,3,77,56841.07,20260203
1475,506,35,74,37758.08,20251206
1476,2028,36,49,3192.28,20240808
1477,626,14,29,14736.0,20241207
1478,734,26,39,13924.21,20260305
1479,1607,31,45,79329.74,20250715
1480,2977,40,25,70838.2,20250624
1481,1325,38,7,34532.93,20240514
1482,2365,2,62,39314.94,20240616
1483,894,13,2,13561.05,20240802
1484,418,10,49,3657.19,20250812
1485,231,5,61,13749.18,20240621
1486,2112,38,56,75879.74,20240430
1487,1004,7,31,12725.96,20250217
1488,2442,25,12,83521.37,20251205
1489,1566,9,57,132436.45,20251027
1490,339,10,66,156.85,20240429
1491,2346,7,76,212.83,20250809
1492,2879,37,17,33796.99,20251022
1493,2202,13,3,6841.97,20251231
1494,2172,34,75,92287.82,20250703
1495,2670,15,27,3597.37,20260320
1496,2848,16,72,985.25,20250905
1497,161,17,27,124066.69,20240505
1498,144,18,16,11586.57,20240919
1499,703,1,32,5180.09,20250711
1500,1202,29,18,8462.47,20250615
1501,2141,23,78,83757.57,20241116
1502,406,3,31,2601.89,20251205
1503,882,39,71,23380.76,20241102
1504,527,28,10,96931.81,20241011
1505,2662,26,59,24122.55,20250125
1506,1743,10,69,75855.54,20251123
1507,1104,13,48,29172.55,20260120
1508,2478,28,20,105451.35,20250607
1509,1553,29,78,119101.43,20250320
1510,2177,30,71,479.87,20240507
1511,365,22,35,1786.21,20251017
1512,1121,32,49,17442.68,20240819
1513,506,33,40,1955.3,20240417
1514,392,37,37,16516.19,20250516
1515,197,35,50,25329.05,20240411
1516,2777,35,71,30887.97,20260129
1517,1954,17,2,134662.75,20250216
1518,518,38,73,10985.12,20251104
1519,2619,16,78,7290.89,20260112
1520,1798,30,65,14282.34,20240706
1521,2133,15,40,4861.52,20250314
1522,1281,6,10,76059.1,20250220
1523,2357,3,37,4729.85,20240618
1524,1737,9,62,74719.18,20240111
1525,2181,26,2,8210.16,20251124
1526,30,35,45,44723.92,20260202
1527,2164,3,78,4971.69,20251108
1528,2145,12,10,145404.16,20251121
1529,1448,28,64,4213.1,20250610
1530,1385,16,70,3386.78,20240425
1531,1203,11,1,1521.32,20250509
1532,2634,3,60,71170.79,20241108
1533,1458,13,59,130285.73,20240228
1534,22,12,52,5176.91,20240419
1535,2016,15,68,672.84,20250317
1536,508,1,20,13579.14,20250224
1537,1534,17,55,49392.38,20250208
1538,446,29,21,45232.05,20241002
1539,24,13,15,1833.32,20250320
1540,1617,22,5,26367.48,20240516
1541,2725,8,54,54965.36,20250505
1542,2793,21,52,8701.73,20260330
1543,1593,23,14,11163.92,20260129
1544,2049,24,31,2765.73,20241218
1545,1760,1,56,10496.34,20241216
1546,339,16,80,1518.39,20250512
1547,1022,27,15,14720.35,20240710
1548,2730,13,61,149253.42,20240910
1549,2504,29,76,14172.33,20250529
1550,1644,30,25,4972.99,20240515
1551,818,31,7,8812.91,20250923
1552,2868,15,29,6702.16,20241109
1553,2089,4,39,6965.06,20240303
1554,1438,16,41,1419.31,20241014
1555,214,21,28,3544.52,20240101
1556,413,17,63,7608.81,20250913
1557,397,36,17,1737.98,20240424
1558,2413,24,31,6047.96,20250105
1559,358,9,78,25993.96,20250128
1560,781,40,58,301.09,20251101
1561,2536,31,26,1960.15,20250713
1562,524,2,71,3631.77,20240214
1563,2296,24,58,135906.26,20260216
1564,1978,33,3,4563.16,20240310
1565,529,5,73,49936.52,20251214
1566,780,26,64,12121.47,20251211
1567,678,33,50,4364.25,20240317
1568,2488,8,24,63452.91,20250214
1569,2426,33,59,20040.36,20240811
1570,1061,15,38,10908.56,20250621
1571,918,11,31,66705.96,20240624
1572,1138,18,7,1547.27,20240531
1573,2190,13,45,4948.73,20240803
1574,341,36,34,146388.42,20241128
1575,1208,4,2,2100.88,20250918
1576,724,16,3,4775.95,20241013
1577,2390,17,49,3320.86,20260307
1578,2476,29,29,133103.35,20251011
1579,2580,26,20,32986.43,20250818
1580,1778,31,12,50124.01,20260113
1581,722,21,63,3541.19,20240708
1582,1271,22,23,53567.32,20240122
1583,285,23,55,109357.69,20240711
1584,1649,24,68,2329.62,20251022
1585,2472,25,50,3661.15,20240113
1586,2640,9,32,2540.5,20240114
1587,2457,27,2,25074.24,20251004
1588,2898,28,18,11076.22,20241212
1589,669,31,20,3822.39,20250330
1590,1096,8,3,373.79,20251209
1591,421,27,19,13235.02,20241030
1592,929,10,46,109547.87,20240125
1593,1576,8,63,4162.38,20251201
1594,417,19,46,79307.6,20240817
1595,1477,6,6,51177.26,20240501
1596,2173,12,55,39643.39,20250314
1597,1236,19,45,17915.79,20251204
1598,2711,17,10,5786.32,20250526
1599,2687,39,19,103543.96,20240601
1600,1960,8,74,7253.74,20260326
1601,593,1,17,19211.91,20241012
1602,1308,31,53,62565.16,20241227
1603,567,16,50,123155.21,20241207
1604,2187,35,30,11212.12,20250705
1605,1728,15,12,2170.65,20260102
1606,71,31,18,1872.38,20240727
1607,1479,9,38,391.93,20241223
1608,1725,8,29,38738.23,20250718
1609,2850,25,4,11457.94,20240430
1610,435,5,62,7747.84,20251219
1611,602,6,32,133162.01,20240131
1612,614,31,18,5935.83,20250302
1613,1926,22,57,14122.0,20241102
1614,246,3,78,35125.52,20240608
1615,1624,30,71,42747.16,20240112
1616,1254,28,21,139489.53,20250528
1617,1547,9,28,116801.56,20250618
1618,1607,18,72,100475.69,20240812
1619,1919,26,49,129422.69,20251210
1620,2649,18,14,9100.37,20250115
1621,1375,21,37,2017.27,20250909
1622,868,20,25,45617.59,20240307
1623,985,23,73,20129.44,20240203
1624,1982,24,41,25833.69,20260320
1625,1461,26,65,75763.19,20240109
1626,2973,9,13,28585.43,20250204
1627,2063,27,20,6702.01,20260129
1628,1954,3,38,9220.46,20250126
1629,323,6,30,16365.34,20250419
1630,577,11,65,124971.88,20251031
1631,2669,22,58,19849.44,20250915
1632,2554,28,6,1761.2,20250103
1633,2486,33,20,4347.55,20250917
1634,399,10,40,101612.65,20250524
1635,358,30,41,70065.03,20260327
1636,280,36,47,75054.2,20240614
1637,2911,17,61,2239.97,20240702
1638,2664,8,73,119209.03,20250328
1639,1643,40,17,1554.3,20241020
1640,1285,27,65,67675.19,20251001
1641,175,4,32,54167.57,20251129
1642,1191,37,52,5595.72,20240417
1643,2741,3,60,21728.85,20250418
1644,447,4,14,103522.98,20250421
1645,1645,21,44,119868.16,20240723
1646,1951,6,59,83218.35,20251220
1647,597,21,73,65864.67,20250426
1648,1558,8,47,118549.48,20260303
1649,222,9,3,19581.94,20240806
1650,722,10,9,5762.04,20251012
1651,2918,27,68,49203.15,20241101
1652,754,6,55,107053.77,20240922
1653,674,13,54,14487.12,20241031
1654,659,28,46,2429.95,20251206
1655,2298,39,26,70587.94,20240111
1656,2526,16,41,59204.28,20250815
1657,605,21,15,18910.25,20250414
1658,16,9,58,5624.65,20260109
1659,769,35,22,2400.2,20240811
1660,860,37,2,69082.35,20241222
1661,1237,33,16,4087.52,20240117
1662,1696,23,70,10084.76,20250411
1663,1376,23,23,10701.81,20260222
1664,2265,35,56,75689.87,20240630
1665,2821,19,80,4990.39,20251106
1666,368,40,53,19909.58,20240416
1667,2556,7,57,10179.9,20260208
1668,2735,28,54,9137.27,20240203
1669,2260,13,61,48974.32,20250410
1670,1901,26,1,1818.01,20260323
1671,1162,31,34,3932.76,20250603
1672,1699,1,54,67886.31,20260325
1673,1534,34,77,2848.08,20240606
1674,1762,34,51,40875.7,20250808
1675,212,37,55,51220.09,20250206
1676,2983,36,41,4703.02,20250203
1677,408,9,65,3589.65,20240824
1678,1606,17,71,3194.06,20260314
1679,382,39,56,76152.52,20240727
1680,627,40,70,75838.4,20250830
1681,535,23,24,47884.54,20240126
1682,1217,2,32,3297.36,20240815
1683,212,3,19,11785.48,20251106
1684,424,4,77,9937.41,20250816
1685,1074,6,10,624.68,20241016
1686,1601,6,3,12824.73,20240731
1687,313,7,54,1934.73,20251002
1688,1847,12,39,13455.99,20251010
1689,2324,3,16,108532.94,20251106
1690,2515,1,21,14912.35,20250510
1691,790,35,3,14963.09,20240504
1692,886,8,28,10479.02,20240605
1693,342,9,35,5585.56,20240813
1694,1428,19,60,58307.41,20240404
1695,791,15,26,7104.87,20250213
1696,2391,38,40,115462.68,20240415
1697,1999,29,55,64557.46,20260109
1698,2552,18,50,117120.31,20241122
1699,1532,5,58,4394.56,20241227
1700,1037,19,78,71708.73,20250607
1701,470,21,42,7368.94,20240131
1702,1005,22,48,15922.48,20250101
1703,501,23,2,810.69,20241117
1704,1318,36,9,3992.81,20250804
1705,2160,25,72,4970.6,20240805
1706,307,27,56,86235.61,20251118
1707,808,27,64,97793.94,20240721
1708,1726,28,58,1655.09,20241008
1709,1569,29,3,50107.3,20250828
1710,2359,30,37,1249.71,20260313
1711,152,34,6,4224.05,20250216
1712,1925,32,54,10026.86,20240312
1713,1417,36,41,25600.52,20260210
1714,1223,30,64,9572.49,20250206
1715,421,35,7,4231.07,20250924
1716,2817,15,22,17509.4,20241126
1717,2202,4,34,19336.98,20250112
1718,308,38,79,14185.63,20241107
1719,565,8,17,4778.77,20240623
1720,2393,27,58,103565.49,20260210
1721,2368,32,36,2656.64,20240903
1722,926,2,38,92944.63,20250509
1723,2702,14,10,31475.73,20240905
1724,871,4,28,77882.39,20240302
1725,1998,5,27,126406.49,20240711
1726,1284,20,59,15351.25,20250610
1727,533,7,47,17032.24,20240418
1728,2104,8,52,14650.91,20250927
1729,673,37,14,10147.95,20250309
1730,452,10,59,9488.61,20240419
1731,2712,23,34,25006.75,20250502
1732,1452,10,51,4641.95,20240327
1733,218,24,13,7031.88,20241207
1734,1731,14,25,10080.7,20260119
1735,2170,34,56,42963.86,20241009
1736,1020,15,15,13782.63,20251023
1737,1091,17,69,13530.82,20250812
1738,2866,26,51,5871.46,20250927
1739,1099,11,27,4787.82,20251209
1740,2443,20,1,12919.53,20251223
1741,2549,20,31,4109.04,20251218
1742,683,22,59,28633.44,20240312
1743,1944,2,23,19263.74,20251113
1744,2783,1,77,134563.48,20240623
1745,5,16,61,19406.06,20250820
1746,2324,19,30,321.36,20240118
1747,601,7,39,10311.36,20260212
1748,1437,17,63,7336.63,20260122
1749,1445,22,67,67357.61,20240114
1750,2809,2,19,82966.13,20241003
1751,581,2,32,17197.18,20251106
1752,1473,32,12,116331.62,20250317
1753,2617,33,36,74048.54,20250121
1754,2159,34,45,4506.18,20250405
1755,1132,3,75,6474.37,20250303
1756,504,30,73,14185.79,20250919
1757,2044,10,60,6123.97,20240109
1758,2556,11,39,10702.13,20241023
1759,1208,39,6,5035.64,20260329
1760,506,40,40,56792.25,20250830
1761,3,1,18,52208.42,20251107
1762,2057,36,20,17635.08,20260315
1763,806,6,38,58489.78,20240526
1764,1019,25,55,257.47,20241229
1765,1071,39,40,145697.89,20240410
1766,1321,9,26,47293.07,20251126
1767,818,6,39,37639.8,20250721
1768,2236,8,56,140525.42,20250417
1769,2844,23,60,3202.89,20250328
1770,1681,36,4,8839.55,20250306
1771,2520,16,75,2224.37,20240523
1772,2226,19,7,6223.56,20250927
1773,25,34,59,36371.66,20251117
1774,2662,14,77,2185.23,20241003
1775,1973,4,16,16527.83,20250802
1776,2937,16,27,13651.05,20260127
1777,2029,17,20,3310.96,20260128
1778,27,40,26,52117.96,20260106
1779,2474,34,13,429.0,20240605
1780,101,29,51,1101.04,20250430
1781,1658,12,31,13964.62,20241103
1782,2791,40,16,1375.33,20250919
1783,757,23,31,3351.8,20240123
1784,2240,24,62,43363.62,20251217
1785,2412,18,51,5052.29,20240412
1786,1901,28,19,10767.14,20240419
1787,2312,38,39,4967.91,20240503
1788,2540,23,18,77767.97,20251103
1789,1135,29,21,134715.14,20250414
1790,864,34,50,10262.45,20250530
1791,621,37,44,1878.72,20251102
1792,574,32,39,112973.7,20260316
1793,1982,31,78,28867.31,20251022
1794,2699,9,42,48202.92,20250603
1795,2395,26,9,19126.29,20241222
1796,652,36,14,4513.1,20260120
1797,1326,16,14,14079.27,20250502
1798,1721,4,79,59612.24,20250128
1799,299,24,78,34881.59,20260206
1800,441,25,18,13929.71,20241124
1801,1035,19,29,92340.87,20240719
1802,2165,13,12,60661.54,20250320
1803,395,3,18,972.74,20251115
1804,2328,5,44,43787.76,20250221
1805,2631,13,27,56177.09,20260115
1806,1443,36,18,127584.85,20250527
1807,1541,37,11,37915.85,20251002
1808,414,8,30,3933.7,20241101
1809,93,9,38,9420.85,20241204
1810,279,11,37,70755.43,20250101
1811,2121,33,40,45081.79,20240904
1812,2858,38,61,100423.84,20250713
1813,1385,13,43,104920.16,20240203
1814,1351,4,31,2950.04,20250714
1815,2499,3,45,2020.77,20250731
1816,2509,36,62,76243.08,20250904
1817,427,17,65,1425.49,20240212
1818,1957,15,3,3286.65,20250317
1819,804,25,3,1368.95,20260311
1820,1546,28,55,41163.0,20250131
1821,484,24,46,15332.78,20250324
1822,976,22,76,30734.42,20240229
1823,2197,1,32,28027.98,20260204
1824,1797,24,6,2072.56,20240509
1825,1001,9,78,42610.43,20251101
1826,2690,26,33,82231.18,20240505
1827,1463,15,57,1108.72,20251223
1828,2259,28,32,75607.02,20260309
1829,2859,7,7,17913.08,20241122
1830,2548,6,27,18058.29,20251223
1831,945,36,27,4222.98,20250617
1832,582,32,31,1924.71,20260317
1833,468,33,5,104488.05,20250409
1834,1231,6,8,34078.11,20250128
1835,2029,35,49,102694.33,20250128
1836,843,28,69,7216.28,20240817
1837,2219,2,78,10245.63,20240202
1838,2421,38,4,13917.78,20240925
1839,1778,4,14,11161.01,20250928
1840,2777,40,69,34108.29,20260108
1841,2328,17,21,75098.55,20260106
1842,541,18,36,7542.65,20240831
1843,2224,3,74,79910.46,20260228
1844,1482,4,33,25018.81,20241007
1845,2329,17,23,21604.09,20241110
1846,37,23,62,80154.15,20250326
1847,2374,18,79,21338.19,20240229
1848,1805,8,36,28551.99,20240306
1849,932,10,80,132977.2,20240510
1850,158,10,65,4257.41,20251101
1851,2267,4,34,95385.79,20240212
1852,2214,39,31,22095.36,20241227
1853,1818,13,10,2628.69,20250603
1854,1522,27,10,1099.81,20250807
1855,102,24,43,17579.14,20240526
1856,1928,19,80,17999.15,20250118
1857,1192,38,4,3244.38,20240215
1858,2093,33,75,12376.24,20241116
1859,2387,19,20,18828.83,20250122
1860,322,15,73,11676.57,20251026
1861,2246,35,16,14969.38,20251007
1862,1935,34,57,16065.01,20250913
1863,1201,22,32,33032.74,20250812
1864,473,29,53,1231.36,20241118
1865,2072,25,47,490.48,20250727
1866,1716,26,17,3065.57,20250404
1867,2762,9,78,1300.23,20250221
1868,1286,28,53,123461.27,20241215
1869,2360,13,24,10348.01,20240531
1870,1715,30,71,22016.59,20240503
1871,140,2,22,3739.98,20240509
1872,1590,23,17,14928.33,20250626
1873,2917,33,44,110600.73,20240904
1874,442,3,10,9280.69,20250923
1875,2584,28,38,19023.42,20250222
1876,752,38,66,3530.56,20260121
1877,2432,30,49,16419.23,20240108
1878,2960,7,30,53191.86,20250604
1879,2311,34,75,41997.01,20240219
1880,1169,21,23,12816.92,20250312
1881,2995,1,67,1317.72,20260122
1882,1288,2,37,69441.4,20250922
1883,1994,11,37,13891.33,20241007
1884,435,18,19,148544.72,20260210
1885,692,5,6,4533.44,20250604
1886,28,2,48,2735.79,20240718
1887,1747,34,17,56638.88,20250807
1888,2934,8,57,58342.41,20240422
1889,561,8,46,10118.48,20240329
1890,2980,10,21,60820.82,20240815
1891,2584,5,41,5694.72,20250409
1892,2136,36,5,52571.94,20251223
1893,1541,15,26,30263.73,20250823
1894,767,19,17,81115.0,20250511
1895,2115,14,1,52607.95,20240331
1896,2504,16,23,1811.59,20250725
1897,2513,38,31,50760.96,20240926
1898,738,15,38,9942.54,20251103
1899,1607,35,62,7863.11,20251007
1900,1177,29,42,2351.47,20240425
1901,722,21,15,3345.85,20240428
1902,525,31,63,14090.89,20251222
1903,119,23,65,73560.38,20240828
1904,1676,24,42,135675.38,20260312
1905,1604,28,52,107748.58,20250225
1906,1989,22,6,138607.93,20241001
1907,2345,35,27,38572.73,20240814
1908,2502,39,70,4744.6,20250920
1909,1554,29,43,14303.9,20240122
1910,260,34,27,15453.42,20250720
1911,2195,15,38,2723.82,20240609
1912,1694,32,32,73299.03,20241205
1913,2157,33,51,5292.92,20240121
1914,1235,34,32,1591.99,20241016
1915,1548,9,35,33422.53,20240506
1916,2958,27,3,10739.53,20250531
1917,2478,7,76,89375.59,20250708
1918,1279,28,66,45256.93,20250912
1919,831,39,74,5230.16,20250414
1920,382,40,53,1945.25,20250315
1921,2879,16,49,25891.84,20241018
1922,1613,35,14,14904.16,20260115
1923,1628,29,48,49127.91,20240126
1924,1273,6,13,2859.45,20251020
1925,2431,5,19,17694.18,20250516
1926,2144,37,30,100143.5,20250429
1927,1687,22,20,11743.72,20240915
1928,2453,1,35,39251.71,20250801
1929,2002,21,31,118154.93,20260324
1930,2108,6,14,55903.27,20250509
1931,522,11,67,14135.48,20250119
1932,466,12,55,914.37,20250324
1933,1996,13,71,3390.11,20250621
1934,482,19,35,8288.41,20241030
1935,2310,10,38,6786.53,20250115
1936,2927,39,33,13857.97,20250920
1937,2950,9,22,2368.11,20241204
1938,41,12,20,14444.09,20250430
1939,1278,13,13,428.54,20240106
1940,251,39,21,2347.11,20240406
1941,926,1,25,31283.96,20250726
1942,2394,24,80,34818.32,20250312
1943,2217,13,10,141460.03,20250728
1944,887,24,34,3472.23,20260118
1945,2140,25,43,33301.88,20260327
1946,2478,26,79,120357.23,20250829
1947,950,6,79,1125.6,20240103
1948,2,4,18,3295.0,20250501
1949,2724,20,65,12301.28,20250311
1950,1546,31,46,1279.79,20250206
1951,2174,31,78,67898.71,20241120
1952,1138,28,72,144196.82,20251010
1953,1027,36,56,83712.16,20260318
1954,1910,23,55,3971.24,20250109
1955,1567,1,26,100206.65,20240714
1956,23,22,13,66928.88,20240718
1957,54,3,36,4587.45,20250529
1958,2885,38,8,2051.64,20251213
1959,1929,30,63,127032.34,20260105
1960,2235,3,48,40508.63,20251025
1961,628,12,17,9580.89,20251231
1962,230,4,41,36467.94,20240502
1963,796,2,43,17228.86,20241011
1964,2404,24,67,107830.64,20240622
1965,1706,4,9,112924.87,20250216
1966,605,6,23,66878.57,20250528
1967,814,27,23,25786.1,20250915
1968,1437,8,60,38028.58,20250728
1969,2320,6,15,128693.73,20240329
1970,761,2,22,18687.57,20240329
1971,1886,11,32,26885.58,20250118
1972,783,9,40,67798.12,20251019
1973,730,13,73,6310.35,20241020
1974,1118,12,38,50263.95,20240711
1975,379,38,47,110682.56,20240927
1976,1842,11,5,15561.23,20250619
1977,2330,17,56,8020.77,20250704
1978,1183,18,65,13097.16,20251129
1979,1102,19,27,67239.33,20260324
1980,129,34,24,48373.14,20240924
1981,1323,25,76,785.09,20250823
1982,2579,1,21,39362.27,20240417
1983,2654,12,46,9772.17,20241210
1984,763,29,79,17205.92,20250713
1985,1782,31,32,97164.72,20251212
1986,1384,26,39,114038.42,20250907
1987,2077,27,55,116521.11,20240827
1988,2430,28,66,114523.85,20250214
1989,2858,13,73,74176.52,20250903
1990,221,20,19,736.47,20241207
1991,1887,31,19,9444.91,20240618
1992,1260,32,31,71221.61,20241104
1993,1003,33,72,76751.35,20260111
1994,1412,34,71,124.23,20240612
1995,2738,30,32,110841.37,20250428
1996,547,21,37,8057.69,20241121
1997,294,38,4,12140.31,20250630
1998,964,22,65,4439.38,20240701
1999,1631,15,18,73657.42,20260208
2000,1237,22,50,3631.59,20240804
2001,1275,31,5,36928.35,20241018
2002,736,2,67,144606.66,20250307
2003,1419,7,52,9565.99,20240325
2004,2354,30,2,20145.17,20240511
2005,1646,4,39,10153.44,20251117
2006,475,29,65,5543.66,20251011
2007,1373,24,15,3926.92,20251230
2008,1571,6,20,78555.09,20250628
2009,2418,9,66,41116.77,20251225
2010,1782,10,37,114591.74,20250410
2011,1886,39,48,15464.62,20250516
2012,1214,2,70,75341.33,20251122
2013,1709,13,42,22268.65,20241231
2014,458,3,69,52698.7,20250902
2015,2192,15,19,52321.47,20240327
2016,1415,40,32,7035.41,20241008
2017,314,3,19,11596.83,20240211
2018,415,6,44,146989.63,20251015
2019,754,17,11,36689.74,20240123
2020,785,20,79,19320.62,20260323
2021,999,4,48,8548.21,20260323
2022,1790,22,24,81479.39,20260217
2023,2477,12,37,60686.01,20240216
2024,77,9,36,1601.07,20240731
2025,2601,15,29,56030.51,20260320
2026,262,39,59,10926.12,20240814
2027,1347,31,72,8704.91,20250901
2028,1419,10,60,41811.14,20241123
2029,697,17,52,3948.92,20251215
2030,322,36,45,79623.12,20250808
2031,1513,21,58,20566.34,20250626
2032,2396,32,46,23843.39,20251001
2033,96,19,72,76099.0,20260222
2034,2202,34,78,14855.52,20250119
2035,866,37,38,575.2,20240811
2036,1643,23,28,69867.0,20260224
2037,1309,7,41,18058.95,20241012
2038,923,32,60,8498.78,20250205
2039,643,12,52,12565.94,20250405
2040,1901,7,50,1046.72,20241208
2041,1681,1,4,13235.53,20250304
2042,2540,6,77,49145.04,20250916
2043,1332,11,73,115179.24,20240124
2044,94,25,71,3453.38,20250114
2045,1876,16,23,13088.14,20240614
2046,1322,6,9,4691.99,20240723
2047,1881,7,78,3898.1,20250417
2048,725,33,15,148662.73,20260326
2049,1003,5,1,128923.81,20240612
2050,2129,25,10,82160.81,20250220
2051,2201,11,78,19172.71,20260103
2052,1970,4,38,3602.34,20250325
2053,164,33,57,127680.01,20260112
2054,598,38,15,15854.76,20240416
2055,1392,15,32,32484.84,20251103
2056,1352,5,59,1129.42,20240409
2057,1065,29,43,11535.03,20260214
2058,1128,9,19,110943.02,20250804
2059,1520,19,40,6124.39,20240814
2060,1947,19,20,47572.99,20241108
2061,1574,21,30,817.98,20241026
2062,1241,22,2,12912.87,20250820
2063,2117,40,22,67341.03,20250604
2064,2053,24,49,13055.1,20250824
2065,1975,25,49,10077.27,20250621
2066,1403,26,27,80580.63,20240307
2067,2986,13,46,835.43,20250915
2068,50,34,30,7430.5,20251015
2069,1633,22,65,32267.02,20240203
2070,2203,4,58,25360.52,20250701
2071,1049,12,32,87983.34,20240907
2072,727,32,78,3479.22,20250412
2073,779,5,17,66685.1,20240403
2074,933,34,75,6403.84,20240731
2075,210,5,26,2374.93,20250703
2076,1950,36,70,670.39,20240326
2077,1229,38,56,4692.38,20250513
2078,2633,38,79,3627.91,20250329
2079,1668,32,23,148990.9,20240914
2080,1163,20,34,8102.1,20250610
2081,2777,20,57,1320.21,20241008
2082,1998,2,66,4888.42,20240705
2083,269,20,13,2529.36,20240702
2084,2207,13,14,64516.12,20251204
2085,1251,34,61,1144.76,20250528
2086,862,10,42,13852.55,20250916
2087,704,40,21,19392.8,20250209
2088,2677,27,35,114848.13,20250430
2089,1244,20,43,4670.93,20250428
2090,1843,37,51,16670.01,20241118
2091,227,23,18,610.61,20250217
2092,2885,12,33,119716.32,20240120
2093,1319,25,42,12655.72,20240125
2094,881,29,36,46997.92,20240723
2095,1334,38,61,1951.32,20240613
2096,2818,32,32,93966.13,20250203
2097,1537,17,8,118444.57,20250823
2098,1795,8,61,4864.65,20250113
2099,1330,27,20,4416.16,20240316
2100,820,29,32,12001.26,20250810
2101,2707,21,68,69155.25,20260220
2102,279,21,47,10653.98,20240523
2103,755,15,59,117145.52,20240807
2104,2884,24,78,1731.76,20251124
2105,1683,32,7,2963.78,20251019
2106,1530,26,56,1675.58,20250608
2107,1340,32,37,115214.8,20260328
2108,310,36,15,63387.83,20240309
2109,360,30,79,875.3,20250609
2110,2802,18,60,61393.05,20260224
2111,624,5,24,135616.25,20260126
2112,2837,28,3,64175.26,20250624
2113,2555,2,2,94715.92,20240107
2114,1061,38,42,1679.68,20240603
2115,821,37,46,2342.99,20251112
2116,608,36,24,39838.62,20260302
2117,162,35,45,1011.38,20250908
2118,943,13,39,29559.58,20241118
2119,955,14,46,36821.27,20241004
2120,505,25,4,2922.37,20250326
2121,855,29,57,132779.26,20260127
2122,1559,8,12,45822.91,20260228
2123,2968,11,27,43002.75,20250815
2124,2478,21,54,4709.41,20260128
2125,2077,17,66,20774.56,20240402
2126,30,27,52,4729.99,20240117
2127,268,20,30,7416.28,20241113
2128,1931,8,36,53782.45,20250203
2129,727,9,67,6398.97,20240911
2130,160,10,27,3234.3,20250426
2131,646,12,67,6203.86,20250228
2132,744,8,21,14968.35,20251115
2133,1654,17,80,7965.78,20241109
2134,1359,14,61,4388.9,20240127
2135,1670,15,49,88459.15,20240527
2136,648,16,45,113927.95,20240622
2137,461,30,54,551.41,20240308
2138,2609,18,61,2258.04,20250909
2139,526,35,47,4507.79,20240920
2140,1958,37,26,106896.15,20240408
2141,585,21,11,1174.62,20240512
2142,2520,22,29,14486.73,20241016
2143,1234,30,76,44001.48,20251106
2144,540,24,19,10579.63,20240930
2145,1578,13,24,14860.0,20240205
2146,975,26,42,18011.58,20240204
2147,1409,27,74,69078.32,20250510
2148,1857,35,57,78773.53,20240807
2149,2108,22,24,3750.31,20251102
2150,2249,7,44,64327.79,20250514
2151,1497,2,70,5625.84,20260311
2152,456,32,38,563.46,20250413
2153,1854,6,65,4379.2,20241110
2154,799,34,29,34816.86,20250607
2155,1450,10,73,3781.48,20260201
2156,2184,15,68,10738.38,20260330
2157,2787,37,80,33085.41,20240412
2158,2934,38,79,4231.87,20260208
2159,201,26,38,17236.76,20241012
2160,1952,9,39,13613.39,20250307
2161,2277,14,79,9909.59,20251226
2162,1681,2,62,144705.85,20240301
2163,1603,27,51,62344.47,20240905
2164,289,4,36,4270.74,20241224
2165,2974,10,27,4473.93,20240506
2166,1342,6,16,38513.1,20241009
2167,2575,15,57,6567.63,20240415
2168,2499,5,44,66668.03,20250708
2169,1563,17,15,113989.06,20240211
2170,2908,32,38,75368.37,20240621
2171,2998,39,47,2661.91,20240331
2172,2026,28,54,4359.87,20251111
2173,1148,18,33,9932.84,20260227
2174,1030,6,2,5603.62,20251113
2175,995,15,76,14405.36,20250512
2176,2903,39,73,13479.76,20240416
2177,1568,17,14,9492.79,20251114
2178,404,8,31,16845.01,20251020
2179,2474,26,6,2942.6,20251227
2180,1888,34,5,13118.23,20250326
2181,1769,2,28,125710.89,20251005
2182,1348,22,53,43495.9,20251007
2183,1469,23,46,11206.8,20240916
2184,196,17,21,1455.5,20260313
2185,2656,26,45,92602.11,20250714
2186,1368,35,30,68353.99,20240401
2187,2958,27,52,99613.29,20240413
2188,763,13,34,74994.17,20251016
2189,1481,11,42,5908.31,20250324
2190,1272,36,38,2560.73,20250818
2191,2534,13,12,45369.08,20250211
2192,1658,10,44,58374.92,20251110
2193,1578,33,38,1833.62,20240516
2194,1327,29,6,94113.88,20240325
2195,1122,35,29,2785.14,20251114
2196,1804,14,19,1302.22,20240819
2197,2508,29,54,36318.38,20240122
2198,788,34,75,46341.96,20250804
2199,1072,24,34,101543.16,20250131
2200,1312,5,18,7719.46,20240828
2201,1012,38,17,103333.42,20251220
2202,2079,35,41,19629.71,20260314
2203,934,36,29,16241.44,20250910
2204,1886,32,76,54987.35,20240224
2205,91,36,8,1760.83,20240624
2206,606,6,46,9794.22,20251224
2207,2334,7,4,76605.07,20241009
2208,547,14,58,83805.28,20251222
2209,1248,37,66,45379.68,20251121
2210,2791,1,79,3312.54,20250706
2211,2407,11,10,10969.59,20250101
2212,2992,12,25,28271.74,20250227
2213,735,2,64,4900.93,20260303
2214,1653,25,53,1725.77,20240406
2215,1407,15,40,10749.81,20240521
2216,1033,12,34,3959.51,20250316
2217,2652,22,58,46078.95,20241225
2218,2483,18,72,10715.41,20240121
2219,691,19,68,10557.94,20240407
2220,1255,20,73,1554.66,20250128
2221,707,21,80,68728.68,20240312
2222,1415,22,20,3545.01,20240811
2223,1806,12,65,68641.88,20240630
2224,125,35,16,16380.05,20250331
2225,1430,38,67,75127.44,20240420
2226,792,40,44,72517.3,20250524
2227,1593,8,71,140718.84,20250715
2228,580,28,63,30375.8,20250109
2229,1468,29,62,64554.05,20240212
2230,373,21,68,2426.22,20250616
2231,2137,35,26,94761.28,20250628
2232,812,32,55,5484.43,20250403
2233,2009,33,14,76568.05,20240325
2234,1593,19,8,67789.11,20250916
2235,366,38,74,16709.52,20240711
2236,197,4,39,949.46,20241117
2237,215,28,66,3635.35,20250704
2238,1519,3,28,17059.81,20250604
2239,908,5,27,9416.06,20240709
2240,2511,40,49,3894.32,20251017
2241,1190,1,31,137041.69,20240429
2242,936,26,6,14781.63,20250203
2243,2547,28,74,3262.55,20240909
2244,1117,1,54,20365.72,20251031
2245,2000,5,2,7854.07,20240713
2246,1840,6,29,25433.92,20260224
2247,651,32,9,52819.78,20240428
2248,1051,26,37,45270.48,20240620
2249,1072,9,16,1503.55,20250806
2250,355,32,26,126974.07,20240725
2251,1921,8,30,2639.31,20240206
2252,343,5,31,100138.27,20240707
2253,585,3,65,12498.76,20250324
2254,1303,14,2,62641.19,20260112
2255,719,13,8,7156.28,20240913
2256,2071,16,24,69404.46,20241025
2257,1798,17,57,30191.65,20260108
2258,2165,18,21,68256.67,20250908
2259,233,19,9,11168.91,20241121
2260,2534,21,48,10601.92,20240118
2261,2803,21,49,18074.89,20240416
2262,2323,22,29,67962.69,20250131
2263,82,31,74,68073.01,20240316
2264,1585,16,63,4954.56,20250922
2265,1864,10,59,52505.5,20251013
2266,592,26,23,4409.28,20240817
2267,1508,28,39,14987.97,20240613
2268,2911,15,52,1329.82,20250224
2269,853,27,54,4216.66,20241227
2270,1592,22,42,115348.41,20250330
2271,844,31,25,37304.91,20250626
2272,2701,24,60,45298.25,20260116
2273,1673,20,28,69682.9,20260322
2274,2224,20,80,38373.09,20240421
2275,1384,11,50,1492.27,20240810
2276,98,25,73,8919.78,20250329
2277,2788,10,52,25499.0,20260202
2278,618,30,32,121641.66,20240721
2279,1296,40,68,3836.84,20250513
2280,268,40,2,81466.54,20260316
2281,1284,23,26,5641.12,20240402
2282,271,21,75,19180.15,20241110
2283,718,3,13,81761.35,20251221
2284,669,35,80,16985.93,20240604
2285,2576,18,32,3586.47,20250719
2286,1823,6,6,3352.96,20240530
2287,1554,2,76,4413.14,20250429
2288,2343,8,3,4661.62,20250821
2289,1409,6,48,14252.46,20250803
2290,1230,10,15,18292.66,20251001
2291,1198,6,46,77118.13,20241124
2292,66,38,54,147864.22,20250521
2293,787,34,4,32391.2,20240915
2294,214,20,34,5459.95,20240619
2295,166,15,59,149500.01,20241211
2296,536,40,2,29968.91,20240202
2297,818,25,50,22497.58,20250124
2298,2855,24,66,83739.31,20241003
2299,543,17,71,8440.3,20241216
2300,342,6,41,41662.28,20240930
2301,527,7,32,13541.47,20240124
2302,631,16,12,18283.04,20240307
2303,1398,40,10,5723.39,20240114
2304,2585,7,79,11863.72,20250416
2305,818,6,24,375.22,20240522
2306,16,15,27,58869.08,20240403
2307,1313,13,61,11037.71,20250131
2308,2480,31,37,58117.82,20250522
2309,1813,29,1,17367.66,20240303
2310,1079,30,70,18188.82,20240721
2311,508,5,25,146454.08,20251217
2312,933,32,76,68646.22,20260213
2313,2624,33,55,9421.76,20250602
2314,987,17,37,127180.91,20260123
2315,2024,4,80,9849.0,20240305
2316,2934,6,41,2059.06,20260221
2317,2860,5,73,15542.03,20250105
2318,1847,31,48,114529.36,20241122
2319,1284,13,30,5203.46,20250515
2320,1446,30,42,3825.78,20251208
2321,1853,1,50,80271.1,20250420
2322,1298,10,52,19017.87,20240522
2323,2711,10,76,168.36,20260321
2324,1603,18,44,21274.53,20240117
2325,649,36,36,6626.05,20250205
2326,2965,28,21,1030.74,20250913
2327,1448,5,42,14567.4,20240302
2328,964,32,28,3078.31,20240524
2329,2587,9,40,10064.88,20241111
2330,2454,10,37,75769.67,20240504
2331,525,31,9,11146.59,20251206
2332,1009,12,42,7259.09,20250303
2333,2597,31,36,4559.72,20241116
2334,1357,9,42,30556.8,20260323
2335,2901,16,32,146247.64,20240822
2336,1284,7,50,8886.17,20240120
2337,2168,39,35,12660.34,20240324
2338,792,18,19,38711.37,20260307
2339,1941,19,1,4254.09,20240301
2340,1977,18,41,43384.08,20250927
2341,2197,21,25,14793.98,20250911
2342,249,13,68,98660.58,20241029
2343,1541,1,39,4954.39,20260320
2344,104,24,54,46551.2,20241030
2345,605,25,72,32647.37,20260305
2346,1287,26,36,49538.38,20260215
2347,2485,11,76,55873.43,20251224
2348,508,28,42,1681.74,20240118
2349,1292,25,71,40782.61,20240525
2350,1327,21,79,9804.46,20251023
2351,2317,3,66,77590.9,20241127
2352,541,5,18,11118.87,20251231
2353,2924,33,47,2493.94,20240616
2354,1408,32,52,7094.08,20250226
2355,2629,10,71,404.54,20250302
2356,652,36,34,66077.31,20250404
2357,2800,4,29,1272.4,20251022
2358,953,9,65,307.73,20240812
2359,2599,2,66,39431.08,20260213
2360,2928,36,9,7891.18,20251116
2361,856,1,63,24814.8,20240206
2362,2383,33,22,42576.4,20240323
2363,31,40,37,47661.18,20250703
2364,1591,4,26,67195.26,20250607
2365,1340,26,16,53316.17,20240719
2366,2472,33,52,7323.1,20250401
2367,1588,14,26,44028.16,20240212
2368,2826,38,39,115641.33,20241101
2369,2565,9,33,2372.52,20251025
2370,51,10,24,86442.92,20241113
2371,1592,30,51,3888.94,20260107
2372,1967,19,32,118001.62,20250518
2373,128,1,36,51227.77,20240101
2374,2985,11,13,37110.14,20250125
2375,782,24,10,6152.7,20251023
2376,1219,8,39,50680.96,20240123
2377,839,17,4,5623.15,20260330
2378,353,30,75,955.45,20240425
2379,2879,5,20,25485.09,20240124
2380,1546,20,64,28470.51,20251125
2381,717,37,6,16693.8,20250226
2382,2908,22,62,76957.17,20241014
2383,2750,23,25,65145.58,20240125
2384,2664,24,73,3479.41,20240102
2385,2002,4,37,11399.42,20251220
2386,1869,35,21,533.24,20250111
2387,2975,10,42,3327.15,20250115
2388,1646,23,38,8436.53,20250817
2389,2026,27,47,16377.44,20260208
2390,564,23,60,2185.69,20240916
2391,673,22,65,117981.43,20251127
2392,2592,11,74,12176.45,20250707
2393,844,26,11,4888.44,20260322
2394,2229,34,14,17674.1,20250528
2395,2723,15,43,20525.26,20250717
2396,1530,26,67,2636.9,20260119
2397,1672,7,29,48479.28,20241225
2398,772,33,14,40241.15,20251211
2399,2847,16,52,3020.98,20240314
2400,2615,40,25,66892.4,20250708
2401,496,1,10,1227.08,20241029
2402,1729,26,2,24007.54,20240501
2403,1536,3,55,59028.01,20250201
2404,2602,3,63,96659.8,20250504
2405,128,5,61,60499.39,20241225
2406,402,38,80,11540.85,20260227
2407,2009,25,5,19007.89,20251202
2408,1946,8,12,11626.69,20240329
2409,2586,30,49,23404.21,20260102
2410,141,36,58,4379.3,20250425
2411,43,38,4,99783.24,20240407
2412,743,37,50,7222.02,20250529
2413,1038,34,63,3303.14,20240219
2414,667,14,77,72669.63,20241027
2415,635,5,26,6974.24,20251204
2416,1587,12,49,2482.61,20240106
2417,1393,38,64,36970.92,20240816
2418,476,18,18,3597.76,20251218
2419,2306,19,64,3727.75,20250911
2420,85,24,70,3992.25,20250316
2421,1143,28,9,8663.18,20240204
2422,1465,33,32,11543.22,20251111
2423,354,13,58,692.95,20240614
2424,1958,24,24,1929.25,20240926
2425,163,25,19,8558.49,20250727
2426,1601,26,8,14991.11,20251219
2427,2149,38,68,12033.22,20240425
2428,1309,31,28,37097.95,20240520
2429,1961,29,23,54802.73,20250504
2430,2218,5,19,8742.46,20251004
2431,279,5,73,4303.44,20240528
2432,1694,24,29,23530.09,20260210
2433,1769,33,42,72830.89,20260209
2434,2976,26,58,23596.48,20251118
2435,522,33,53,128728.42,20240818
2436,1179,5,56,23100.55,20250617
2437,2301,37,19,24018.82,20240308
2438,1151,22,39,44973.01,20250206
2439,1925,25,76,3065.95,20241111
2440,2455,37,18,74259.05,20250911
2441,2006,35,67,1751.67,20251209
2442,2577,2,35,102077.56,20240914
2443,1283,21,31,9322.07,20240821
2444,786,34,53,44864.65,20241109
2445,2744,40,18,32405.31,20250310
2446,1481,36,42,3659.52,20251203
2447,2131,7,38,123743.98,20250818
2448,2595,12,64,1108.1,20260319
2449,2938,9,73,1303.61,20250510
2450,1044,17,16,89863.12,20240529
2451,14,11,33,12383.6,20250206
2452,2391,33,73,7366.65,20250717
2453,1752,32,77,4384.21,20240222
2454,1283,14,24,9789.18,20250131
2455,224,15,9,1870.54,20260331
2456,1100,16,13,13787.93,20250702
2457,2321,17,15,4495.41,20251107
2458,1136,18,31,14675.71,20260106
2459,2338,36,46,1180.14,20250910
2460,2393,15,22,843.34,20250720
2461,72,6,74,3843.98,20250923
2462,1992,22,32,147227.42,20241003
2463,2497,23,23,4808.98,20250415
2464,979,28,75,1469.41,20240104
2465,875,25,11,130446.64,20250401
2466,616,25,79,14392.29,20250329
2467,1113,27,63,1322.37,20260222
2468,1403,32,65,15896.96,20250620
2469,2485,29,19,70427.09,20250328
2470,2799,26,27,50071.52,20251216
2471,1123,31,38,60847.53,20250218
2472,100,37,32,1959.28,20250425
2473,90,23,47,38918.44,20260330
2474,2967,28,12,1286.92,20250322
2475,1103,17,62,5471.05,20240822
2476,2642,34,26,17640.62,20250822
2477,197,6,21,117520.22,20250108
2478,206,38,68,51158.75,20250720
2479,581,18,24,78903.11,20241027
2480,2133,40,12,2106.38,20240619
2481,721,1,61,26779.05,20251101
2482,71,13,78,17950.98,20240829
2483,1103,12,69,10053.66,20240413
2484,1512,10,69,3917.39,20250720
2485,1334,18,66,23423.49,20240109
2486,1614,6,7,8012.78,20240228
2487,991,24,74,863.96,20240515
2488,718,16,21,56026.22,20250410
2489,1546,9,37,118086.77,20240309
2490,2776,36,70,88756.1,20250516
2491,2652,23,78,135543.05,20250422
2492,1660,34,53,113386.26,20260206
2493,518,14,10,42736.44,20250526
2494,474,27,49,149312.9,20241101
2495,1289,2,28,5193.25,20240125
2496,603,38,18,15613.91,20260207
2497,68,29,33,34727.06,20240525
2498,1906,14,60,6589.35,20251230
2499,1006,7,38,2137.42,20240222
2500,1584,28,10,360.28,20250421
2501,2260,31,9,58213.63,20250608
2502,2076,22,13,6963.32,20241113
2503,1105,23,66,15014.59,20250729
2504,99,22,79,101987.69,20250115
2505,1168,34,75,65100.35,20241130
2506,1997,33,5,4429.31,20260215
2507,2073,27,20,59649.83,20250802
2508,1802,18,19,5622.13,20260101
2509,382,18,51,15361.12,20240720
2510,50,13,54,305.27,20241106
2511,622,37,33,45176.35,20260329
2512,670,17,62,20073.71,20240308
2513,2756,6,59,21432.08,20240618
2514,1921,17,74,9635.18,20250116
2515,1355,21,68,46094.4,20260129
2516,2416,18,77,13521.16,20260103
2517,1778,22,66,1208.37,20240123
2518,1658,38,76,42415.58,20260111
2519,437,36,29,65125.53,20240920
2520,1902,7,70,4415.66,20240911
2521,1638,22,39,6081.9,20260130
2522,1971,5,41,23187.06,20250930
2523,631,2,43,7098.73,20250318
2524,1993,32,51,679.31,20240829
2525,964,5,79,4673.56,20250316
2526,1340,6,13,30208.35,20250904
2527,35,7,55,11173.27,20260125
2528,2857,4,1,13552.14,20260323
2529,1194,24,46,970.11,20240516
2530,1269,3,75,31377.62,20240618
2531,1,13,22,79113.85,20250921
2532,441,12,38,127144.82,20250517
2533,2510,13,9,128790.48,20240314
2534,645,33,13,98801.81,20240923
2535,1163,15,44,9490.77,20251206
2536,1470,20,38,57118.16,20250408
2537,1267,14,31,74336.05,20240828
2538,151,18,76,39333.72,20240607
2539,517,19,10,823.63,20250404
2540,1311,31,56,11785.13,20251205
2541,2738,36,76,2891.06,20251021
2542,1939,24,21,75307.71,20240802
2543,201,23,33,44893.52,20240308
2544,1899,26,42,3611.87,20250524
2545,2898,21,73,37277.42,20241130
2546,673,27,12,5557.9,20260313
2547,607,27,18,13257.29,20241208
2548,1139,12,54,2612.64,20250522
2549,1478,40,48,92732.33,20251008
2550,2053,30,19,1038.32,20250509
2551,2069,31,51,10524.98,20260124
2552,2508,32,6,19875.81,20250919
2553,2242,33,59,145338.53,20250828
2554,1669,5,61,34853.79,20240119
2555,2343,35,41,18616.44,20250915
2556,1230,3,30,4846.54,20240928
2557,18,3,29,5455.77,20240928
2558,1762,38,10,51067.4,20240103
2559,1708,39,40,64695.66,20250713
2560,2377,40,71,106230.85,20250523
2561,1594,22,23,11915.45,20240828
2562,2807,22,32,3314.9,20240115
2563,2995,3,38,201.39,20240512
2564,836,24,13,74024.83,20250312
2565,2833,5,10,5332.89,20250709
2566,982,6,35,17527.81,20240104
2567,1383,7,69,13502.81,20250407
2568,2737,6,46,86401.35,20250507
2569,776,17,3,31493.01,20250201
2570,354,11,19,124568.79,20260323
2571,2191,11,45,3244.76,20251207
2572,1772,12,66,5762.53,20250202
2573,2544,38,9,47606.8,20240713
2574,2025,30,50,4189.1,20260310
2575,172,15,25,77460.76,20240722
2576,2723,22,54,68941.78,20240118
2577,350,17,13,116380.46,20250419
2578,478,31,64,87666.84,20260223
2579,1396,19,5,79710.18,20260113
2580,1744,20,14,30278.47,20250703
2581,561,25,20,14146.68,20251111
2582,305,24,10,41453.0,20250225
2583,1667,23,37,5317.39,20241103
2584,563,39,77,22988.36,20240405
2585,1083,21,16,7569.38,20240407
2586,323,26,36,48230.85,20250819
2587,2218,6,71,68110.04,20250717
2588,1218,20,13,133139.05,20250713
2589,1278,27,12,117799.25,20240211
2590,561,30,76,4766.67,20240223
2591,175,24,52,13712.61,20250503
2592,2421,16,11,623.77,20240611
2593,2331,7,3,3357.32,20251026
2594,519,34,66,1170.25,20251226
2595,2792,18,74,4949.27,20240106
2596,244,40,50,41948.96,20240831
2597,1411,37,76,66876.9,20241026
2598,1104,38,16,18259.55,20241021
2599,2039,39,15,5472.49,20250911
2600,1037,37,24,96795.86,20260203
2601,1020,1,6,2839.56,20251118
2602,191,26,18,4990.91,20260201
2603,2354,3,27,55951.38,20240425
2604,1694,4,27,4166.86,20240115
2605,2655,24,42,38769.88,20260111
2606,2787,6,26,7885.13,20250615
2607,771,16,63,4532.24,20241227
2608,201,8,56,14288.0,20250323
2609,245,34,38,40618.66,20260311
2610,577,10,23,73742.57,20241021
2611,2170,11,59,15496.54,20250429
2612,1841,12,36,6412.32,20240817
2613,658,29,18,4821.19,20241003
2614,1991,36,66,11934.11,20251022
2615,1519,7,35,2641.58,20260108
2616,1654,16,73,16089.5,20260203
2617,1033,36,79,5203.9,20241016
2618,750,34,1,123869.3,20250626
2619,2825,27,73,19193.12,20241201
2620,768,20,40,1020.45,20240717
2621,2402,21,52,5397.77,20241005
2622,394,40,26,93478.04,20241231
2623,1462,16,69,1691.1,20241210
2624,2304,24,10,7904.11,20250317
2625,948,3,27,11520.6,20240520
2626,298,26,71,73606.78,20260126
2627,879,27,13,113396.03,20240814
2628,1676,28,36,31518.33,20250824
2629,383,16,79,17851.13,20240802
2630,2451,16,6,558.2,20240913
2631,685,1,63,3476.08,20250708
2632,410,32,75,123443.9,20241204
2633,1,23,46,4631.57,20241011
2634,111,37,3,92317.29,20240617
2635,960,12,26,23912.81,20240609
2636,1888,36,58,45693.81,20241029
2637,483,14,47,3131.37,20240202
2638,631,11,61,67605.98,20250318
2639,144,27,14,1106.72,20250118
2640,300,40,14,62331.32,20240804
2641,1091,36,68,4970.51,20240619
2642,1352,11,77,18030.01,20250822
2643,1840,40,57,3336.53,20240808
2644,878,2,26,38571.89,20250912
2645,2194,6,75,58419.45,20260302
2646,221,6,69,4003.35,20240509
2647,2661,9,7,2844.32,20250208
2648,518,8,7,4005.96,20240825
2649,304,9,71,13016.24,20250710
2650,384,10,43,30433.4,20250704
2651,181,14,18,15213.5,20240701
2652,2122,12,57,3524.0,20240401
2653,2240,13,42,36659.18,20251011
2654,1384,14,2,41402.5,20241009
2655,100,2,11,11854.26,20251208
2656,2610,6,25,20625.95,20260130
2657,1799,35,48,4770.13,20240410
2658,2478,18,20,12024.52,20260205
2659,472,33,38,6600.46,20251119
2660,2236,39,74,4651.26,20240328
2661,2140,5,20,2436.21,20250517
2662,2054,3,41,66826.78,20241022
2663,1781,3,77,7564.24,20250603
2664,1007,22,12,1039.14,20240924
2665,2172,25,49,3647.11,20241008
2666,612,33,30,35982.5,20250226
2667,1500,11,74,44978.39,20240220
2668,2926,28,61,11214.4,20250719
2669,1681,40,72,6694.25,20240903
2670,70,34,24,100351.84,20260316
2671,193,26,33,416.12,20241001
2672,2168,17,34,2923.16,20250723
2673,2042,16,67,46060.83,20250430
2674,769,5,52,33356.59,20260221
2675,269,35,52,29825.04,20251120
2676,700,20,53,108127.4,20260113
2677,1720,9,48,16894.46,20240905
2678,1269,17,11,8902.34,20240416
2679,1195,25,21,133547.75,20250203
2680,1191,3,24,18949.76,20250117
2681,2768,35,24,122525.67,20260108
2682,96,31,49,3683.41,20260116
2683,1191,34,65,35839.37,20241013
2684,447,36,65,11808.52,20260118
2685,1359,9,60,3979.87,20241009
2686,2760,3,38,128127.94,20240304
2687,979,7,28,14903.76,20241025
2688,796,17,76,146065.15,20241229
2689,1617,10,14,106134.15,20240505
2690,1863,8,70,12093.12,20250906
2691,988,13,64,9490.39,20240722
2692,1324,3,53,37511.91,20251021
2693,2507,32,42,87079.94,20240326
2694,1668,34,2,2334.31,20250527
2695,109,2,76,109469.8,20240801
2696,459,39,68,7024.48,20250228
2697,1368,32,34,30081.91,20250121
2698,491,27,1,12522.57,20250902
2699,1507,23,18,108415.7,20250205
2700,291,34,74,2067.53,20250910
2701,926,21,68,2523.99,20241026
2702,2403,22,53,1780.46,20240128
2703,646,39,78,17795.05,20260110
2704,1849,24,44,3070.35,20240902
2705,150,19,17,1996.52,20240918
2706,176,2,44,10954.05,20260204
2707,1756,3,67,2512.64,20250208
2708,1748,2,6,2772.0,20240511
2709,2131,24,50,70612.18,20240226
2710,112,30,10,134990.15,20240331
2711,410,14,33,112896.8,20240805
2712,2086,28,74,5981.13,20250316
2713,1739,10,80,9965.03,20250511
2714,1190,3,15,147909.58,20240927
2715,21,29,25,1589.63,20250721
2716,2733,34,18,5178.16,20250503
2717,2643,8,7,1399.35,20240827
2718,2831,39,7,13507.0,20250407
2719,2380,19,37,6155.4,20250801
2720,2928,17,75,43631.14,20240117
2721,2893,27,80,35214.13,20250904
2722,2691,2,71,125049.11,20260310
2723,2990,30,12,118734.3,20260202
2724,1500,37,32,6263.18,20250702
2725,1206,5,65,6941.9,20240415
2726,797,13,14,47711.12,20260322
2727,1206,28,52,67938.98,20240816
2728,1671,2,72,92780.34,20240226
2729,483,27,4,859.5,20251017
2730,1268,15,67,42608.9,20240809
2731,2714,24,32,48651.66,20251117
2732,72,19,1,3201.2,20250728
2733,483,37,79,19220.4,20251110
2734,604,23,70,7156.12,20250716
2735,383,25,74,8965.84,20240929
2736,299,14,2,5826.04,20251007
2737,403,10,25,41144.68,20250312
2738,493,18,25,6617.05,20241210
2739,986,20,66,48441.79,20240601
2740,121,11,62,75498.91,20240211
2741,2105,26,50,104.79,20251114
2742,1586,5,11,79883.26,20240429
2743,105,23,9,66073.53,20241208
2744,2656,24,38,8389.37,20250918
2745,1317,25,53,29511.16,20260125
2746,803,29,53,69717.39,20250618
2747,904,18,3,1480.83,20250112
2748,1154,4,58,7169.09,20250905
2749,1687,39,18,3657.5,20260220
2750,378,32,61,879.52,20260328
2751,2316,39,9,13923.26,20240613
2752,2764,5,25,22955.56,20250620
2753,366,21,46,20199.98,20240825
2754,446,6,60,20196.39,20250214
2755,2778,35,78,25385.13,20240617
2756,897,16,66,5034.83,20240425
2757,2237,23,49,16750.4,20250522
2758,305,35,38,1032.9,20250403
2759,2974,38,42,24844.9,20240220
2760,1205,7,56,2971.92,20250209
2761,969,17,14,34886.51,20240224
2762,581,32,66,81151.74,20240420
2763,58,6,63,73637.79,20240317
2764,420,17,67,10956.76,20240705
2765,1394,32,78,3846.58,20250713
2766,949,35,32,50402.39,20250312
2767,2227,21,53,4255.57,20240630
2768,1842,2,64,5738.6,20250809
2769,1756,8,59,11119.67,20251013
2770,2034,10,52,3530.55,20250216
2771,64,1,49,15707.77,20240530
2772,701,12,45,803.78,20251105
2773,1612,24,2,81192.08,20240329
2774,430,26,73,8547.04,20250403
2775,2668,12,10,14783.55,20250619
2776,1630,39,6,38036.73,20250804
2777,2793,17,56,49297.45,20260302
2778,2240,11,17,99164.96,20241022
2779,139,15,70,102253.82,20260328
2780,2936,33,38,19512.68,20250904
2781,1384,40,66,1560.87,20250912
2782,345,22,58,52213.7,20251024
2783,147,29,12,2586.92,20260208
2784,2229,25,62,18511.16,20240828
2785,765,25,79,45445.26,20251103
2786,320,5,60,55737.01,20260309
2787,1575,40,74,9546.05,20250519
2788,631,9,41,10363.21,20260105
2789,157,35,41,11747.68,20250520
2790,763,16,48,512.77,20251020
2791,2718,24,50,10737.02,20240131
2792,2809,3,4,11187.64,20241205
2793,721,22,48,922.81,20250708
2794,1611,26,26,30893.48,20250620
2795,1205,35,32,1829.8,20250918
2796,2360,26,29,3449.28,20260127
2797,423,11,34,45963.66,20250809
2798,765,22,62,56335.19,20241201
2799,1594,39,74,73546.54,20241217
2800,908,15,44,35273.86,20250826
2801,1516,1,65,12354.78,20251203
2802,1513,32,67,11418.7,20250204
2803,1329,3,42,144313.67,20250726
2804,1072,4,25,11822.05,20241021
2805,2767,37,10,52109.58,20240502
2806,1984,6,26,4578.01,20250905
2807,2384,7,5,16743.98,20241207
2808,1616,21,38,67892.21,20240803
2809,829,9,23,33977.94,20241201
2810,1719,34,13,3134.96,20240807
2811,1300,11,80,4014.14,20250403
2812,2856,7,37,114374.94,20240602
2813,727,40,68,7639.41,20241228
2814,1937,39,17,3510.79,20250620
2815,532,15,66,132.96,20250104
2816,1427,9,43,11377.19,20260224
2817,1754,21,75,65682.34,20260305
2818,1843,18,39,6817.18,20260211
2819,1384,18,70,15366.43,20251224
2820,1490,21,79,11260.43,20250308
2821,1248,8,11,3488.85,20240511
2822,558,1,6,19715.03,20240127
2823,1526,38,30,19557.23,20241110
2824,2633,8,42,76884.6,20240514
2825,1328,3,67,9239.87,20240106
2826,2276,7,37,102344.32,20250311
2827,2150,25,76,26327.22,20250616
2828,591,15,55,149363.05,20250517
2829,1807,19,53,136852.94,20260318
2830,1501,11,48,15064.55,20240512
2831,2154,31,23,3928.11,20240312
2832,548,32,9,4057.87,20240418
2833,2643,33,40,1080.89,20240526
2834,34,34,32,32038.53,20250121
2835,836,30,45,5616.61,20240612
2836,1932,6,59,8455.18,20260224
2837,1967,17,47,64019.22,20241224
2838,556,37,5,52080.09,20250510
2839,2093,30,49,17951.05,20240402
2840,1608,40,24,23081.67,20240414
2841,1921,1,59,144845.58,20251022
2842,2938,37,75,45781.75,20260317
2843,1335,3,20,76751.83,20240130
2844,877,11,13,144175.06,20250921
2845,2397,5,39,16088.36,20251104
2846,969,21,47,2810.37,20240527
2847,833,20,35,3967.82,20250707
2848,2641,32,29,2882.05,20260112
2849,1013,37,43,65618.14,20241023
2850,2041,8,24,132506.31,20250814
2851,1798,11,74,98468.96,20250819
2852,228,39,60,38010.63,20240614
2853,461,13,42,18257.94,20260106
2854,2126,14,20,2939.93,20250725
2855,404,15,47,12372.49,20260209
2856,223,12,5,114796.4,20260113
2857,2003,30,67,32572.08,20250721
2858,1796,14,48,8082.82,20250805
2859,2611,4,6,6003.1,20240830
2860,968,6,74,6300.28,20241105
2861,273,11,27,61695.44,20250416
2862,94,37,22,136810.17,20240405
2863,99,23,26,15110.93,20251110
2864,2095,24,79,1458.2,20260122
2865,1703,6,27,73374.08,20250813
2866,472,26,7,10247.37,20250915
2867,849,27,59,14769.23,20240428
2868,572,28,78,9597.78,20251107
2869,1650,29,24,13695.04,20250126
2870,131,22,68,15393.86,20260108
2871,2552,14,5,141212.31,20240721
2872,1558,35,2,9006.37,20250317
2873,1235,7,20,39150.74,20251112
2874,1166,34,72,3465.92,20240402
2875,1381,37,42,101295.29,20240523
2876,1539,36,76,835.63,20241020
2877,1434,5,1,57546.93,20250110
2878,2443,38,64,113037.53,20250805
2879,1859,39,36,11869.08,20240822
2880,2252,24,50,36789.66,20250102
2881,869,17,10,62192.91,20240513
2882,221,24,79,1000.09,20250508
2883,2027,3,22,40948.29,20250724
2884,2945,6,56,100525.22,20250329
2885,1689,5,17,17308.3,20240123
2886,1403,11,1,8434.66,20240419
2887,133,7,16,3535.88,20241019
2888,2034,29,48,9625.92,20250219
2889,2552,9,57,17914.33,20241111
2890,1524,10,23,13702.84,20241222
2891,561,17,60,1331.28,20240418
2892,2274,12,16,553.27,20240215
2893,110,27,71,2716.92,20240731
2894,1132,6,63,591.85,20250212
2895,2230,15,13,36785.4,20240213
2896,2428,16,14,2294.03,20240531
2897,346,17,6,10860.25,20250419
2898,221,15,43,9332.78,20240909
2899,1480,18,63,77658.15,20241021
2900,717,20,26,19962.09,20250214
2901,745,34,46,1244.01,20250321
2902,2442,22,4,75368.09,20250315
2903,1368,23,26,35664.53,20240106
2904,1042,26,56,72335.38,20250326
2905,263,9,61,2039.2,20250822
2906,1651,7,40,1449.18,20240929
2907,278,4,58,9775.73,20240126
2908,510,3,3,9970.25,20250423
2909,2262,29,73,96123.4,20250710
2910,1022,5,41,69326.09,20241118
2911,2494,38,39,8172.27,20250917
2912,2483,32,29,126822.52,20250208
2913,1799,27,49,19899.78,20250827
2914,419,25,13,92350.46,20241026
2915,202,37,35,4717.53,20241020
2916,1321,14,66,1243.16,20240627
2917,2329,40,58,12104.87,20250819
2918,677,9,4,8972.48,20240927
2919,1888,35,22,80744.9,20250611
2920,649,2,34,2235.94,20240226
2921,343,1,79,17067.58,20250712
2922,2395,10,15,86684.18,20250531
2923,2994,33,76,78200.85,20240123
2924,126,5,70,13989.25,20250604
2925,2192,5,16,136241.27,20241107
2926,2138,15,74,143084.41,20241230
2927,1793,35,23,146427.49,20250117
2928,2213,8,61,12366.18,20240922
2929,737,25,73,57319.76,20240405
2930,375,6,21,27466.68,20250216
2931,2419,11,22,13473.86,20251121
2932,2068,12,51,107153.6,20250727
2933,1955,4,35,18893.77,20251117
2934,2923,14,12,71072.16,20240822
2935,1750,15,71,8758.69,20241229
2936,2762,36,72,967.44,20241017
2937,1451,17,59,1733.2,20250121
2938,2745,12,38,16058.35,20251105
2939,2876,40,49,106287.33,20250307
2940,1085,28,4,8655.18,20260107
2941,622,21,2,54914.11,20241115
2942,1581,22,46,11436.25,20240414
2943,1666,23,70,15320.96,20251007
2944,910,24,52,101.68,20250810
2945,2516,25,56,3513.77,20240821
2946,1965,26,68,4926.56,20250208
2947,1741,27,9,98252.52,20240310
2948,463,16,46,27492.48,20240807
2949,838,7,30,103212.61,20240616
2950,2,16,6,81764.35,20250221
2951,387,2,22,61758.28,20250607
2952,1238,17,16,4541.5,20241012
2953,2664,33,25,32656.99,20241121
2954,2324,5,61,4830.4,20260317
2955,268,9,34,4493.22,20260204
2956,2239,35,70,89971.22,20260210
2957,2258,37,35,104089.55,20250417
2958,2118,7,29,38213.82,20250227
2959,2567,17,70,75083.15,20250207
2960,2529,16,75,12521.13,20250705
2961,1804,33,49,110542.31,20250716
2962,1341,17,41,60605.54,20240402
2963,553,12,8,2549.04,20250920
2964,2855,3,45,4973.95,20240909
2965,1731,4,30,444.88,20240321
2966,2275,14,54,89916.27,20260228
2967,2653,7,66,30577.79,20251227
2968,2456,8,63,5568.15,20250116
2969,2688,20,18,6849.06,20250831
2970,1025,10,38,44776.46,20250817
2971,1123,36,79,14980.96,20251129
2972,205,28,34,8911.13,20250224
2973,1273,24,63,6076.63,20260320
2974,2340,20,41,64189.18,20240130
2975,2493,15,17,1042.21,20250602
2976,1058,25,17,4299.48,20250113
2977,2870,17,14,62781.85,20241210
2978,2492,4,2,102241.12,20250910
2979,486,19,38,3625.15,20240710
2980,1852,31,61,77245.92,20260328
2981,1295,25,4,35092.71,20260221
2982,2905,6,48,2041.77,20241014
2983,2185,25,8,12414.0,20240914
2984,62,24,76,91498.66,20250703
2985,2913,36,17,19648.58,20250507
2986,2367,23,57,70596.41,20240626
2987,1828,27,53,111787.26,20241006
2988,1741,28,15,130856.43,20251015
2989,1030,29,62,9010.34,20250625
2990,2853,25,69,4191.66,20241220
2991,2604,31,34,7456.86,20241224
2992,506,15,65,3447.6,20240510
2993,1100,33,55,105559.34,20250105
2994,1169,22,19,59715.4,20250111
2995,457,35,25,68413.25,20240319
2996,1170,40,63,18725.77,20250403
2997,1847,26,27,115347.18,20240327
2998,2628,11,63,3356.04,20251022
2999,2208,11,10,7302.88,20250722
3000,2684,5,78,1832.79,20240113
3001,1045,13,5,14472.43,20240212
3002,941,35,65,9524.33,20260322
3003,1356,20,2,5701.92,20240822
3004,2599,33,9,103082.78,20251217
3005,1174,5,55,77270.41,20250601
3006,1041,6,47,19783.52,20241012
3007,2178,7,69,54045.38,20240224
3008,2469,29,71,3473.33,20250501
3009,2667,21,31,803.61,20251203
3010,1870,33,33,36033.27,20250703
3011,2327,38,68,3703.17,20250929
3012,2829,20,41,11869.76,20260221
3013,1964,13,58,2936.0,20240516
3014,150,39,70,1343.59,20240826
3015,1097,15,27,10946.62,20240628
3016,1842,16,31,53652.31,20250829
3017,619,36,64,2883.26,20240415
3018,2321,18,23,6486.56,20240609
3019,2916,14,22,17405.21,20240220
3020,62,20,23,2861.97,20240429
3021,2139,28,49,2937.02,20251209
3022,2081,39,72,322.02,20240131
3023,46,19,25,3602.84,20240504
3024,1183,24,31,1980.21,20240405
3025,2662,25,11,26702.22,20241122
3026,1977,26,71,10451.53,20240218
3027,1674,38,41,1055.44,20241112
3028,70,26,24,1179.95,20240722
3029,1350,38,49,45036.94,20241012
3030,81,3,56,128431.85,20241205
3031,1598,6,10,19462.66,20251115
3032,1520,32,12,108693.46,20250206
3033,1156,33,58,57805.97,20240818
3034,2516,38,35,1687.26,20250212
3035,2520,35,72,81026.39,20250619
3036,829,36,19,37242.24,20250715
3037,2313,11,50,8480.14,20250804
3038,2163,38,56,79684.73,20240116
3039,2318,39,68,46656.56,20251012
3040,1492,40,76,11942.25,20240315
3041,318,25,3,4021.9,20250409
3042,357,2,46,50777.18,20240123
3043,2139,12,49,130405.12,20251008
3044,2267,37,48,37024.36,20240321
3045,1889,33,41,4709.65,20260313
3046,1192,9,63,2356.8,20250412
3047,306,7,71,6391.35,20240708
3048,2920,9,56,5966.45,20250915
3049,2471,22,66,22066.11,20240524
3050,2897,17,47,1951.74,20240224
3051,2268,19,48,110033.49,20240417
3052,1307,33,17,12668.15,20240216
3053,518,24,64,101545.7,20240524
3054,204,14,52,85526.49,20240119
3055,1680,15,7,4634.17,20241216
3056,1141,31,23,42318.02,20240519
3057,2503,18,1,3281.37,20250727
3058,2671,34,24,2245.43,20250616
3059,1854,19,18,56663.55,20260104
3060,1529,20,9,1913.52,20250709
3061,2628,4,12,12008.22,20250729
3062,2501,22,60,2914.37,20240102
3063,353,28,11,19630.57,20251103
3064,1805,24,73,89520.31,20240820
3065,1894,25,56,1078.09,20240203
3066,19,17,12,6621.25,20240116
3067,2302,19,30,9036.03,20241115
3068,1919,36,74,16050.25,20250618
3069,1412,29,33,132476.59,20250226
3070,474,6,80,114829.44,20260223
3071,829,35,11,13959.74,20250430
3072,290,32,43,137220.55,20260112
3073,2300,26,29,19293.76,20260304
3074,874,24,57,10154.06,20241030
3075,1382,10,54,88122.33,20240904
3076,2236,28,58,1679.27,20241006
3077,2940,20,70,49121.45,20240812
3078,725,15,49,3733.25,20241106
3079,2213,39,43,35441.91,20240521
3080,1134,26,47,7237.23,20250330
3081,328,26,21,100583.7,20241226
3082,40,35,43,93394.24,20260116
3083,2577,2,77,13749.68,20250520
3084,342,30,65,17844.92,20240412
3085,79,5,38,2326.57,20251204
3086,2813,11,4,108657.03,20240225
3087,958,18,11,113221.28,20250114
3088,2732,8,57,79865.82,20240325
3089,1464,4,2,94407.1,20250802
3090,2866,6,41,69494.87,20260216
3091,750,23,76,1752.58,20260106
3092,1392,12,37,77220.09,20250924
3093,410,13,17,114747.54,20250519
3094,1450,38,47,97344.86,20240220
3095,270,15,51,13788.37,20251113
3096,886,1,27,14403.5,20250928
3097,1427,17,5,2811.09,20241011
3098,2506,19,9,75693.07,20250602
3099,2513,15,44,45707.08,20251003
3100,2235,16,48,100157.93,20240627
3101,1481,3,8,64260.79,20240216
3102,2366,22,3,19293.21,20250806
3103,241,23,50,94255.08,20250714
3104,2849,31,65,82075.08,20240215
3105,2936,14,25,83632.2,20240508
3106,2380,24,29,130276.15,20241110
3107,1878,11,43,1038.91,20250517
3108,2593,1,10,1957.94,20240613
3109,1283,29,51,3975.23,20250123
3110,2201,30,75,26440.18,20250415
3111,2346,10,29,9788.31,20251108
3112,286,32,5,1607.8,20240407
3113,2773,33,32,25178.4,20250307
3114,2277,33,33,76827.6,20250707
3115,363,29,29,168.33,20240429
3116,1154,22,59,3119.7,20240107
3117,2280,35,58,11559.32,20250730
3118,360,38,76,103007.97,20240709
3119,191,39,31,6577.85,20250208
3120,35,10,59,13585.21,20240702
3121,319,1,60,1833.24,20240710
3122,5,8,12,10728.64,20240509
3123,2924,1,24,16916.15,20240819
3124,406,39,22,37358.68,20240621
3125,510,32,1,31442.87,20250621
3126,436,33,56,2871.16,20250320
3127,2254,38,41,89618.97,20241206
3128,1927,8,13,117451.21,20251207
3129,2904,9,44,8784.18,20240215
3130,2865,14,9,2445.88,20260222
3131,634,38,62,78431.71,20250915
3132,1359,20,7,65277.94,20241009
3133,689,31,21,19910.86,20240521
3134,876,35,17,7422.95,20250718
3135,243,15,36,762.82,20240608
3136,2683,16,17,58985.69,20241012
3137,1727,24,74,15081.57,20240308
3138,42,1,17,112370.22,20251218
3139,1135,10,29,76451.22,20240221
3140,2040,9,14,739.86,20250325
3141,170,9,65,1927.36,20240717
3142,1668,22,26,36344.65,20240218
3143,1411,39,30,82179.65,20240228
3144,1630,7,79,79399.35,20241230
3145,291,11,77,1198.8,20260225
3146,304,25,78,36178.29,20251203
3147,2385,34,28,103411.47,20240611
3148,1080,28,70,4726.15,20240130
3149,1606,29,73,8958.82,20250131
3150,486,1,65,65109.38,20240726
3151,1510,27,51,6136.49,20250724
3152,1570,32,51,144026.07,20240211
3153,1613,4,39,2140.2,20250608
3154,1044,3,57,6095.32,20260220
3155,2806,13,29,8134.57,20240720
3156,1239,25,22,74188.19,20240109
3157,1579,37,16,44670.46,20240621
3158,1048,38,53,27163.83,20240530
3159,1408,36,42,4606.21,20260126
3160,2782,33,6,81147.23,20240413
3161,2815,40,53,3701.27,20250831
3162,1275,6,77,12969.67,20260111
3163,904,3,44,108750.78,20240926
3164,1154,12,47,4448.07,20260107
3165,922,5,26,6105.39,20240829
3166,318,6,47,97261.1,20240903
3167,1532,18,48,10240.41,20240129
3168,2826,18,64,121187.06,20250203
3169,2404,18,43,12144.92,20250215
3170,1789,31,35,32036.95,20240902
3171,2436,25,9,70265.7,20260115
3172,519,12,44,4568.12,20241014
3173,2858,37,43,6179.15,20250702
3174,2081,14,44,139218.45,20241109
3175,585,24,74,62031.34,20250902
3176,745,16,31,6559.05,20250402
3177,560,17,76,54930.84,20241009
3178,502,19,7,1401.91,20250129
3179,801,19,21,104586.47,20250820
3180,1298,14,8,16423.27,20241104
3181,2695,15,14,93654.26,20240813
3182,2811,32,68,1419.83,20251023
3183,493,23,71,18435.17,20240525
3184,1151,14,47,32009.15,20250724
3185,1774,33,59,88955.8,20240629
3186,2665,32,7,54717.71,20251127
3187,671,2,68,2536.38,20251020
3188,605,28,57,16034.34,20260129
3189,1762,21,53,78885.63,20250814
3190,457,30,8,19623.44,20240104
3191,2869,10,57,111075.04,20251006
3192,1334,3,5,408.12,20250111
3193,2796,33,17,13890.85,20250510
3194,1897,13,16,28189.16,20241123
3195,929,8,28,1016.16,20241104
3196,2844,36,22,88781.26,20251004
3197,1549,23,20,24616.68,20240721
3198,2953,38,24,15623.53,20240629
3199,1009,24,79,114413.07,20250511
3200,2798,40,31,16631.32,20251106
3201,2840,29,30,3795.03,20251017
3202,2472,1,37,44713.53,20250618
3203,2841,15,46,4279.03,20251208
3204,1749,4,45,733.09,20250309
3205,201,30,6,56875.55,20240403
3206,2040,8,65,3624.13,20250913
3207,1562,7,2,67232.37,20240723
3208,409,36,29,2745.54,20250209
3209,750,32,56,55832.82,20251009
3210,1649,21,57,89437.21,20240921
3211,888,10,19,37033.14,20240802
3212,70,39,38,73973.2,20250604
3213,2295,37,20,149627.98,20241220
3214,1659,14,24,18397.87,20241228
3215,865,4,50,149077.36,20241211
3216,2958,16,9,4182.27,20251012
3217,1626,32,36,2704.71,20241005
3218,1989,15,72,16639.63,20240107
3219,2301,1,10,62912.77,20251030
3220,1644,33,37,3896.36,20240627
3221,1940,25,9,49801.02,20260107
3222,1951,22,41,87929.21,20260320
3223,714,5,48,93928.01,20260329
3224,1097,24,73,37108.93,20260107
3225,70,6,74,5619.28,20241005
3226,2421,36,64,9293.95,20240804
3227,1955,9,3,16194.64,20240302
3228,2731,28,80,41934.55,20240611
3229,2711,29,40,2345.32,20260116
3230,998,28,80,75560.06,20250808
3231,2652,3,73,80158.46,20250803
3232,676,31,30,9754.05,20240316
3233,760,33,50,64841.74,20260227
3234,2849,34,69,7445.35,20241213
3235,1722,14,74,81770.06,20250711
3236,376,25,43,20226.15,20250909
3237,2753,38,43,19128.21,20250608
3238,188,38,76,22488.11,20240528
3239,1430,25,35,31397.96,20240125
3240,1164,4,1,8882.57,20250412
3241,1902,20,70,2162.24,20250728
3242,2345,29,40,10180.03,20241031
3243,1580,28,5,36484.22,20240725
3244,95,23,41,131527.12,20240203
3245,2412,18,73,2404.27,20240208
3246,1808,6,73,12520.94,20250420
3247,1558,7,27,3178.39,20251213
3248,1909,12,48,10726.1,20250830
3249,660,14,55,2647.38,20250625
3250,1287,34,80,22607.81,20240321
3251,1374,23,37,68037.2,20260220
3252,1223,17,38,13320.45,20240910
3253,299,20,79,1606.22,20240920
3254,2413,14,78,2038.06,20250909
3255,1130,19,29,4185.54,20240921
3256,1081,16,72,134519.28,20250223
3257,2431,27,17,15957.81,20240218
3258,896,35,67,113983.5,20260110
3259,409,19,14,17233.61,20241003
3260,2339,4,23,119727.06,20260217
3261,178,20,67,4316.06,20260218
3262,2908,24,44,4257.97,20251007
3263,515,23,2,4021.73,20240515
3264,1773,25,9,36910.78,20250803
3265,2321,25,4,14608.92,20240816
3266,437,26,15,17996.16,20241230
3267,1366,23,68,115399.05,20250417
3268,2386,31,1,70908.82,20241204
3269,2350,5,34,75494.04,20240321
3270,1063,26,50,2807.5,20240712
3271,2221,4,27,514.75,20240816
3272,1669,32,18,13463.48,20240714
3273,1270,12,34,103099.06,20240718
3274,77,29,75,4554.29,20240420
3275,2764,26,70,10336.48,20251210
3276,2668,10,73,1457.37,20260321
3277,206,37,12,46390.06,20250819
3278,264,13,5,7134.16,20241019
3279,240,39,69,20587.95,20241122
3280,664,40,36,4741.52,20240616
3281,1837,11,26,8121.45,20240704
3282,2555,1,18,15010.74,20240605
3283,2350,14,27,2882.19,20250214
3284,809,4,60,28336.9,20240812
3285,504,28,59,28803.71,20251209
3286,1793,10,62,4670.79,20240111
3287,1292,7,8,99294.95,20260207
3288,863,8,23,25849.55,20250114
3289,1059,11,31,3700.11,20250723
3290,540,10,70,4034.99,20260103
3291,2382,2,12,7418.34,20260329
3292,2712,19,7,113300.91,20240616
3293,1695,17,70,386.6,20260109
3294,1951,32,42,114854.15,20240414
3295,2461,12,34,73809.6,20250929
3296,2219,16,57,6408.44,20251017
3297,2577,17,65,15878.09,20250425
3298,2453,18,75,18490.9,20241120
3299,2187,19,33,6393.88,20260215
3300,1014,13,58,11145.9,20240530
3301,764,21,11,120024.73,20240319
3302,2175,33,6,78449.48,20240502
3303,2265,40,7,3514.76,20251205
3304,1986,24,5,39081.1,20240220
3305,425,40,80,3031.49,20241226
3306,2451,8,64,110277.84,20240701
3307,2017,17,32,3866.94,20240525
3308,670,28,38,2832.03,20240705
3309,722,21,34,3314.67,20250119
3310,788,1,70,17641.87,20250126
3311,1206,2,40,20176.75,20241023
3312,2084,22,2,12768.65,20250526
3313,43,40,49,56290.37,20240619
3314,2508,21,25,10580.97,20240314
3315,2876,26,55,84588.58,20250930
3316,1297,18,24,40794.58,20250904
3317,1307,11,46,139766.65,20250430
3318,330,23,70,39969.42,20250304
3319,549,39,48,15631.99,20250911
3320,619,8,10,114266.61,20240610
3321,1682,1,20,110963.21,20260226
3322,2724,26,30,6696.05,20260214
3323,2950,27,23,5265.09,20251115
3324,737,4,49,113953.58,20251111
3325,2554,36,44,30141.84,20240922
3326,439,6,69,4293.37,20260111
3327,2190,15,21,6189.52,20250810
3328,725,7,23,66419.15,20240326
3329,2095,8,48,32908.49,20241030
3330,2226,32,52,852.9,20250321
3331,2388,11,42,72022.21,20240416
3332,1596,20,18,92315.36,20240229
3333,728,33,64,6067.05,20250201
3334,1002,34,42,102976.52,20250506
3335,1636,8,77,9929.28,20241015
3336,1214,8,79,14622.3,20240810
3337,594,17,25,14439.75,20250322
3338,262,18,21,6283.08,20251207
3339,462,19,63,52881.63,20240810
3340,2868,6,61,13838.51,20250804
3341,1665,39,79,78046.76,20260217
3342,396,33,26,69468.71,20250623
3343,234,23,56,3703.24,20240121
3344,2819,1,8,8491.52,20260125
3345,661,13,70,42392.43,20240720
3346,16,3,42,44511.77,20240408
3347,963,1,46,25261.46,20250626
3348,2523,28,73,56683.43,20250303
3349,1631,28,21,28118.21,20250406
3350,931,30,72,118317.25,20240906
3351,2497,14,28,134661.84,20250528
3352,342,8,70,2096.79,20260203
3353,430,33,71,43014.31,20250410
3354,4,13,20,77384.92,20240421
3355,925,10,13,12075.43,20240724
3356,917,12,60,4260.83,20260118
3357,2165,2,52,114681.98,20240305
3358,2666,38,48,2515.74,20240407
3359,2205,18,32,3757.44,20251012
3360,2486,27,15,51587.74,20250423
3361,454,38,54,139368.72,20251212
3362,1012,20,45,17137.96,20251020
3363,69,10,51,3494.73,20251122
3364,2187,11,79,6160.95,20250212
3365,567,14,40,11707.55,20240406
3366,666,15,78,85939.87,20250802
3367,2607,7,57,80868.33,20251005
3368,2490,8,35,71494.58,20250816
3369,1688,20,9,799.32,20250924
3370,1985,10,1,94632.26,20250209
3371,1258,32,33,63638.52,20250413
3372,2339,12,36,31395.75,20250924
3373,2492,20,15,76520.62,20240717
3374,1878,22,27,9509.84,20241022
3375,2185,15,49,115299.9,20250703
3376,115,16,41,11869.68,20250630
3377,2716,26,2,95287.89,20240619
3378,129,18,18,115817.46,20240501
3379,1188,4,3,25080.99,20250213
3380,1035,7,29,977.79,20250701
3381,2348,3,43,67197.55,20250706
3382,2258,22,77,1595.09,20250707
3383,435,27,31,1383.37,20260131
3384,1518,4,1,18775.9,20250402
3385,2950,26,14,25970.15,20241219
3386,2444,14,3,17827.79,20260308
3387,2286,27,73,8054.35,20240409
3388,2724,19,56,66910.1,20250708
3389,1966,2,16,94032.69,20250529
3390,2633,2,15,9706.03,20250228
3391,504,31,35,75604.48,20251205
3392,539,3,51,5242.23,20240915
3393,1729,26,48,1443.87,20241217
3394,1548,34,17,27566.26,20240209
3395,2504,31,18,1685.68,20241218
3396,731,36,24,111960.23,20260225
3397,967,37,38,3084.04,20241205
3398,2044,25,39,123106.67,20240921
3399,1334,15,77,1514.01,20260315
3400,950,21,1,6862.02,20240408
3401,1178,23,28,12626.11,20240520
3402,231,2,32,3741.37,20250902
3403,375,5,61,36604.35,20240708
3404,587,30,64,4623.36,20251017
3405,2196,16,80,36919.9,20241004
3406,2766,21,22,11335.86,20251230
3407,698,23,18,48834.2,20241108
3408,2058,24,79,13066.97,20240428
3409,1377,34,7,38647.0,20240226
3410,1059,20,35,1611.72,20240404
3411,2616,11,19,1228.57,20250109
3412,2998,19,15,37877.03,20250625
3413,1230,37,59,35480.72,20250817
3414,833,14,30,24496.81,20250909
3415,911,15,68,8147.63,20240201
3416,282,16,67,74767.09,20260317
3417,154,33,69,147452.39,20250313
3418,280,12,62,65906.38,20250724
3419,1169,28,24,2428.57,20240110
3420,744,20,40,82428.27,20241116
3421,872,15,62,6870.94,20251107
3422,2313,23,55,1700.04,20250608
3423,1563,31,57,1021.16,20241012
3424,1629,5,40,14069.22,20250829
3425,560,37,33,1128.51,20250209
3426,1074,22,7,9807.47,20250316
3427,119,8,7,96380.45,20250822
3428,1965,28,3,3018.33,20241214
3429,2904,7,11,4539.01,20251201
3430,2139,30,37,3012.81,20251110
3431,1135,33,67,53791.33,20250203
3432,2520,38,48,51443.99,20251117
3433,2009,37,45,42190.55,20250114
3434,456,4,23,2965.16,20250614
3435,2392,35,78,1893.41,20260202
3436,2167,39,58,66500.13,20241102
3437,2379,17,43,39659.16,20241202
3438,845,11,67,15903.2,20260324
3439,340,39,28,147665.53,20240417
3440,1400,35,15,3938.88,20250529
3441,2014,6,36,48359.17,20250916
3442,2529,37,22,9070.13,20240124
3443,193,10,72,9183.25,20250813
3444,851,4,48,18529.93,20250822
3445,1283,35,3,52100.31,20251103
3446,2740,9,51,144954.02,20240113
3447,500,38,11,11445.8,20240504
3448,515,31,40,30585.75,20250629
3449,1432,9,55,3266.96,20241118
3450,2176,35,13,69302.16,20251207
3451,1161,9,39,11040.5,20240213
3452,1641,12,44,112902.37,20240730
3453,1647,13,57,10175.69,20250123
3454,2088,26,73,21277.47,20241223
3455,2535,15,1,1124.03,20240904
3456,1763,16,38,8623.74,20260208
3457,2666,25,49,106535.69,20240329
3458,762,8,13,2965.44,20250804
3459,2781,9,66,5062.48,20250206
3460,1872,20,21,2410.53,20240705
3461,2664,1,44,3013.06,20260223
3462,337,17,33,1545.43,20250617
3463,1689,23,14,66275.02,20251130
3464,1325,14,43,149892.88,20250417
3465,1228,17,6,4373.74,20251012
3466,774,35,1,4820.34,20240208
3467,34,27,63,2503.03,20240807
3468,2086,17,34,4566.35,20240517
3469,2372,29,41,54941.23,20250625
3470,1687,3,54,140453.45,20250812
3471,2701,1,73,6629.85,20251212
3472,1140,33,59,17984.99,20250703
3473,1437,33,31,104669.08,20260211
3474,557,8,59,8526.93,20250409
3475,2629,36,72,106703.65,20240122
3476,1572,18,5,3965.3,20260214
3477,2420,34,9,27880.02,20240801
3478,1925,23,66,7907.85,20250715
3479,1658,39,61,3688.26,20240807
3480,387,40,2,21810.19,20240914
3481,1430,1,54,21619.33,20240425
3482,1622,2,34,3608.06,20240510
3483,278,11,30,77741.63,20240925
3484,2673,30,18,50840.98,20260111
3485,272,5,64,32955.18,20241013
3486,409,11,35,16857.88,20241005
3487,2257,4,80,4989.37,20240902
3488,405,10,19,3601.48,20241112
3489,116,36,61,65734.35,20250421
3490,2353,12,23,15015.97,20240918
3491,1223,12,38,482.83,20250522
3492,2645,12,54,32536.75,20251211
3493,212,13,40,2603.7,20250928
3494,2817,4,61,8361.77,20240411
3495,1838,11,8,18767.81,20250212
3496,2436,16,51,15691.2,20240202
3497,2340,27,70,14568.11,20240312
3498,1905,21,4,1107.96,20241213
3499,560,37,2,2340.92,20240906
3500,2521,13,5,12179.42,20240809
3501,448,21,49,42316.47,20240405
3502,1936,25,64,25363.34,20250605
3503,1040,18,53,4119.94,20240126
3504,2333,24,9,4994.09,20240423
3505,1052,27,7,4187.75,20250410
3506,1236,26,17,16588.52,20260216
3507,2654,10,44,32040.94,20240405
3508,1106,10,3,21100.54,20250824
3509,1828,31,24,5796.14,20260129
3510,2763,30,46,9638.34,20240801
3511,1927,30,78,12230.43,20240513
3512,2774,32,45,59015.01,20240125
3513,459,9,14,11894.75,20241225
3514,1310,35,75,11711.96,20240423
3515,2214,19,78,17804.71,20250316
3516,1962,33,54,4435.99,20240918
3517,241,33,68,1148.08,20250123
3518,97,15,57,38123.42,20240922
3519,449,32,38,78231.62,20250801
3520,352,3,7,130028.2,20240513
3521,2168,13,51,94266.48,20260113
3522,524,21,30,145053.21,20251002
3523,1791,3,6,65299.56,20250606
3524,2352,27,41,3208.08,20240817
3525,2927,11,9,52371.52,20240531
3526,2014,10,2,19947.64,20260114
3527,853,1,8,18101.92,20240102
3528,1544,8,38,1254.43,20250615
3529,456,1,67,78946.81,20250830
3530,2328,8,33,11648.88,20260307
3531,95,6,50,2090.35,20240103
3532,624,9,64,117885.91,20251004
3533,2384,37,59,75036.41,20260129
3534,2220,22,39,25814.82,20240110
3535,2244,17,50,4946.06,20240325
3536,2445,38,66,299.09,20240124
3537,1780,17,13,82431.33,20240912
3538,394,6,41,4770.15,20240325
3539,2646,17,43,54661.46,20250722
3540,1266,20,3,2981.3,20250810
3541,50,21,27,52694.15,20251111
3542,1692,29,42,91754.06,20241011
3543,2447,23,75,14208.3,20250913
3544,1809,24,7,103724.39,20250318
3545,1094,2,18,1641.92,20240521
3546,2077,26,18,4560.22,20251206
3547,1184,10,51,2615.36,20250902
3548,2052,32,34,1156.77,20241220
3549,932,23,25,108675.31,20250423
3550,1411,2,2,6575.67,20240815
3551,388,36,18,2220.66,20250926
3552,2249,32,54,57591.46,20240419
3553,2587,23,73,52125.63,20260316
3554,469,4,60,5016.11,20250211
3555,1084,2,7,42476.1,20240226
3556,2140,36,12,14584.01,20240905
3557,720,37,17,2256.24,20260202
3558,1750,38,12,115551.05,20251004
3559,2181,1,64,243.89,20240927
3560,920,17,40,8986.91,20241128
3561,2684,1,19,11155.69,20241108
3562,2597,2,4,74465.05,20240812
3563,970,3,64,12629.76,20241206
3564,2015,17,31,145325.05,20241112
3565,341,27,69,11387.52,20250307
3566,416,9,59,17238.64,20241121
3567,2087,27,50,34568.08,20240104
3568,1640,9,36,18671.71,20260312
3569,1811,27,70,76729.45,20250928
3570,2555,10,60,86382.77,20241003
3571,247,24,2,54679.36,20250815
3572,2091,37,62,50120.93,20240421
3573,964,18,27,78016.57,20240508
3574,1718,25,71,9023.57,20260113
3575,356,28,33,18975.75,20240603
3576,671,37,23,115973.12,20241230
3577,2831,17,37,14578.55,20251106
3578,2747,32,26,62481.12,20240413
3579,602,1,55,2797.11,20250627
3580,2774,19,65,1602.94,20241211
3581,266,18,76,12288.08,20260111
3582,1660,22,3,10968.39,20250218
3583,180,23,21,17011.47,20240413
3584,1143,24,24,1623.91,20251103
3585,2901,20,79,4329.63,20240501
3586,2035,26,65,8765.74,20240902
3587,830,27,26,1740.2,20240229
3588,2426,4,11,12096.15,20250717
3589,55,29,61,65569.08,20240203
3590,2826,7,76,1279.44,20260207
3591,1700,31,14,119050.59,20250722
3592,1454,40,7,13377.49,20240608
3593,2655,33,60,4617.19,20250818
3594,39,5,27,6908.81,20250108
3595,2172,35,16,64294.4,20241211
3596,2287,29,67,7615.68,20240619
3597,1917,4,30,57129.19,20260309
3598,434,36,66,34553.64,20250301
3599,634,39,26,3918.07,20250426
3600,2596,17,62,134284.98,20250825
3601,811,15,6,11848.52,20250702
3602,435,1,24,134179.87,20250727
3603,2961,24,46,8658.42,20251120
3604,129,4,33,132727.11,20250527
3605,553,5,51,3718.17,20260225
3606,1601,25,78,17170.19,20240504
3607,1064,31,3,8720.8,20250411
3608,2797,28,80,12211.86,20251129
3609,2855,10,12,1304.95,20250108
3610,1666,10,50,7535.33,20240428
3611,892,11,6,5330.89,20240110
3612,642,12,28,15453.45,20260311
3613,2368,13,70,3138.01,20240815
3614,97,14,14,8047.45,20240813
3615,64,15,6,12213.4,20240317
3616,1545,24,71,2468.21,20240313
3617,2921,15,79,10776.0,20250217
3618,372,18,42,4257.42,20250717
3619,1132,27,34,12482.6,20260218
3620,1739,8,41,10066.39,20250822
3621,1315,8,18,1309.23,20241211
3622,2019,7,18,3875.1,20250404
3623,2306,7,44,3002.15,20260222
3624,2620,24,77,1372.03,20250120
3625,1571,25,38,40900.9,20260121
3626,1515,28,60,7091.84,20260125
3627,265,2,59,38375.04,20250101
3628,1900,28,50,27949.0,20250527
3629,2178,15,62,118110.83,20250507
3630,1303,15,68,4031.18,20250513
3631,1215,20,65,11868.43,20250328
3632,742,11,73,84975.66,20251118
3633,1616,26,19,29924.81,20260228
3634,1230,29,54,44171.74,20250612
3635,1825,25,27,5388.1,20240111
3636,2894,36,44,9825.58,20240310
3637,1950,9,46,114461.79,20250214
3638,1767,31,78,36299.45,20250625
3639,2843,39,34,6690.12,20251118
3640,1612,15,23,18411.19,20250619
3641,1518,17,1,10714.9,20260309
3642,2150,39,19,15870.03,20251204
3643,344,21,77,1080.07,20250304
3644,37,21,53,75778.36,20240920
3645,2049,30,64,27510.49,20250430
3646,1788,38,4,5819.67,20240611
3647,1064,7,24,4172.75,20250623
3648,534,14,24,1129.28,20250216
3649,2636,9,14,10886.33,20240628
3650,1520,32,55,15350.75,20250420
3651,437,4,38,35689.96,20250518
3652,1524,12,35,51259.11,20250710
3653,954,13,23,35311.12,20250720
3654,33,14,23,16793.14,20250815
3655,1693,37,71,7219.1,20240703
3656,756,18,64,12382.99,20240929
3657,104,29,60,9541.25,20250713
3658,1639,29,6,13902.28,20240323
3659,1193,14,24,10593.51,20240203
3660,1040,25,74,16785.05,20240706
3661,655,29,56,4278.78,20250327
3662,2212,22,73,4587.81,20240106
3663,1332,23,21,89230.52,20260213
3664,2253,39,29,12507.75,20250919
3665,2871,25,64,49232.62,20250418
3666,656,8,50,45568.86,20240330
3667,1223,37,55,1805.5,20240218
3668,2944,26,43,2756.14,20250316
3669,2265,23,27,39021.3,20240619
3670,2567,2,58,10040.41,20250930
3671,1782,1,54,61174.19,20250713
3672,1691,2,22,14912.04,20260210
3673,2929,37,22,65931.19,20251112
3674,319,20,31,26039.47,20240709
3675,2221,3,75,24234.68,20240922
3676,1428,16,27,949.43,20240609
3677,1003,3,20,5492.04,20240620
3678,1410,4,15,4538.75,20241205
3679,1383,39,5,135015.71,20240819
3680,2066,36,37,4291.05,20250817
3681,1006,1,21,101091.61,20260212
3682,669,9,1,12897.23,20250207
3683,2206,15,16,230.6,20250731
3684,1104,6,21,4175.1,20260318
3685,1366,26,41,1621.88,20260309
3686,232,6,32,98148.65,20240517
3687,1971,38,48,6620.84,20240318
3688,1573,8,35,20046.32,20240116
3689,1401,7,76,47476.79,20250403
3690,312,7,62,985.98,20250402
3691,525,18,61,1237.38,20250214
3692,2579,17,50,18986.23,20250604
3693,2873,13,80,17997.33,20240525
3694,937,14,74,2849.08,20260223
3695,2184,21,18,3587.61,20260129
3696,2889,16,46,8269.05,20240619
3697,41,18,27,4314.29,20241229
3698,431,18,7,591.8,20251017
3699,2422,9,34,17101.37,20250511
3700,1534,17,17,98710.4,20240509
3701,2234,21,33,19429.58,20250528
3702,449,1,39,84349.03,20250706
3703,1768,25,74,2467.2,20240212
3704,697,36,56,77123.18,20240828
3705,235,25,60,2357.86,20250924
3706,1127,26,67,3361.01,20250319
3707,1472,34,25,9911.56,20260315
3708,1314,31,18,941.8,20260304
3709,2081,29,62,122509.69,20240119
3710,690,14,41,3326.46,20260308
3711,1605,31,21,492.75,20250822
3712,36,35,24,18767.52,20241224
3713,2604,20,58,14722.05,20251110
3714,2413,12,2,46435.3,20240712
3715,666,35,36,68831.12,20240622
3716,717,1,78,26560.51,20250810
3717,1817,37,53,8191.17,20251211
3718,216,24,56,20032.07,20241216
3719,1168,2,30,18883.37,20250503
3720,346,16,48,29733.25,20260125
3721,551,1,60,45405.75,20240630
3722,911,1,6,11513.26,20250829
3723,589,3,42,19319.27,20250625
3724,2807,4,61,56528.26,20240423
3725,1153,5,68,17471.01,20250204
3726,1334,6,23,701.31,20250809
3727,1822,10,29,25353.27,20240402
3728,1681,8,80,1107.37,20240721
3729,1783,9,26,56804.86,20240405
3730,1179,10,26,8087.24,20241009
3731,2698,34,47,43228.02,20250426
3732,130,14,33,4760.01,20260209
3733,185,28,9,58001.27,20250930
3734,410,29,3,1706.19,20241214
3735,2539,13,23,67692.01,20250521
3736,691,16,29,57299.99,20240212
3737,1095,17,64,59994.82,20260301
3738,1755,13,65,21426.82,20241219
3739,2336,1,22,9016.39,20250404
3740,2196,15,49,17545.86,20260302
3741,170,21,60,2148.31,20250804
3742,2893,22,2,19839.5,20250320
3743,2052,21,62,71878.79,20240820
3744,2975,24,42,21751.35,20250204
3745,134,15,62,12266.41,20260328
3746,1751,26,63,480.5,20251119
3747,910,34,34,14872.26,20241027
3748,1623,6,70,26261.16,20240222
3749,1703,29,54,129621.38,20241225
3750,958,5,48,37078.57,20250201
3751,2128,34,78,71170.1,20240330
3752,611,11,74,24362.55,20240302
3753,1262,30,72,154.36,20250613
3754,1489,28,5,1286.07,20240829
3755,2892,35,35,13591.95,20240821
3756,866,36,62,12046.73,20240908
3757,1658,8,71,106563.35,20240123
3758,1723,31,74,996.88,20240706
3759,67,29,66,93356.08,20250921
3760,2058,39,6,7032.71,20240811
3761,2346,20,22,7590.19,20240729
3762,1973,2,41,10710.39,20250530
3763,2609,9,18,101931.1,20251117
3764,1075,36,55,3502.9,20240301
3765,2797,2,53,45879.88,20250215
3766,286,11,74,46771.26,20240303
3767,2382,7,66,57473.42,20250817
3768,2198,32,16,30411.97,20250803
3769,1323,14,30,16543.88,20251220
3770,25,20,79,31756.81,20260125
3771,1196,11,27,42310.04,20250824
3772,961,6,31,10943.46,20251111
3773,2464,8,37,36995.94,20251017
3774,1715,25,77,15614.2,20250917
3775,2207,1,48,9763.21,20241214
3776,666,18,30,149510.44,20250627
3777,1139,16,7,73434.71,20260130
3778,2779,5,60,15764.8,20251211
3779,2057,1,50,647.07,20250427
3780,2717,20,15,14353.87,20241004
3781,2376,4,14,13362.39,20250624
3782,2380,10,66,10106.88,20240915
3783,1839,8,61,29642.57,20240723
3784,1689,3,58,14116.82,20240608
3785,2577,34,9,3850.22,20250609
3786,2166,26,54,40713.42,20240602
3787,1213,34,42,18038.99,20260227
3788,1875,28,65,10247.19,20240120
3789,754,30,36,19335.85,20250801
3790,9,38,15,10644.65,20250706
3791,452,31,61,134992.58,20250129
3792,2284,32,18,70948.71,20240116
3793,1869,33,23,4361.51,20240502
3794,1150,34,42,4295.06,20240927
3795,754,22,67,69593.07,20251028
3796,732,36,38,13599.86,20240324
3797,1532,37,77,6316.0,20251104
3798,913,16,2,9197.94,20240608
3799,2335,4,32,46348.98,20240929
3800,1839,40,38,68973.93,20260218
3801,2826,23,46,1939.62,20240516
3802,1048,6,69,3522.17,20250311
3803,1141,16,52,122670.47,20260308
3804,2240,4,46,101007.62,20250606
3805,1019,18,52,78730.03,20250525
3806,521,6,5,3469.27,20240721
3807,2476,34,53,6645.25,20250419
3808,1528,37,63,9194.3,20240512
3809,1051,9,68,15116.63,20240221
3810,2309,1,50,3583.26,20250224
3811,2332,12,25,8264.03,20250409
3812,2461,10,76,7850.63,20250827
3813,2246,13,42,122846.32,20260121
3814,2278,32,58,60110.29,20250213
3815,1777,15,16,44347.84,20260310
3816,201,17,78,1348.55,20240625
3817,2471,13,77,568.66,20240723
3818,1649,18,1,16606.84,20240509
3819,2673,30,52,26719.46,20240220
3820,276,20,30,16881.48,20260111
3821,2311,21,39,104615.11,20260118
3822,2355,10,70,181.75,20250612
3823,2511,21,50,748.74,20250828
3824,2733,9,38,16982.67,20260315
3825,2659,25,67,40211.28,20251227
3826,127,32,55,22514.92,20240825
3827,420,17,72,12368.31,20260330
3828,2234,3,48,72088.24,20250805
3829,349,24,32,89413.25,20240105
3830,1676,30,68,54379.82,20250222
3831,627,19,1,11651.48,20250506
3832,2011,32,21,23593.16,20241110
3833,2690,33,80,27839.06,20240315
3834,53,34,63,102200.01,20240409
3835,301,23,8,3750.29,20240622
3836,2358,12,6,2153.31,20260214
3837,2392,5,76,14052.69,20250928
3838,861,13,39,43672.73,20240717
3839,1127,19,71,65777.38,20241113
3840,2021,29,69,20011.11,20241004
3841,924,5,1,17387.03,20260304
3842,2492,2,61,2126.34,20240319
3843,2283,23,12,117317.39,20251205
3844,682,38,45,3505.87,20251104
3845,789,3,78,25098.84,20250127
3846,2085,6,45,46875.83,20241228
3847,391,29,34,3735.74,20260116
3848,1608,16,78,86479.27,20250926
3849,2649,31,1,4616.94,20240218
3850,1007,1,40,4990.79,20250824
3851,2211,11,3,107241.83,20240430
3852,2916,12,11,3060.61,20260318
3853,2411,11,6,218.25,20240802
3854,2272,18,3,2617.33,20250711
3855,621,11,78,89443.17,20240113
3856,1158,39,27,2267.6,20250126
3857,2953,13,8,113908.74,20241216
3858,1229,18,3,50367.61,20250424
3859,1770,33,78,13710.36,20240224
3860,2444,20,16,41222.59,20240213
3861,2216,19,29,110907.9,20240404
3862,595,25,13,11890.66,20251128
3863,2268,4,44,7038.07,20241009
3864,764,8,77,65025.69,20240903
3865,2801,11,19,24205.31,20250410
3866,1927,31,62,5389.55,20250907
3867,1214,4,69,44239.66,20241012
3868,328,5,38,4600.82,20240720
3869,2345,16,74,11442.57,20250924
3870,1991,27,17,51125.72,20260322
3871,2880,25,1,4006.14,20241130
3872,565,5,69,1237.24,20240114
3873,1992,29,1,6233.29,20250117
3874,1644,34,7,137890.44,20250613
3875,1622,35,2,50745.52,20250209
3876,2175,6,55,315.68,20260118
3877,2233,1,28,100652.94,20250930
3878,676,38,31,1354.13,20240501
3879,96,22,21,3004.27,20240518
3880,1520,39,47,62554.44,20250416
3881,2660,26,6,4301.59,20250811
3882,1763,2,60,9725.93,20250630
3883,1210,17,35,18386.01,20250519
3884,1307,4,72,19060.48,20240214
3885,1350,5,12,56597.07,20241019
3886,2299,6,71,2831.45,20251007
3887,1436,19,37,70607.65,20251006
3888,643,39,48,6573.92,20250219
3889,2028,9,53,2905.29,20250923
3890,421,9,40,1169.0,20250222
3891,43,11,20,2172.98,20250403
3892,66,12,46,18085.05,20250219
3893,112,13,26,32447.94,20250108
3894,2783,6,55,9074.33,20240823
3895,1734,15,68,12325.49,20241119
3896,529,16,39,94370.61,20250117
3897,1337,37,34,20689.16,20250827
3898,2998,14,13,10935.17,20240927
3899,2391,19,59,83633.2,20250423
3900,328,34,74,2906.08,20260122
3901,1231,26,75,2049.51,20260131
3902,505,13,42,75859.08,20250201
3903,2747,26,71,84336.5,20251004
3904,202,16,62,45536.38,20250424
3905,2221,25,1,4026.32,20240331
3906,105,28,63,11491.41,20240616
3907,2828,31,28,1163.37,20240527
3908,1185,28,24,1130.63,20250218
3909,984,26,59,74116.95,20241125
3910,2674,30,22,9642.36,20250830
3911,2548,11,29,81541.71,20240830
3912,577,32,31,4350.58,20251029
3913,1030,1,9,6626.83,20240406
3914,718,19,18,12528.52,20240821
3915,2703,35,76,144998.56,20250521
3916,38,31,43,3412.34,20250914
3917,1101,9,50,103580.11,20241202
3918,1326,39,80,13807.74,20250329
3919,510,39,51,20130.46,20240814
3920,2759,40,56,14785.54,20240806
3921,1841,14,27,18315.41,20250519
3922,2074,3,51,36062.56,20260113
3923,1959,3,57,140715.37,20260117
3924,215,4,5,25672.91,20250105
3925,2556,20,18,9601.08,20240622
3926,2623,20,7,2187.4,20240208
3927,76,28,61,4499.25,20241003
3928,1858,24,73,2581.06,20250314
3929,655,9,6,101181.03,20250316
3930,2083,23,52,3562.28,20240714
3931,291,11,58,142962.35,20260116
3932,2645,7,67,38492.29,20250512
3933,2338,37,70,147522.22,20251216
3934,317,14,65,101211.51,20250904
3935,2541,21,2,1170.44,20260127
3936,2711,16,54,9361.02,20260330
3937,540,38,33,6283.68,20240510
3938,643,38,69,2420.01,20240413
3939,1350,36,44,54539.97,20240416
3940,2867,20,58,1332.24,20240105
3941,564,38,68,14955.59,20240616
3942,708,11,44,75428.51,20241103
3943,2065,5,66,112967.22,20260203
3944,840,35,62,8368.98,20240511
3945,1189,25,67,5617.59,20250713
3946,2996,26,33,6381.88,20240319
3947,1254,37,77,103516.4,20250214
3948,1604,28,42,4865.09,20241004
3949,2554,29,50,6997.34,20250330
3950,989,40,57,71269.55,20250708
3951,208,4,74,4425.95,20240502
3952,1642,32,13,8635.03,20250128
3953,1842,27,36,6791.7,20241122
3954,1633,23,64,7989.67,20250619
3955,1044,18,1,2447.58,20240625
3956,1829,27,68,7224.07,20250620
3957,1464,37,49,1526.73,20240228
3958,631,38,33,5479.4,20240419
3959,2099,31,38,24500.91,20260227
3960,826,35,55,18102.72,20240725
3961,1304,3,9,8175.82,20240826
3962,1673,2,80,22584.38,20240908
3963,631,33,53,65741.77,20241001
3964,2842,4,70,3427.02,20260327
3965,125,18,9,115664.98,20240816
3966,50,28,9,54984.93,20250815
3967,2359,9,35,81831.95,20250511
3968,1101,8,47,14860.46,20250722
3969,54,9,6,9531.5,20250623
3970,1547,32,39,46603.71,20260210
3971,2348,15,74,14631.56,20240115
3972,2395,36,6,107987.98,20241210
3973,5,13,79,3323.52,20250318
3974,182,6,46,55134.43,20251028
3975,574,18,79,12209.06,20260220
3976,630,16,13,7561.01,20241115
3977,1884,35,56,116733.23,20251111
3978,466,5,66,67134.64,20250109
3979,2141,13,1,14887.37,20251204
3980,529,21,67,8307.75,20260111
3981,435,11,32,110523.08,20241010
3982,128,24,71,924.74,20250315
3983,1147,23,54,11030.04,20260213
3984,860,24,57,1533.42,20250612
3985,1651,25,76,57484.54,20250128
3986,2791,26,12,105436.42,20251019
3987,370,33,20,18504.8,20260328
3988,1482,37,40,11905.15,20250125
3989,96,10,31,12645.72,20250830
3990,902,8,58,2354.82,20240527
3991,111,11,30,85336.3,20250816
3992,232,32,55,3428.62,20250809
3993,2927,29,8,99046.73,20260329
3994,1830,17,10,26042.6,20250422
3995,1286,35,68,74693.51,20241117
3996,2216,3,58,79162.47,20250711
3997,1445,21,64,80159.96,20240308
3998,1240,39,50,27550.16,20250817
3999,861,36,66,35374.03,20250717
4000,94,2,62,73433.24,20250621
4001,2432,7,24,30305.56,20240831
4002,2736,22,12,4684.71,20260316
4003,409,3,73,70887.05,20250713
4004,2686,7,66,2662.67,20250131
4005,2658,1,52,4095.85,20240128
4006,151,4,59,11013.76,20250902
4007,602,10,50,3073.13,20250507
4008,918,8,66,50502.15,20240824
4009,1861,16,41,13396.38,20250914
4010,1886,27,67,51066.05,20241201
4011,1386,29,2,4983.06,20240714
4012,416,14,13,7191.63,20260127
4013,175,21,57,40183.08,20251009
4014,384,40,78,43539.69,20251021
4015,1148,15,40,2631.23,20251228
4016,858,16,10,4911.09,20250704
4017,211,7,20,9791.85,20250509
4018,1322,13,52,4891.11,20260323
4019,1329,26,69,4953.35,20240426
4020,2388,29,80,29704.21,20240208
4021,951,20,35,89904.49,20240525
4022,1079,31,74,8813.86,20241025
4023,950,28,55,1346.36,20260218
4024,1770,24,18,66080.26,20240308
4025,2043,14,16,61508.74,20240811
4026,1500,11,77,11854.7,20250525
4027,428,36,27,13419.65,20240827
4028,1358,20,21,17267.91,20240331
4029,371,24,9,1210.53,20241103
4030,1042,38,56,31021.96,20260126
4031,850,31,50,1335.52,20250422
4032,724,23,74,3574.19,20250202
4033,338,32,35,11123.0,20251027
4034,1811,34,2,34937.59,20240306
4035,2104,26,73,72316.99,20240319
4036,406,36,39,10385.4,20241020
4037,2864,38,33,80449.91,20250130
4038,1843,38,17,20254.67,20250513
4039,2196,16,26,16302.12,20240508
4040,2599,2,74,12366.71,20250310
4041,478,13,54,7997.18,20240710
4042,2457,27,53,7333.88,20240506
4043,572,26,31,19074.66,20240102
4044,551,9,18,21693.63,20240202
4045,2230,5,27,1416.46,20250825
4046,905,32,46,146353.41,20250721
4047,1943,40,10,116248.02,20240406
4048,1131,8,36,18816.67,20241107
4049,866,9,45,1376.62,20240617
4050,1477,20,18,39344.09,20250208
4051,2252,32,17,12389.79,20240422
4052,2395,23,49,4054.59,20250804
4053,2387,12,63,102381.74,20241230
4054,380,14,6,68831.78,20240926
4055,2243,12,43,4028.65,20260322
4056,854,18,37,1889.64,20260109
4057,1971,17,69,133750.63,20250212
4058,1232,16,30,1220.6,20240101
4059,1131,6,48,23951.82,20250104
4060,610,8,34,1532.81,20240721
4061,1912,21,28,9430.77,20250613
4062,34,22,75,15050.98,20251205
4063,2030,28,13,34964.37,20250327
4064,2165,33,7,3720.47,20251216
4065,2196,16,11,2398.67,20251214
4066,1330,26,9,20459.78,20240327
4067,2191,7,2,49749.19,20250507
4068,2248,3,79,12178.05,20240320
4069,1734,22,59,102012.04,20241123
4070,2670,10,55,6691.65,20250715
4071,2956,31,34,13302.64,20240907
4072,51,4,24,58004.66,20240719
4073,1769,22,3,9067.24,20250529
4074,689,34,13,109945.98,20240521
4075,112,31,5,6140.88,20240606
4076,1310,37,19,6643.22,20240919
4077,1739,14,67,2336.28,20250215
4078,1139,38,41,3010.14,20240519
4079,535,39,23,4358.4,20250824
4080,2683,40,79,6214.14,20240523
4081,851,1,40,102190.03,20240426
4082,789,2,23,49071.53,20240413
4083,479,11,32,989.52,20250122
4084,2783,4,17,53041.19,20250225
4085,1638,5,39,59556.31,20250527
4086,21,6,75,77553.4,20260323
4087,1097,7,7,7020.68,20240716
4088,1792,31,32,19039.73,20240910
4089,2610,12,80,79762.65,20250717
4090,1658,6,43,4168.85,20241230
4091,1520,37,9,79795.91,20250217
4092,646,16,66,59063.11,20250203
4093,1706,18,61,9674.24,20250302
4094,2383,11,37,1173.96,20250218
4095,1614,21,30,121069.11,20241004
4096,2863,27,17,3917.3,20250817
4097,1024,17,26,91687.76,20241213
4098,618,18,44,7913.96,20250829
4099,1875,27,26,500.8,20251018
4100,1112,20,37,74841.52,20241127
4101,1758,21,74,11196.31,20250527
4102,1611,10,38,6781.42,20240413
4103,969,35,10,81150.56,20251016
4104,2760,6,13,2375.54,20240817
4105,2687,25,60,136601.84,20250611
4106,2037,31,17,7192.02,20240124
4107,681,1,13,1825.03,20251208
4108,1975,2,72,64820.35,20250309
4109,2351,29,17,1994.33,20241008
4110,805,20,57,4897.32,20250211
4111,1139,38,22,43912.66,20251019
4112,1411,14,25,12794.27,20241030
4113,2397,38,39,34155.02,20240522
4114,1075,6,15,26612.56,20250809
4115,1570,37,59,53152.33,20251220
4116,2754,36,71,51531.64,20250407
4117,2458,37,14,1170.41,20240813
4118,2340,38,52,2504.11,20241224
4119,2996,6,25,2881.66,20241005
4120,883,27,62,1234.96,20241005
4121,2186,19,6,144409.67,20241007
4122,1087,2,8,90914.39,20251208
4123,2460,3,10,69873.14,20250520
4124,425,19,75,138132.26,20240403
4125,103,5,40,13426.88,20240326
4126,617,27,54,72022.4,20240209
4127,136,5,80,2080.57,20250711
4128,592,8,26,25142.21,20241025
4129,1349,17,20,85252.74,20260130
4130,306,31,73,3933.42,20240721
4131,409,11,70,9970.44,20250828
4132,1969,12,12,1822.65,20241127
4133,2890,13,40,2624.09,20240518
4134,1901,1,21,14949.02,20241106
4135,362,15,16,11335.09,20251101
4136,2589,16,18,4217.88,20250415
4137,2489,17,56,14074.41,20240317
4138,2011,28,25,4260.75,20250112
4139,327,19,64,29327.19,20250721
4140,2694,8,74,51099.97,20240423
4141,622,21,37,3370.47,20251018
4142,338,14,43,2065.89,20240831
4143,1775,12,50,6753.5,20251110
4144,1411,21,23,35489.0,20240916
4145,9,25,47,11354.31,20240317
4146,2899,35,77,7811.82,20240307
4147,1471,39,37,55869.24,20250622
4148,905,2,48,8982.98,20250904
4149,2871,28,58,12021.52,20251005
4150,853,33,38,18812.06,20250215
4151,1837,6,59,17108.89,20240707
4152,2677,24,4,8099.47,20240516
4153,1952,33,6,69761.61,20240109
4154,1125,34,29,27054.52,20251031
4155,2086,27,24,118432.61,20250122
4156,2097,7,1,25268.28,20251218
4157,1676,4,35,116241.34,20250225
4158,577,38,53,9974.3,20250703
4159,456,39,21,19413.05,20260107
4160,607,40,72,1223.91,20250719
4161,1138,10,68,6036.22,20250702
4162,2421,3,1,31843.69,20250912
4163,2271,3,78,11980.06,20260113
4164,417,16,45,1218.05,20260311
4165,1288,5,57,12564.6,20260303
4166,2174,1,56,3712.27,20251020
4167,2724,32,72,2647.24,20251218
4168,2148,8,17,72256.6,20250420
4169,98,7,80,184.25,20240315
4170,1350,10,10,13740.47,20251230
4171,518,33,13,63279.12,20260216
4172,1680,19,17,57428.46,20250723
4173,2628,36,79,7730.95,20240328
4174,1411,36,4,210.61,20240815
4175,473,7,29,2376.83,20250822
4176,1822,16,31,114300.09,20260105
4177,1307,36,42,97513.97,20240115
4178,1525,20,3,18341.85,20260314
4179,2359,1,54,3821.85,20240710
4180,2612,20,39,145417.34,20250803
4181,2490,28,2,17930.33,20250616
4182,1592,30,31,1933.49,20240219
4183,1521,3,11,2316.5,20241006
4184,1698,24,29,61385.16,20250330
4185,1225,36,8,13445.7,20240311
4186,84,13,62,1852.8,20251012
4187,2623,26,38,100075.48,20240613
4188,2044,12,42,36853.98,20260303
4189,755,29,19,64248.95,20251122
4190,2099,30,5,42634.16,20241104
4191,517,22,44,10521.96,20251227
4192,2460,32,69,4717.25,20250211
4193,2396,25,23,5414.55,20241015
4194,62,34,22,8883.39,20250122
4195,873,35,19,2315.67,20240901
4196,2457,36,24,123327.67,20251122
4197,2622,9,68,4256.79,20241125
4198,83,9,78,4169.04,20241013
4199,2529,29,21,8150.04,20251207
4200,2459,40,17,9964.77,20240609
4201,1901,12,16,5228.5,20250221
4202,722,25,78,13847.69,20250827
4203,1623,3,17,81729.08,20240106
4204,497,38,21,15154.72,20240808
4205,1468,5,20,1632.21,20250628
4206,2397,6,74,50740.43,20251118
4207,1531,32,78,3250.64,20240804
4208,9,8,3,2186.54,20240304
4209,1400,25,19,58154.99,20251025
4210,2931,18,64,68126.48,20250120
4211,1450,20,1,43559.21,20250112
4212,585,12,37,95317.73,20250928
4213,560,6,50,14675.65,20240810
4214,2190,19,43,80511.52,20260311
4215,1180,29,2,5054.75,20260121
4216,1445,16,79,3113.2,20260214
4217,1849,28,54,18439.94,20251117
4218,725,27,9,7129.64,20241218
4219,656,21,62,229.86,20250812
4220,304,40,8,9120.8,20251109
4221,2766,21,62,3074.89,20240311
4222,99,31,55,55981.45,20250328
4223,620,23,63,63588.95,20240518
4224,637,24,18,2741.84,20250822
4225,2952,25,66,12462.3,20250613
4226,344,26,20,2129.02,20250524
4227,165,27,32,60503.98,20240123
4228,1007,35,73,127923.15,20260302
4229,2857,29,19,17537.18,20251220
4230,2699,25,49,76855.99,20250905
4231,2193,7,63,47129.93,20250505
4232,2036,37,10,20127.91,20251130
4233,572,33,13,13537.23,20250620
4234,1589,11,55,80408.57,20240201
4235,1824,15,48,58068.82,20250317
4236,750,21,45,65411.16,20250514
4237,2003,24,51,4814.96,20240911
4238,2514,27,34,111711.92,20250130
4239,2412,11,36,9105.09,20241027
4240,493,40,53,57437.28,20250111
4241,2370,1,73,1643.02,20250227
4242,1368,10,7,6876.33,20250630
4243,1833,32,23,15435.36,20260207
4244,1309,40,57,142805.51,20260127
4245,2806,9,10,15663.71,20240920
4246,1791,24,1,2920.09,20241104
4247,1199,30,71,16050.82,20240719
4248,2019,30,18,35138.06,20241219
4249,1194,4,59,669.47,20250616
4250,2503,6,38,3850.57,20251027
4251,996,11,20,92215.07,20240527
4252,2881,12,9,13970.51,20251216
4253,2990,26,26,83470.9,20260223
4254,576,34,55,12787.73,20251118
4255,567,10,4,5325.82,20240309
4256,2769,33,35,13478.78,20260107
4257,2225,17,28,1999.72,20240916
4258,2361,33,22,17057.75,20251122
4259,2965,6,27,3065.73,20250525
4260,2622,39,37,1122.18,20241209
4261,546,21,48,17595.81,20250905
4262,213,22,25,5958.67,20260102
4263,384,14,48,5600.24,20250113
4264,318,24,43,12548.18,20240101
4265,1414,34,8,6481.06,20250501
4266,2146,37,5,4401.1,20240809
4267,251,27,35,4573.93,20240310
4268,1577,22,10,412.98,20250219
4269,2140,7,36,128372.92,20240714
4270,1271,23,65,10040.17,20250503
4271,2619,31,52,3759.19,20251001
4272,1155,32,58,18662.24,20250125
4273,2492,33,60,24669.8,20240403
4274,2160,14,62,8393.57,20250912
4275,1499,25,55,9000.66,20240419
4276,349,31,50,19566.44,20240425
4277,2920,13,21,66312.22,20260123
4278,2947,2,43,1780.62,20240212
4279,1047,35,9,1116.16,20240713
4280,1802,35,48,7281.66,20241201
4281,1014,38,66,1887.26,20240902
4282,1640,7,60,26171.65,20250201
4283,273,35,35,1742.24,20240214
4284,2478,1,26,8841.26,20250511
4285,1397,5,60,19043.36,20250611
4286,1762,15,33,40924.24,20250128
4287,2909,7,41,9286.25,20250114
4288,1229,16,1,4386.46,20250114
4289,32,37,61,2388.87,20240714
4290,2617,15,72,4441.41,20240109
4291,1947,8,16,76259.83,20260323
4292,526,31,65,5094.85,20241122
4293,2469,13,57,3777.87,20260309
4294,580,18,19,15982.01,20240219
4295,2003,15,7,27140.25,20241024
4296,2834,31,13,14907.76,20250510
4297,2916,8,75,128448.43,20260313
4298,1541,40,56,12802.49,20240420
4299,1865,3,78,15551.67,20250216
4300,2147,13,37,114045.82,20250121
4301,2923,11,37,2913.25,20250921
4302,2795,13,59,4933.43,20250123
4303,747,23,12,46037.8,20251212
4304,999,1,59,1980.81,20240921
4305,1959,27,7,6065.84,20241018
4306,2624,6,43,1739.42,20260318
4307,180,27,20,89681.37,20240408
4308,134,28,45,673.81,20250531
4309,2742,29,60,47886.54,20240801
4310,833,30,37,9370.23,20250723
4311,1468,6,77,8005.51,20240730
4312,1651,6,33,13084.77,20250807
4313,2070,25,37,4394.52,20251228
4314,851,34,64,4080.33,20240124
4315,1734,34,19,4104.71,20250221
4316,1081,38,22,34463.4,20241207
4317,11,37,5,10377.35,20241024
4318,2721,38,39,905.43,20250204
4319,353,36,44,12058.75,20241123
4320,2030,26,26,25808.11,20240526
4321,2972,1,31,13307.52,20251213
4322,890,13,2,107933.45,20251102
4323,2959,3,7,73030.59,20240228
4324,962,4,57,16504.73,20250825
4325,1269,35,6,2722.18,20240104
4326,1376,18,9,44504.55,20240824
4327,737,4,80,8612.57,20250906
4328,2893,8,57,341.91,20240925
4329,1711,35,4,8781.6,20240905
4330,575,28,67,12044.18,20240325
4331,2344,30,33,31159.26,20260218
4332,2941,12,12,130084.54,20241221
4333,2247,16,2,117557.9,20251128
4334,2477,33,38,76244.55,20240726
4335,512,9,55,563.86,20250821
4336,1459,7,52,50261.47,20250221
4337,403,31,51,6979.97,20251207
4338,888,16,56,3325.19,20250709
4339,2732,6,51,2677.23,20251111
4340,705,12,55,39491.77,20250215
4341,2831,37,25,8982.14,20250611
4342,1619,21,22,103665.58,20240328
4343,2467,35,78,46272.27,20251018
4344,2391,24,41,56192.15,20250817
4345,1325,31,62,89609.88,20240518
4346,2471,25,38,39798.21,20241126
4347,2282,35,4,8686.62,20240711
4348,2911,19,16,4489.82,20240315
4349,1588,36,75,34216.86,20260310
4350,2418,23,51,47874.29,20240522
4351,2183,8,40,16127.93,20250701
4352,2669,3,1,8856.35,20240227
4353,2435,12,67,43872.64,20241003
4354,1432,4,30,92953.16,20250518
4355,804,35,14,11835.18,20250826
4356,262,26,5,7127.96,20240114
4357,95,39,45,4853.32,20250808
4358,931,27,78,19911.54,20240614
4359,2298,39,22,126709.18,20251011
4360,2618,40,18,2623.17,20250525
4361,2668,9,34,122114.53,20250129
4362,1924,19,4,78660.2,20240901
4363,2828,3,36,59883.36,20260311
4364,2448,27,64,34327.12,20251110
4365,2224,14,47,26460.96,20250124
4366,897,6,9,23986.4,20250116
4367,2249,27,46,46317.25,20250315
4368,1097,19,72,3780.77,20260204
4369,2683,28,21,3340.62,20241227
4370,1779,20,67,16726.44,20240809
4371,2716,31,47,29600.17,20240131
4372,2495,12,21,9684.49,20250604
4373,2298,13,33,15543.34,20250916
4374,1764,22,69,23289.13,20260116
4375,2966,21,8,43367.7,20260220
4376,2441,16,35,4973.18,20240202
4377,34,17,26,80252.54,20260120
4378,2472,37,6,21493.62,20260215
4379,2008,38,41,78088.76,20260126
4380,2732,1,31,76557.41,20241219
4381,1728,21,72,74403.21,20240305
4382,2772,22,1,2643.8,20240209
4383,2695,23,72,79434.29,20240124
4384,930,9,60,6577.21,20241217
4385,2813,15,29,54427.02,20251201
4386,1355,26,13,9686.17,20260215
4387,1445,18,22,796.96,20251103
4388,1083,28,56,66536.06,20250416
4389,1409,29,7,13685.55,20251114
4390,2165,30,45,7587.81,20240816
4391,1064,28,6,6204.83,20240323
4392,332,21,13,127093.63,20251002
4393,1410,21,29,40747.74,20241107
4394,1712,34,24,110809.89,20260222
4395,1867,35,57,4241.49,20250301
4396,356,31,48,70085.26,20240523
4397,684,17,13,14523.26,20260219
4398,2105,38,16,61494.31,20240130
4399,1811,1,76,14659.9,20251101
4400,2339,40,78,141278.21,20250310
4401,963,39,44,5189.73,20260320
4402,243,3,43,37686.99,20250520
4403,586,9,54,126795.79,20250706
4404,710,14,36,49583.32,20240412
4405,2278,3,40,4156.14,20250627
4406,2694,6,20,5818.19,20240402
4407,993,24,6,3033.5,20250914
4408,2959,8,32,11283.05,20260315
4409,1520,30,24,37226.9,20250105
4410,2943,38,4,99252.4,20240422
4411,349,13,39,9801.95,20240717
4412,1526,12,11,2235.81,20250921
4413,2722,31,62,82595.44,20240609
4414,1314,14,19,3423.2,20240419
4415,1916,25,44,2736.5,20251120
4416,663,28,19,73227.65,20240806
4417,2995,15,80,30839.56,20240224
4418,2253,18,73,3556.25,20250830
4419,893,28,62,64013.47,20250329
4420,561,29,63,3887.09,20250102
4421,1419,40,11,53606.44,20241026
4422,1042,22,7,4330.6,20240227
4423,25,23,49,97254.88,20240630
4424,2274,14,40,5258.7,20250521
4425,2435,26,58,17669.71,20240623
4426,195,26,78,26140.02,20251026
4427,2826,23,39,55508.53,20251202
4428,599,28,55,45235.21,20260110
4429,310,36,17,2574.44,20240215
4430,1285,30,32,42428.01,20240219
4431,2235,10,1,45660.34,20240412
4432,2241,32,31,5082.92,20251104
4433,807,5,50,7364.47,20250717
4434,2610,27,2,2870.39,20260309
4435,2735,31,32,2733.61,20251123
4436,2091,20,63,9403.26,20250422
4437,176,37,17,9901.78,20240217
4438,409,31,2,24273.44,20260104
4439,1102,2,69,34838.19,20240904
4440,888,34,48,61683.33,20240703
4441,2393,40,34,62356.09,20260310
4442,1722,10,79,32135.53,20250107
4443,471,30,55,64735.23,20250202
4444,1828,8,65,2095.46,20250325
4445,1744,5,46,6813.83,20240524
4446,1646,25,57,33851.73,20260129
4447,1525,14,59,1171.92,20240126
4448,1958,3,22,4314.15,20250621
4449,2939,19,49,1165.34,20251102
4450,1602,12,64,27644.44,20260317
4451,4,11,15,4493.47,20240811
4452,397,12,14,65415.2,20250302
4453,929,13,51,1009.29,20250607
4454,1703,14,4,3711.9,20240731
4455,2207,25,76,70478.76,20250121
4456,887,36,30,13633.52,20240123
4457,901,39,30,4368.51,20250708
4458,323,37,24,114761.75,20251207
4459,2433,19,22,15699.55,20251224
4460,1351,18,9,4681.71,20250127
4461,1545,10,75,109033.3,20240221
4462,698,22,21,2098.14,20250407
4463,789,23,69,58097.89,20250615
4464,1641,31,43,2287.12,20250820
4465,2979,17,74,88356.64,20260116
4466,2517,39,8,4482.51,20250818
4467,437,8,36,20186.36,20240518
4468,1376,23,67,4282.97,20260320
4469,2716,29,2,11281.39,20250701
4470,2589,21,53,2000.9,20240804
4471,820,11,77,564.09,20250221
4472,1444,12,54,147539.08,20250110
4473,2494,32,72,8661.77,20241108
4474,866,38,75,1994.43,20250810
4475,683,8,27,1544.26,20250627
4476,2023,11,15,60451.34,20250312
4477,797,8,31,4105.25,20251208
4478,1350,38,5,40265.48,20250623
4479,231,39,21,37946.2,20250908
4480,1522,22,65,66443.43,20241029
4481,961,38,71,1774.56,20250307
4482,893,10,19,850.43,20241012
4483,434,18,9,93486.29,20241216
4484,1322,5,33,111073.3,20240707
4485,436,12,25,13147.05,20240702
4486,2852,15,74,125442.75,20240504
4487,401,36,33,53945.62,20240921
4488,1596,8,7,28816.75,20241117
4489,1927,34,44,51506.99,20260301
4490,1756,20,47,25998.39,20250824
4491,2579,11,5,10998.4,20240518
4492,2480,7,59,78895.36,20250917
4493,1347,6,54,3216.65,20240711
4494,845,14,80,86068.9,20240309
4495,1855,15,18,1041.34,20250315
4496,2895,16,2,2446.23,20240819
4497,704,18,13,27922.24,20251028
4498,2957,18,8,88277.37,20260321
4499,758,28,41,13637.33,20240908
4500,2230,20,40,72634.06,20240406
4501,2265,18,20,4758.38,20241030
4502,1003,24,1,3202.79,20241013
4503,1438,6,16,59994.54,20250225
4504,1378,18,2,6961.15,20240307
4505,423,23,25,124351.86,20241018
4506,267,30,5,90089.72,20251224
4507,550,21,12,38014.48,20251013
4508,1580,5,4,27254.33,20240702
4509,2526,29,74,28872.95,20241123
4510,2598,16,62,19806.49,20240206
4511,2389,28,77,10955.75,20250319
4512,1422,32,69,63152.58,20250806
4513,381,35,25,2305.79,20240913
4514,945,20,17,107984.95,20250928
4515,1205,35,55,78790.9,20240601
4516,1107,13,39,43429.05,20240711
4517,976,37,61,11006.56,20240823
4518,2158,40,33,602.39,20260125
4519,1483,12,37,61419.91,20260305
4520,1572,9,71,3664.55,20240629
4521,1102,1,3,5809.36,20250405
4522,2292,34,80,132055.95,20240616
4523,2587,16,73,3083.02,20250506
4524,1729,4,27,16230.04,20250911
4525,1659,17,59,72511.83,20250426
4526,825,6,76,4032.58,20250619
4527,2255,30,28,7134.35,20240519
4528,2989,26,49,118328.66,20260127
4529,1844,40,75,19275.99,20250316
4530,2871,10,3,79408.07,20250222
4531,1069,6,11,11892.72,20240328
4532,2145,12,58,14487.24,20240808
4533,1469,21,1,7066.09,20250506
4534,2070,2,13,2072.03,20260115
4535,1069,12,27,7879.53,20241026
4536,2502,28,74,10720.12,20250111
4537,1328,2,43,6889.49,20241011
4538,2362,15,63,8466.31,20251225
4539,2917,17,23,5352.13,20240518
4540,2880,11,43,37597.51,20250427
4541,533,16,69,36168.31,20240204
4542,1753,25,39,104683.9,20250517
4543,2578,16,67,14898.03,20240314
4544,1668,4,50,9021.58,20260215
4545,905,25,11,29230.72,20241225
4546,579,37,49,11776.93,20260221
4547,2657,27,38,63350.26,20250917
4548,2901,23,68,13035.16,20240530
4549,886,27,19,11625.81,20240219
4550,1731,30,39,14234.96,20260204
4551,1058,39,49,3957.99,20250901
4552,295,10,26,1239.88,20250704
4553,1728,33,7,1916.84,20251126
4554,1829,23,60,134763.39,20240507
4555,2766,9,50,135198.45,20240626
4556,2205,3,66,4721.68,20250331
4557,2480,32,34,137224.75,20250721
4558,2512,38,37,14526.64,20250118
4559,2920,38,46,4710.65,20250529
4560,1040,2,31,38459.38,20250415
4561,2284,2,34,2007.54,20250305
4562,1726,6,40,939.28,20250506
4563,1221,3,41,77869.78,20240723
4564,852,4,76,3856.0,20251029
4565,2940,5,36,12042.73,20251020
4566,1632,33,20,95760.74,20250116
4567,1079,34,43,3749.84,20260109
4568,739,9,53,7626.41,20241216
4569,2800,1,5,19685.14,20251008
4570,323,10,32,80633.96,20250807
4571,2727,27,10,48868.57,20260210
4572,2449,38,52,50000.53,20260222
4573,2244,13,41,119240.59,20240329
4574,1134,5,40,4010.51,20250403
4575,381,27,66,40278.79,20250311
4576,2952,38,53,10365.01,20241014
4577,1571,10,79,107257.91,20260311
4578,546,22,77,11365.24,20251230
4579,2630,18,22,7811.08,20250623
4580,2991,20,24,3489.11,20240104
4581,72,31,31,6919.38,20241019
4582,638,22,8,89553.89,20240627
4583,2179,3,40,1811.04,20240331
4584,874,6,33,5305.4,20240906
4585,1391,25,59,115320.2,20250527
4586,11,26,78,69855.8,20240511
4587,2754,27,29,56663.38,20240118
4588,1464,35,53,7731.91,20240819
4589,1963,14,12,6546.83,20250523
4590,2071,1,19,139427.52,20240319
4591,1096,27,41,10525.28,20240719
4592,861,34,69,4092.1,20241223
4593,488,39,42,3224.71,20251211
4594,238,34,39,13275.54,20250926
4595,1537,34,15,73750.53,20250721
4596,2543,36,69,7450.02,20260215
4597,2407,37,69,142520.33,20240409
4598,169,13,69,31920.98,20260103
4599,775,39,78,66434.32,20250129
4600,422,24,74,28381.76,20240609
4601,214,7,23,116793.17,20240904
4602,1935,19,12,43625.78,20240607
4603,361,3,11,27179.22,20250215
4604,1485,4,7,13357.15,20241230
4605,778,5,40,29054.58,20240209
4606,2183,6,13,1143.68,20250327
4607,1669,36,39,9632.94,20260128
4608,2900,20,42,39052.23,20250220
4609,753,7,19,13975.95,20250725
4610,1094,4,54,18805.81,20250904
4611,422,11,14,56332.69,20250924
4612,2827,2,8,14750.83,20250124
4613,2721,13,16,12910.74,20240612
4614,2063,10,11,89621.14,20250303
4615,1648,15,49,5981.76,20251015
4616,599,16,25,93902.5,20250125
4617,2902,17,1,60091.75,20260329
4618,570,23,64,42086.26,20240823
4619,2570,13,21,3824.31,20250718
4620,2708,18,72,1094.86,20251022
4621,528,21,25,9619.58,20260122
4622,593,6,38,39731.05,20240505
4623,184,33,3,3607.73,20260104
4624,1637,24,49,18313.79,20250612
4625,711,12,34,35276.3,20240130
4626,1231,17,58,50802.58,20250102
4627,1398,27,75,110036.71,20250913
4628,2600,38,65,4600.46,20240326
4629,1064,29,13,7099.12,20251205
4630,1768,15,66,5609.2,20241228
4631,2091,25,45,41910.27,20250604
4632,2554,5,27,14096.51,20250920
4633,1707,9,76,10226.03,20240223
4634,2978,36,49,13386.09,20240410
4635,2414,35,58,110730.48,20250508
4636,64,36,3,61524.9,20250922
4637,2954,34,76,62805.23,20260217
4638,691,37,38,87852.47,20250727
4639,500,39,73,10506.34,20251229
4640,1261,36,31,14398.46,20240826
4641,1675,4,73,7488.94,20240405
4642,2694,32,2,11201.98,20240509
4643,2118,34,53,24188.56,20250606
4644,612,11,48,6319.97,20251107
4645,2153,35,1,3351.39,20240611
4646,1006,3,56,2682.02,20240606
4647,2193,28,63,8199.35,20250313
4648,76,26,36,12963.2,20250529
4649,1965,18,74,96403.51,20240812
4650,1372,10,30,99883.16,20250501
4651,1957,23,43,12905.48,20240324
4652,2868,18,69,101706.07,20250530
4653,2810,13,38,145497.84,20240330
4654,1756,8,16,8022.55,20240609
4655,1054,18,79,100446.42,20250310
4656,295,28,40,7434.06,20241121
4657,2169,16,2,3095.75,20250327
4658,1438,12,8,8920.14,20240730
4659,155,19,42,2040.41,20240715
4660,636,20,36,81802.0,20251016
4661,2218,14,40,2961.93,20241014
4662,1681,37,67,41761.09,20250125
4663,202,33,5,76666.21,20251211
4664,806,36,1,1964.69,20240727
4665,898,16,48,67887.9,20241207
4666,1991,26,45,8283.07,20260203
4667,65,38,20,32084.55,20250302
4668,1985,26,18,25317.38,20250323
4669,1363,26,39,2904.46,20251006
4670,2455,34,45,94540.13,20240419
4671,2797,31,65,9166.73,20251003
4672,351,23,42,3715.53,20240623
4673,2759,22,41,92420.76,20240121
4674,1583,34,34,15406.98,20240611
4675,1629,33,35,142511.1,20250114
4676,1827,2,62,11477.44,20240103
4677,2305,7,78,2150.61,20260311
4678,1535,10,74,1905.44,20250509
4679,1257,11,44,36573.3,20260323
4680,1129,12,67,107383.96,20250315
4681,1378,31,35,2635.01,20251021
4682,1554,38,5,77842.37,20241224
4683,1242,17,27,191.84,20241129
4684,1770,32,14,21699.13,20260223
4685,2309,5,19,13037.53,20260330
4686,2509,4,63,99778.14,20240929
4687,988,7,15,143059.17,20251211
4688,1900,4,7,4604.93,20250830
4689,2636,9,59,703.04,20241207
4690,1077,10,10,3855.85,20250921
4691,547,11,47,110250.47,20250510
4692,1644,12,29,145050.15,20241210
4693,2597,7,51,4785.09,20260118
4694,1533,40,41,1711.12,20251026
4695,2198,24,45,5136.85,20240528
4696,2762,23,63,6323.97,20260304
4697,1484,7,53,59183.54,20250514
4698,2175,17,16,25760.47,20260317
4699,875,20,57,35790.85,20240901
4700,417,20,76,36769.38,20250421
4701,1043,32,76,102367.81,20240408
4702,1006,8,72,11085.1,20251211
4703,1393,34,28,14416.07,20250808
4704,2925,3,16,14143.62,20250116
4705,1591,25,10,23301.78,20250915
4706,128,3,14,65231.5,20251125
4707,1885,18,74,117461.61,20250127
4708,2871,34,41,59176.86,20250318
4709,2883,29,47,81908.58,20250211
4710,2723,38,55,16303.23,20240830
4711,1446,28,63,72234.55,20240912
4712,1459,39,53,1903.27,20251120
4713,525,33,69,59196.92,20250410
4714,876,34,45,55111.78,20240328
4715,30,35,25,15188.99,20250918
4716,676,20,79,9450.41,20241113
4717,922,37,53,2217.84,20251119
4718,2845,38,3,119921.32,20240305
4719,46,30,30,57769.53,20251114
4720,1495,10,50,3893.48,20250323
4721,744,27,31,8191.33,20241216
4722,2899,5,19,4067.91,20240927
4723,1599,38,14,13095.77,20250619
4724,527,11,10,65768.59,20251119
4725,1321,25,11,101460.99,20240619
4726,2630,10,43,11918.83,20260319
4727,1305,17,35,132469.09,20250207
4728,880,8,41,13805.99,20251217
4729,449,35,44,35082.81,20240319
4730,769,2,44,21037.19,20250405
4731,2655,7,76,1629.8,20250719
4732,1757,7,69,77792.69,20260109
4733,1066,9,22,103572.69,20240323
4734,2712,13,32,14245.66,20240924
4735,400,15,57,32768.59,20240302
4736,47,16,66,45627.7,20250202
4737,1193,31,6,4404.4,20250208
4738,2710,28,14,21373.72,20250307
4739,1546,19,78,1262.47,20250421
4740,2680,5,54,112.66,20250307
4741,604,21,70,76884.58,20250525
4742,2298,22,39,16988.33,20250208
4743,911,23,21,10269.58,20250811
4744,1346,17,79,12829.31,20251101
4745,2412,26,5,9611.73,20240421
4746,945,2,50,86432.96,20251202
4747,136,32,2,123491.01,20250805
4748,2712,39,58,1562.0,20241210
4749,1531,7,25,2727.36,20240311
4750,2374,1,60,149151.11,20240525
4751,1011,31,32,21843.03,20241206
4752,1397,26,1,114721.31,20260310
4753,2341,2,71,953.74,20250309
4754,1132,10,78,7376.94,20260322
4755,2234,35,65,1075.04,20250111
4756,2617,36,53,19409.31,20250928
4757,346,22,33,2298.31,20241130
4758,2828,8,4,9034.74,20260301
4759,193,6,20,60080.35,20241107
4760,2341,33,75,1298.26,20240329
4761,904,39,59,2874.68,20240113
4762,334,2,25,10109.25,20250519
4763,1851,37,39,42102.56,20250527
4764,1565,4,12,14717.71,20251216
4765,2600,38,42,52938.1,20240825
4766,2289,6,72,51078.81,20250129
4767,1874,28,8,119315.32,20250217
4768,1271,38,59,47145.07,20240817
4769,1936,3,30,4229.52,20251016
4770,1722,29,43,967.53,20250817
4771,1394,11,1,13545.92,20240927
4772,177,29,28,45713.39,20250630
4773,1586,13,44,2752.87,20241218
4774,1864,38,47,3270.77,20240222
4775,1956,8,14,14503.32,20241102
4776,1937,29,47,1498.89,20250812
4777,1714,10,66,10430.55,20241225
4778,682,37,27,122732.35,20240604
4779,2787,19,27,8096.74,20241001
4780,1057,25,68,703.12,20250603
4781,1778,38,77,14962.04,20240112
4782,2941,5,28,74162.67,20251027
4783,2245,40,57,3078.23,20250223
4784,2442,3,27,135748.18,20250325
4785,592,32,60,93450.11,20250220
4786,1819,26,11,4082.88,20260202
4787,977,8,17,14248.93,20260216
4788,768,3,53,49780.54,20240625
4789,688,29,21,4837.5,20251030
4790,991,30,19,1043.7,20260305
4791,1034,31,3,100181.74,20240823
4792,1548,17,30,125871.39,20240129
4793,2681,33,44,48460.37,20241218
4794,1324,39,40,89899.15,20250205
4795,994,4,5,15240.51,20241217
4796,1040,36,44,13060.8,20240928
4797,1396,37,15,8443.91,20260309
4798,2132,17,22,12819.15,20260222
4799,587,1,42,1815.31,20241114
4800,1240,24,43,4874.69,20250224
4801,2256,29,70,7715.4,20250310
4802,173,2,76,23563.69,20240703
4803,308,3,12,927.04,20240912
4804,2295,27,27,145949.05,20241129
4805,540,31,73,15625.87,20251108
4806,2128,5,33,15646.36,20240612
4807,1484,12,74,65417.43,20250804
4808,2366,20,15,2422.06,20251113
4809,749,33,1,662.67,20240718
4810,322,12,68,122.0,20241127
4811,325,11,3,5371.07,20251202
4812,2881,1,11,13781.56,20260118
4813,1113,13,36,6051.93,20250110
4814,2698,5,8,10216.64,20240520
4815,1911,2,13,49289.1,20240514
4816,2788,17,36,3836.79,20251128
4817,2955,31,69,66892.75,20240823
4818,773,18,74,5092.97,20250709
4819,581,36,28,2587.67,20250520
4820,43,6,34,89538.13,20251021
4821,629,21,52,7236.08,20250831
4822,2719,33,13,2056.68,20260129
4823,392,7,73,102454.82,20240108
4824,2742,24,80,10178.85,20250509
4825,536,25,72,1816.95,20250808
4826,1446,26,30,11219.32,20260108
4827,16,37,26,19405.86,20250405
4828,662,7,44,2968.9,20250601
4829,1524,8,10,4826.87,20251008
4830,2476,6,37,16925.2,20260401
4831,1912,30,39,41433.58,20240120
4832,752,32,60,4975.1,20241113
4833,1579,33,77,2955.84,20240611
4834,974,12,39,43784.86,20250712
4835,1925,16,56,143821.06,20260321
4836,1057,36,40,82402.14,20260208
4837,1247,30,67,52224.84,20241216
4838,1483,22,52,3307.07,20250120
4839,2771,11,79,21710.03,20250614
4840,1107,2,38,26093.78,20240819
4841,1716,2,7,1535.76,20250818
4842,270,23,62,57320.46,20250907
4843,1180,26,49,2441.62,20240510
4844,2433,4,5,716.86,20240924
4845,946,5,11,2121.7,20250905
4846,241,22,19,110831.36,20251006
4847,466,12,24,51424.49,20251228
4848,1060,22,54,60396.09,20240308
4849,48,34,35,146055.59,20240114
4850,913,10,43,4600.19,20260327
4851,1118,20,21,88573.46,20260124
4852,993,21,79,48140.64,20251014
4853,1972,6,46,13845.64,20251211
4854,692,14,21,4328.92,20240121
4855,968,1,6,39873.0,20260309
4856,66,4,56,15743.72,20250730
4857,277,20,39,68182.02,20250220
4858,1022,21,41,9306.4,20250515
4859,2927,12,32,105625.63,20240223
4860,2453,20,8,2062.71,20250519
4861,1097,15,80,9136.06,20250107
4862,2802,38,3,27933.28,20240824
4863,2752,12,45,39016.3,20240805
4864,2843,24,59,43503.81,20250725
4865,2093,25,29,23609.0,20260328
4866,953,26,32,196.5,20250507
4867,1734,12,20,26561.57,20240823
4868,89,35,48,11614.14,20240916
4869,645,29,30,58593.45,20250414
4870,1638,30,32,1374.04,20240315
4871,1997,24,46,1700.6,20240130
4872,222,18,7,64584.25,20250525
4873,2815,22,51,19074.37,20251025
4874,2543,34,48,10340.48,20250830
4875,2092,3,63,14869.69,20240826
4876,1022,23,3,1969.67,20240403
4877,2987,40,33,14452.19,20240816
4878,451,32,41,51235.28,20250426
4879,1607,15,23,10175.46,20240504
4880,1138,2,56,9845.25,20240514
4881,305,35,47,3750.4,20240517
4882,38,1,59,5130.21,20240514
4883,171,3,8,18821.18,20241116
4884,1579,23,54,73246.49,20251106
4885,1254,5,28,77901.04,20240320
4886,173,38,5,967.58,20250601
4887,1711,4,28,1360.56,20241018
4888,2149,7,69,39343.93,20250609
4889,1601,25,32,46926.13,20241014
4890,2082,35,46,44225.2,20250221
4891,1447,39,6,44558.17,20251202
4892,2422,26,72,12740.35,20251107
4893,1961,13,5,3817.45,20250124
4894,2927,1,71,58020.92,20240608
4895,1833,15,25,3398.82,20241024
4896,1159,16,67,47401.18,20250306
4897,118,15,7,3663.04,20251230
4898,2452,37,48,98475.86,20250616
4899,1164,14,53,13010.09,20241220
4900,1588,37,5,135920.84,20240923
4901,2963,24,9,7888.9,20250611
4902,414,22,39,30321.97,20250518
4903,2740,24,52,8906.59,20241225
4904,367,29,27,149598.62,20240911
4905,2949,25,45,18673.95,20240117
4906,1756,14,31,16780.44,20241220
4907,992,27,26,3547.18,20250508
4908,2283,38,21,7881.3,20251205
4909,2243,10,2,2600.76,20241016
4910,236,30,48,3299.76,20251111
4911,2696,31,44,5718.21,20240125
4912,2078,3,73,9257.96,20240202
4913,2327,26,59,18408.85,20240801
4914,554,7,51,2650.1,20250504
4915,1156,35,29,21714.65,20260328
4916,326,36,41,1384.96,20250817
4917,926,32,36,51131.6,20250925
4918,2320,27,41,9034.82,20250804
4919,626,32,25,50184.16,20250131
4920,1547,40,44,2445.63,20250912
4921,2589,1,22,9320.66,20241201
4922,920,19,5,1324.08,20240512
4923,1850,7,24,1972.98,20250424
4924,2125,3,34,486.18,20250112
4925,680,33,2,18499.04,20251006
4926,1767,6,70,1972.3,20250216
4927,2373,7,68,4264.02,20240810
4928,1991,3,75,27043.47,20241009
4929,1706,9,18,33621.3,20240717
4930,2260,19,39,2015.45,20241126
4931,656,17,72,16646.96,20240528
4932,1610,12,10,5395.71,20250711
4933,1893,13,47,4354.7,20240828
4934,451,3,20,27937.29,20240316
4935,2406,17,16,10506.56,20251008
4936,2351,25,11,119090.35,20251116
4937,379,37,16,4691.72,20260312
4938,2522,18,41,16384.36,20260329
4939,2455,19,39,14389.78,20251123
4940,2741,19,9,6728.9,20250719
4941,1151,21,9,27232.89,20240321
4942,2595,22,2,2521.07,20250729
4943,2884,23,41,13902.82,20251215
4944,2739,24,40,2280.18,20250824
4945,1697,25,36,25011.81,20250104
4946,1857,26,65,12293.41,20250130
4947,90,27,34,88453.72,20240311
4948,1114,9,20,15377.09,20250203
4949,2457,29,7,62655.89,20250428
4950,912,30,58,114333.71,20240128
4951,2379,34,58,53575.26,20251004
4952,1012,15,51,72907.96,20240823
4953,2581,20,10,57560.97,20240709
4954,919,34,58,100181.23,20240118
4955,2879,3,45,5057.98,20240307
4956,989,36,5,13956.44,20250210
4957,2469,22,38,7007.17,20250630
4958,1320,38,5,15842.71,20240618
4959,252,39,38,14034.29,20240122
4960,1231,25,75,8300.11,20250905
4961,1034,30,2,12023.37,20250604
4962,104,30,60,2085.91,20240419
4963,1992,15,62,90665.73,20250331
4964,2440,4,26,69320.52,20241113
4965,454,5,57,53853.99,20240415
4966,1734,3,36,11687.82,20260216
4967,1098,7,12,23071.39,20240405
4968,1733,15,30,7016.66,20250829
4969,1242,27,44,3361.36,20250615
4970,2325,31,4,4706.6,20240822
4971,999,4,40,114496.05,20250103
4972,2391,12,52,110315.13,20250822
4973,2940,13,79,4681.63,20250130
4974,965,14,59,3273.21,20250412
4975,1752,10,35,144998.77,20241106
4976,624,13,72,7934.34,20260110
4977,1350,16,80,16993.05,20250120
4978,1590,6,34,17382.26,20251105
4979,1121,8,62,79327.47,20240904
4980,1764,20,47,70767.2,20240204
4981,938,30,78,53081.29,20250504
4982,498,22,4,680.37,20260104
4983,2283,24,34,110673.18,20250824
4984,2428,39,58,59293.76,20240801
4985,2715,21,47,13093.29,20241030
4986,2455,17,17,1068.64,20240824
4987,2967,26,51,3508.49,20240411
4988,1320,28,8,19315.14,20250105
4989,1596,1,7,1333.95,20240626
4990,456,4,11,63782.87,20260326
4991,289,30,25,51471.75,20250301
4992,2554,6,18,24344.23,20240915
4993,193,36,66,69156.18,20240102
4994,2175,25,74,3310.23,20240716
4995,2813,36,52,26660.42,20251127
4996,894,36,34,726.5,20251121
4997,2770,30,32,88799.29,20250520
4998,1299,5,78,17193.53,20250106
4999,2173,9,3,719.58,20240314
5000,2156,26,37,4659.8,20240324
5001,2614,15,4,2455.39,20240305
5002,477,28,78,4196.87,20240925
5003,1298,40,76,2175.45,20240712
5004,1780,4,32,36037.03,20250418
5005,2730,5,74,4893.9,20250814
5006,574,35,20,3327.09,20241217
5007,717,39,31,124655.62,20240414
5008,2559,11,24,95812.54,20250911
5009,1698,17,39,23016.08,20250921
5010,2580,35,56,5929.21,20240911
5011,305,15,29,2581.52,20240428
5012,2479,2,42,51704.2,20240125
5013,1368,23,77,42476.16,20240328
5014,2862,31,68,11792.93,20250201
5015,704,37,13,4652.45,20240223
5016,1092,16,60,808.32,20260117
5017,2968,26,3,13717.24,20240701
5018,2084,18,69,38948.05,20241127
5019,1412,38,73,21849.88,20241123
5020,2956,37,26,7557.7,20240820
5021,2372,23,9,127975.18,20250515
5022,1044,18,11,145017.16,20240529
5023,888,30,2,9829.3,20251122
5024,608,26,60,112362.92,20250311
5025,1495,19,21,2529.42,20240613
5026,60,24,51,47039.26,20260326
5027,2865,27,22,257.16,20250604
5028,571,15,22,149249.42,20250726
5029,2798,34,26,292.65,20250428
5030,941,23,38,17882.36,20250327
5031,11,1,9,1809.78,20240707
5032,2255,32,70,78394.59,20240124
5033,285,11,63,1341.58,20251120
5034,858,21,9,110764.32,20260219
5035,1341,6,3,51852.92,20260118
5036,133,40,39,14397.93,20240323
5037,528,37,23,3866.06,20251228
5038,860,29,18,109710.62,20240114
5039,629,34,30,1279.07,20240209
5040,2743,40,19,84941.34,20240713
5041,1356,37,15,24501.47,20250412
5042,2295,2,78,15466.64,20240524
5043,1624,3,55,4368.88,20251227
5044,1931,20,2,12438.22,20250725
5045,1042,17,9,1111.07,20240102
5046,1602,6,60,6453.49,20250322
5047,1178,7,43,4644.69,20250713
5048,2986,32,53,7060.2,20241203
5049,2840,9,1,15702.6,20250226
5050,488,21,3,3027.08,20240408
5051,2521,27,13,145362.08,20250221
5052,2902,11,32,14162.68,20240615
5053,2264,21,65,14986.93,20260323
5054,2654,20,31,19482.99,20250411
5055,235,20,64,18464.06,20260127
5056,2771,16,47,42666.38,20241214
5057,475,11,42,92819.01,20240330
5058,744,35,71,61278.54,20250321
5059,906,19,57,968.12,20240211
5060,975,20,46,64251.38,20240120
5061,29,38,61,4465.38,20250603
5062,277,20,17,4200.17,20250318
5063,1508,22,38,50686.42,20240813
5064,186,23,73,3021.66,20240704
5065,2032,6,14,9137.62,20250331
5066,2246,26,40,63894.09,20250829
5067,1812,21,14,7548.3,20240526
5068,2251,23,68,79799.03,20240101
5069,447,11,24,80418.13,20240209
5070,1553,39,49,3905.28,20240725
5071,802,31,56,1108.67,20250610
5072,2604,34,76,14742.85,20250603
5073,2814,32,36,113797.33,20240108
5074,479,37,78,13635.05,20260128
5075,519,22,51,2928.85,20250831
5076,866,32,70,13773.11,20240813
5077,2103,36,79,13694.21,20240529
5078,430,17,31,6551.9,20251029
5079,995,39,73,80763.51,20251214
5080,972,19,79,77760.94,20250426
5081,2982,20,36,19614.25,20260312
5082,2702,2,40,56044.02,20251019
5083,1851,11,55,14128.0,20240214
5084,1407,4,30,1989.45,20260228
5085,2327,5,51,62644.42,20241229
5086,1062,6,75,14113.56,20260121
5087,2113,37,7,3930.17,20250917
5088,2345,24,65,125608.74,20251221
5089,914,32,43,54602.3,20260213
5090,2262,10,62,13486.87,20260327
5091,1256,32,27,6533.89,20240811
5092,2745,12,60,14945.1,20251029
5093,2811,13,41,144449.2,20240406
5094,2015,14,50,9986.86,20240103
5095,809,33,42,3556.08,20240714
5096,1675,39,44,1191.16,20240712
5097,2794,12,29,4774.28,20241207
5098,2800,21,26,62373.45,20240521
5099,2845,22,16,39395.06,20241117
5100,1076,4,25,9722.97,20240608
5101,1098,5,38,4846.04,20240908
5102,137,23,41,15948.11,20241203
5103,172,10,5,1788.91,20250407
5104,1031,24,54,49917.72,20250426
5105,1477,31,51,24910.17,20260322
5106,2257,39,12,3853.26,20240420
5107,59,21,4,9813.38,20260119
5108,631,28,20,115542.58,20240415
5109,2909,24,50,3280.63,20251102
5110,2847,1,33,4965.97,20250724
5111,2379,9,53,1911.61,20241214
5112,28,32,69,111740.06,20250314
5113,887,33,18,124261.31,20241115
5114,2362,4,34,6739.2,20240715
5115,729,16,52,1189.63,20250616
5116,583,28,73,69013.86,20251107
5117,753,37,73,3572.38,20251203
5118,2772,38,14,68688.22,20241211
5119,1769,30,4,120523.66,20240208
5120,442,40,8,76713.93,20251125
5121,1036,3,59,95922.42,20240801
5122,470,5,71,12183.09,20240616
5123,2811,38,10,56440.03,20260212
5124,2658,8,1,40481.67,20250121
5125,349,5,54,4140.64,20250506
5126,516,33,30,104041.16,20250726
5127,745,4,41,77781.29,20241013
5128,2012,35,57,9686.2,20241127
5129,255,10,21,71799.81,20240528
5130,106,11,54,16696.6,20260204
5131,1060,27,47,91942.82,20241025
5132,1109,1,73,9114.26,20240520
5133,2650,17,57,16460.23,20240120
5134,1404,14,60,14048.1,20240920
5135,2847,15,64,78896.31,20250421
5136,58,39,35,72960.52,20240924
5137,1877,4,56,6702.57,20250424
5138,2106,30,20,15670.94,20250921
5139,2140,19,77,1600.94,20250212
5140,1643,5,49,2611.98,20240530
5141,6,32,10,35538.43,20240128
5142,1371,26,70,18859.37,20240204
5143,305,26,49,1148.04,20240725
5144,1507,10,60,79959.27,20250814
5145,714,17,18,10712.09,20240506
5146,1529,18,11,56353.42,20240831
5147,2363,40,72,122934.42,20240327
5148,1803,28,16,92301.38,20250618
5149,2966,32,14,105.76,20250610
5150,1915,4,61,935.7,20250506
5151,922,36,75,1815.01,20240819
5152,1554,10,38,3686.85,20250903
5153,1342,6,5,2123.13,20240224
5154,2771,7,64,140270.01,20240222
5155,2976,35,48,60268.19,20240129
5156,1184,11,30,3080.36,20251112
5157,49,12,80,42831.27,20240324
5158,2471,30,43,1885.92,20251001
5159,1317,29,40,4353.96,20250308
5160,1420,40,79,128084.15,20240620
5161,231,1,52,106963.38,20240618
5162,2945,2,38,2582.08,20260308
5163,2786,6,25,112997.77,20260316
5164,2510,29,55,2347.07,20260310
5165,2813,25,69,116402.62,20260228
5166,20,21,44,3743.36,20250120
5167,1876,3,47,11735.5,20260325
5168,1602,6,36,6316.36,20260110
5169,2112,9,44,70999.46,20240205
5170,185,29,33,6610.75,20241017
5171,2529,28,27,62991.13,20250801
5172,998,29,76,24382.78,20260222
5173,371,4,67,2394.84,20240429
5174,2189,14,55,4023.34,20240313
5175,2978,15,22,9535.63,20251115
5176,1688,16,27,23207.21,20250813
5177,2963,18,69,12462.28,20250409
5178,640,18,54,105432.54,20240210
5179,2029,9,2,40132.23,20250922
5180,2240,37,67,12921.87,20241030
5181,418,10,9,4614.8,20250715
5182,1047,35,36,7586.73,20251130
5183,1208,23,32,59656.12,20240106
5184,2954,17,61,144593.39,20250508
5185,322,32,44,11045.3,20250316
5186,1410,40,24,332.35,20241004
5187,2539,34,80,9197.28,20250314
5188,2150,31,43,96658.44,20250708
5189,1057,19,9,4902.93,20250609
5190,2501,9,75,1460.41,20240428
5191,2832,39,56,74073.35,20240104
5192,2718,38,27,57153.46,20241206
5193,2114,8,20,68994.0,20240912
5194,1173,31,78,101137.2,20250624
5195,2741,8,9,2167.47,20260318
5196,558,16,8,2106.99,20250215
5197,1374,34,4,23668.97,20250304
5198,1552,38,17,116168.25,20240414
5199,989,39,28,102636.53,20241102
5200,2665,32,9,144828.85,20240629
5201,664,1,59,2127.9,20251026
5202,431,2,10,8658.21,20240305
5203,2014,12,72,90668.83,20240115
5204,195,27,10,8554.21,20260328
5205,1421,33,43,83937.58,20241101
5206,1449,19,11,6618.76,20240825
5207,2575,34,23,18636.8,20240618
5208,2715,35,49,2953.14,20240624
5209,2513,9,76,11887.99,20241119
5210,720,11,69,88376.38,20241113
5211,1345,11,32,7286.11,20240206
5212,687,35,72,55238.66,20251121
5213,687,13,21,31852.21,20260121
5214,1564,19,17,3911.79,20250318
5215,1969,9,55,140830.77,20260205
5216,1385,16,19,3541.87,20260307
5217,120,10,1,9523.98,20250122
5218,1839,18,57,14915.18,20250509
5219,1666,19,69,76744.1,20240108
5220,2613,24,62,4137.01,20240929
5221,711,21,17,1776.4,20250311
5222,150,22,43,84961.75,20251231
5223,2891,14,8,64155.4,20241231
5224,2606,9,22,3902.15,20240813
5225,93,11,33,30829.32,20250403
5226,1357,19,53,91832.96,20240605
5227,2869,38,58,12270.81,20260319
5228,428,28,62,104401.07,20241027
5229,1474,27,37,45307.78,20240311
5230,954,22,49,133027.85,20250416
5231,2110,17,56,21320.7,20241012
5232,768,40,10,11445.55,20240731
5233,1353,30,57,26256.76,20250908
5234,663,34,79,1147.94,20250309
5235,2429,18,21,142202.18,20250819
5236,1690,36,72,5854.44,20250514
5237,349,37,7,61994.02,20240301
5238,2359,8,31,4311.33,20240907
5239,1540,39,29,7983.19,20260216
5240,2559,40,71,1843.68,20250716
5241,70,24,28,7864.32,20251120
5242,1336,2,17,79414.46,20240721
5243,1888,3,41,83830.28,20250607
5244,2704,30,75,6121.4,20250317
5245,1396,40,73,5948.35,20250521
5246,1404,16,50,4883.69,20240127
5247,340,20,66,2859.41,20251008
5248,305,40,45,4389.13,20241020
5249,2715,10,8,56725.91,20240514
5250,2170,33,21,136248.61,20260303
5251,395,40,24,34576.82,20241116
5252,2013,12,38,27452.71,20250118
5253,166,9,61,18723.59,20240728
5254,1898,14,66,11710.48,20240925
5255,773,24,31,15612.24,20240228
5256,691,19,37,59262.16,20240403
5257,2387,17,56,88677.37,20240626
5258,91,6,23,1518.85,20260324
5259,1482,11,46,66705.55,20240209
5260,2328,20,4,2901.2,20250819
5261,2490,6,18,13951.02,20250504
5262,1239,6,71,4530.76,20241128
5263,467,23,39,31304.85,20260311
5264,2909,5,26,1383.73,20250529
5265,2554,12,60,98107.46,20251203
5266,761,19,17,11163.86,20240330
5267,107,40,12,3863.22,20240603
5268,162,28,76,85325.1,20240817
5269,2532,39,7,47036.26,20240615
5270,2914,30,49,45877.68,20250624
5271,647,31,74,6389.36,20250104
5272,148,5,28,13683.96,20250827
5273,2979,14,13,29070.01,20250729
5274,1766,26,63,144683.13,20240827
5275,2850,31,11,14883.82,20251229
5276,2830,37,12,103132.65,20240810
5277,1963,37,42,34969.7,20250602
5278,844,2,32,2568.2,20260109
5279,2427,2,64,114369.56,20240926
5280,1945,23,8,24207.63,20250615
5281,2881,1,59,7352.95,20260208
5282,856,2,4,4908.83,20250121
5283,2064,6,8,54660.28,20251019
5284,1801,2,25,92694.64,20251207
5285,843,5,52,99566.7,20260301
5286,2433,26,77,22952.29,20241219
5287,1006,9,32,71637.7,20250911
5288,120,21,67,109702.83,20240301
5289,2030,5,36,93980.76,20250816
5290,1023,10,39,8832.06,20240721
5291,1664,35,63,129769.4,20260329
5292,2219,36,25,4994.4,20251213
5293,997,39,1,133785.3,20240624
5294,2149,21,70,84075.38,20240525
5295,1384,23,41,13874.99,20250717
5296,469,27,4,1136.71,20260226
5297,677,16,55,139513.93,20250615
5298,2244,13,51,8597.25,20240730
5299,596,35,3,129354.42,20240716
5300,1685,20,47,31713.62,20240829
5301,1121,31,35,6568.42,20250307
5302,362,22,52,8161.45,20250517
5303,1414,37,57,617.68,20241206
5304,1066,20,1,2058.22,20240504
5305,1104,25,11,2448.14,20260206
5306,462,14,49,2253.12,20250711
5307,1562,27,40,10451.87,20250705
5308,1537,28,67,13844.06,20240722
5309,91,22,44,41630.17,20260205
5310,1058,30,51,46110.98,20241225
5311,2075,15,64,14576.87,20250123
5312,112,32,35,31635.63,20240930
5313,2321,27,55,34416.36,20241212
5314,354,34,53,1124.13,20240108
5315,614,34,49,845.72,20260305
5316,2814,36,13,9695.74,20240930
5317,1600,15,69,116686.8,20240731
5318,2380,29,3,3324.79,20240226
5319,2934,6,53,4276.73,20240131
5320,286,40,34,262.42,20240426
5321,2574,1,35,4367.67,20250624
5322,1899,2,54,70370.38,20250430
5323,1355,37,43,65785.32,20250807
5324,2433,17,37,1593.92,20240704
5325,2360,9,11,117350.06,20250314
5326,1449,9,61,4228.59,20251215
5327,50,7,9,3359.78,20240108
5328,1889,19,41,46610.18,20241109
5329,2762,9,53,4090.43,20241116
5330,1731,10,66,91604.36,20240615
5331,2814,3,7,83233.74,20240403
5332,2279,7,17,38371.7,20250421
5333,1384,5,31,56903.08,20251102
5334,2320,19,12,102915.75,20260307
5335,2610,16,41,3432.22,20251223
5336,2220,16,28,15590.43,20260317
5337,1933,26,63,928.01,20250701
5338,2702,18,18,149161.04,20240507
5339,1122,31,13,17762.58,20250122
5340,533,5,68,30623.85,20250727
5341,2138,18,10,144772.17,20251122
5342,495,22,54,59029.31,20250813
5343,1056,23,11,472.73,20250214
5344,988,24,74,19987.49,20250531
5345,707,20,63,67221.31,20241106
5346,2747,35,44,144750.51,20260227
5347,2741,19,72,23088.16,20260108
5348,1921,8,19,7418.88,20240227
5349,389,29,72,4391.51,20241208
5350,680,37,75,8708.42,20240616
5351,1663,2,19,9603.07,20251112
5352,833,14,74,2208.85,20260106
5353,1260,34,18,2350.93,20250223
5354,57,34,61,15486.45,20240102
5355,2432,2,58,100004.03,20260206
5356,2131,34,66,97478.37,20250514
5357,1781,38,29,18421.45,20251222
5358,2894,38,66,7743.83,20260330
5359,2433,39,56,1437.52,20241004
5360,1804,12,79,11115.51,20250707
5361,1174,18,44,7278.46,20250501
5362,1750,24,36,61166.07,20240516
5363,657,29,76,63006.06,20250606
5364,1434,4,6,60311.01,20250814
5365,543,4,24,28049.85,20260222
5366,2505,15,8,19511.89,20250210
5367,1594,17,45,36250.95,20260131
5368,1816,8,2,76477.28,20250115
5369,136,30,34,138367.66,20260216
5370,1373,10,66,88160.45,20240820
5371,1114,31,48,3052.93,20240601
5372,2286,12,74,713.21,20251226
5373,2950,14,52,19677.17,20240304
5374,796,14,56,12209.34,20240801
5375,531,15,46,1163.79,20240921
5376,2129,16,18,40714.31,20260228
5377,763,38,27,2536.73,20240629
5378,2939,4,1,1189.23,20240822
5379,584,17,5,3495.34,20241115
5380,1095,20,30,116598.27,20240112
5381,2568,33,27,56209.99,20251009
5382,2600,6,17,1476.56,20250212
5383,2564,18,60,3263.78,20250714
5384,2146,24,15,2255.45,20250829
5385,2699,2,50,4752.44,20250808
5386,1461,10,13,6173.41,20251223
5387,2210,30,80,2498.39,20251214
5388,1324,28,19,37630.72,20240131
5389,1756,24,79,45768.47,20250908
5390,2156,14,74,54199.61,20240515
5391,2514,30,67,27292.86,20250412
5392,2841,16,22,108103.54,20240323
5393,2383,27,45,12080.33,20250118
5394,2806,9,43,3918.95,20251128
5395,2660,3,52,48138.59,20250320
5396,2025,6,39,49010.02,20241031
5397,1756,37,72,95010.79,20250628
5398,365,1,30,7488.31,20250922
5399,601,25,22,7031.51,20241113
5400,2319,16,57,2511.69,20241226
5401,1699,1,78,3882.58,20251123
5402,1184,2,72,99961.27,20250902
5403,1172,28,48,65222.62,20260317
5404,2104,3,7,10586.48,20240229
5405,65,30,27,14897.45,20240403
5406,2798,11,45,10400.73,20240814
5407,840,12,22,10195.36,20250417
5408,1852,8,28,57060.53,20250601
5409,2735,7,75,147359.51,20250312
5410,1239,28,51,263.59,20240111
5411,632,20,58,11469.06,20240731
5412,2830,12,61,71492.61,20251005
5413,2581,6,62,6003.66,20250106
5414,2525,39,26,16001.71,20260316
5415,1199,24,72,2354.18,20250228
5416,2011,18,54,782.34,20241224
5417,1045,14,30,19246.64,20241103
5418,234,21,17,2258.35,20250716
5419,2701,28,45,14207.39,20240131
5420,2222,20,58,46484.44,20250329
5421,2211,29,36,31774.22,20250625
5422,178,26,66,4094.91,20241229
5423,167,21,8,74657.39,20250530
5424,2338,25,36,5175.0,20250607
5425,678,25,29,124287.96,20251017
5426,1468,26,52,63089.64,20240825
5427,765,23,50,62896.96,20240424
5428,1851,28,67,98882.8,20250531
5429,1272,19,49,320.53,20241204
5430,2407,14,62,513.49,20241102
5431,1883,38,16,53742.41,20241009
5432,727,32,44,36952.19,20240709
5433,2978,26,41,118216.54,20240831
5434,2909,5,73,11249.36,20250222
5435,503,39,29,6046.21,20241105
5436,2228,26,1,48167.75,20240514
5437,1286,1,4,16390.99,20250611
5438,1974,38,67,48959.07,20260315
5439,281,39,38,13605.43,20240201
5440,2220,40,48,17194.94,20240406
5441,2680,39,38,9109.93,20260204
5442,475,2,52,93866.57,20250815
5443,1377,3,13,277.29,20241230
5444,1687,6,65,4840.92,20250813
5445,315,35,2,16001.59,20250519
5446,2448,11,72,50773.98,20240531
5447,416,6,20,184.64,20251219
5448,305,18,74,4790.06,20240523
5449,173,17,6,3682.27,20240518
5450,1958,5,61,14211.37,20240806
5451,1429,29,33,6085.02,20250723
5452,436,12,24,133.83,20250213
5453,538,15,8,15885.37,20260128
5454,301,32,12,9286.73,20250114
5455,1768,15,9,13262.56,20250721
5456,2733,15,79,501.16,20240504
5457,243,17,46,140401.47,20240719
5458,2029,9,8,17558.92,20250604
5459,472,22,77,15866.59,20240814
5460,2069,7,3,11321.94,20251205
5461,442,26,71,14225.91,20251010
5462,127,6,9,14536.41,20250102
5463,1730,23,16,15213.42,20240810
5464,423,36,2,122183.04,20260305
5465,1668,35,10,53164.14,20260326
5466,1052,26,71,84943.21,20240414
5467,1334,27,73,1438.56,20250731
5468,48,22,65,1081.82,20250217
5469,2836,17,44,50262.54,20240514
5470,903,35,45,76185.79,20250724
5471,1057,31,36,105001.96,20250513
5472,2535,19,80,27878.68,20251112
5473,1815,12,41,9358.87,20251028
5474,2186,34,52,55586.22,20251004
5475,1415,35,13,9467.48,20250906
5476,2030,36,52,141960.13,20241019
5477,2754,34,41,2400.12,20241027
5478,2812,39,58,18179.41,20240517
5479,1599,35,52,2187.23,20260215
5480,1264,9,35,653.62,20240713
5481,2586,27,62,133896.8,20250831
5482,1551,2,64,15867.38,20250113
5483,184,3,47,12501.28,20241029
5484,356,10,42,14325.84,20240730
5485,1394,5,50,5833.57,20240726
5486,2141,20,77,1081.83,20241124
5487,737,7,8,13299.98,20250408
5488,2564,15,43,11818.01,20240109
5489,2945,9,35,62565.65,20240711
5490,1350,40,30,4600.86,20240118
5491,613,11,16,10294.34,20240905
5492,2371,12,34,72939.26,20240530
5493,1136,5,36,3655.13,20260322
5494,1989,17,26,12304.24,20250705
5495,2424,10,39,133873.61,20250508
5496,471,34,19,91002.67,20240408
5497,2551,34,11,554.37,20250518
5498,175,37,50,2526.69,20240116
5499,1673,30,67,17299.55,20240615
5500,890,24,65,118126.67,20250321
5501,1421,27,28,2313.13,20241016
5502,589,22,64,42670.15,20250629
5503,761,23,42,6634.06,20241029
5504,1909,36,24,29520.17,20240310
5505,1023,25,47,6893.17,20240217
5506,765,31,21,2814.69,20250623
5507,1625,25,49,118454.36,20250327
5508,2237,20,42,64340.95,20250707
5509,2725,29,61,7254.45,20260110
5510,882,25,72,25705.26,20251201
5511,1522,9,51,3060.47,20240415
5512,142,19,11,566.88,20251101
5513,901,33,16,122745.79,20240926
5514,1137,23,19,96827.06,20240324
5515,1565,23,60,15874.85,20250903
5516,875,36,79,25341.57,20240728
5517,2800,15,30,573.75,20240505
5518,2379,11,80,4447.1,20260315
5519,117,39,6,16919.01,20250423
5520,927,40,77,122937.05,20241105
5521,2915,23,71,84523.47,20260126
5522,2174,6,61,12724.53,20260121
5523,536,3,74,6648.59,20251228
5524,1046,4,56,3492.2,20250913
5525,1182,3,27,2623.35,20250517
5526,763,6,78,35278.24,20240620
5527,1799,7,58,32420.6,20240211
5528,2998,34,28,109149.1,20241115
5529,1884,32,33,92224.82,20241113
5530,1650,23,52,55626.07,20240814
5531,1547,9,21,1444.09,20250405
5532,742,35,17,68937.49,20240503
5533,2063,35,22,2947.04,20240805
5534,1804,14,34,2822.43,20240924
5535,46,24,76,97830.58,20240721
5536,151,26,51,11613.44,20251109
5537,1444,7,24,106605.87,20250710
5538,843,34,36,23928.09,20240927
5539,376,19,67,17626.49,20250729
5540,1774,10,34,78608.52,20260328
5541,963,6,61,13876.38,20250202
5542,2974,25,33,5297.02,20251228
5543,1683,38,45,2349.53,20251206
5544,2562,37,34,3716.75,20250719
5545,2047,13,14,10493.86,20240909
5546,793,26,44,119198.11,20250223
5547,1638,34,64,84550.82,20250515
5548,859,36,55,2491.77,20250804
5549,1265,29,33,20646.4,20260305
5550,902,36,4,29486.59,20241220
5551,1220,31,63,53926.79,20260329
5552,2486,32,63,1040.74,20250914
5553,136,33,11,34947.59,20240129
5554,1262,1,40,3087.97,20241208
5555,1691,32,80,3568.0,20240722
5556,2397,6,1,61860.55,20240924
5557,1575,17,59,19039.84,20240409
5558,2698,6,44,22411.26,20251005
5559,110,40,74,1198.44,20251108
5560,1586,3,75,7465.06,20240824
5561,743,30,24,35362.29,20260331
5562,711,2,66,6458.28,20251121
5563,649,24,80,8946.59,20250325
5564,2645,29,80,607.44,20260209
5565,1913,5,15,16771.68,20250515
5566,393,30,64,5315.56,20250925
5567,2991,27,1,101295.55,20240706
5568,1665,35,71,8768.21,20241214
5569,2146,39,61,15209.33,20240205
5570,1551,31,76,75632.29,20250527
5571,797,27,36,12609.88,20251214
5572,690,10,63,106161.26,20240222
5573,1738,23,77,129155.43,20251104
5574,1081,34,57,125101.78,20260328
5575,2390,29,11,6390.15,20240922
5576,978,16,57,7394.87,20251005
5577,148,9,33,132259.47,20251025
5578,1814,39,1,11845.14,20240904
5579,2148,21,30,59373.13,20251126
5580,971,23,36,53630.77,20240128
5581,1975,24,30,70017.47,20240203
5582,2186,26,75,1157.97,20260116
5583,496,23,77,18989.73,20250913
5584,2150,24,36,5241.21,20260128
5585,857,25,36,7646.06,20250414
5586,1583,26,33,31381.11,20260109
5587,579,34,30,5399.16,20240216
5588,1769,28,38,2314.58,20250818
5589,1750,29,51,80746.28,20251025
5590,895,9,63,15038.56,20240910
5591,2537,8,43,66667.71,20250807
5592,2903,37,37,39062.76,20240224
5593,87,33,63,9002.92,20240331
5594,452,39,42,1375.95,20250630
5595,1075,30,61,2019.53,20250614
5596,2124,36,31,102400.18,20240726
5597,1031,37,42,6979.63,20240926
5598,1105,31,68,132087.43,20250115
5599,94,23,24,4602.28,20241215
5600,1915,40,52,1118.23,20260217
5601,1927,1,11,9672.24,20250319
5602,656,16,52,3432.98,20240502
5603,450,3,63,17322.56,20250806
5604,2641,20,14,52961.97,20250904
5605,2041,33,58,138199.47,20240911
5606,2069,1,63,40801.47,20251211
5607,2573,26,47,1789.69,20240215
5608,1095,8,5,4443.59,20250313
5609,2204,20,57,88602.34,20260218
5610,804,15,33,14749.65,20250608
5611,1895,11,43,16907.79,20241225
5612,1193,40,17,10661.4,20240108
5613,2517,13,16,1005.04,20240229
5614,1003,25,33,92030.53,20250602
5615,1754,34,42,3722.85,20240325
5616,1070,3,71,85334.85,20240930
5617,2407,17,26,54424.18,20241119
5618,1889,24,56,77878.83,20240204
5619,633,40,7,101524.26,20241216
5620,847,3,17,3741.76,20240611
5621,2550,13,29,143185.53,20251105
5622,1008,26,46,14431.53,20240618
5623,121,38,16,145976.91,20240907
5624,247,30,27,5865.98,20260324
5625,2573,14,12,6931.7,20240529
5626,18,26,17,78229.41,20241130
5627,574,25,67,10878.96,20250628
5628,1233,8,5,4057.96,20240226
5629,1420,29,37,50876.8,20240227
5630,1471,32,77,48276.89,20250612
5631,2153,10,35,135046.93,20250823
5632,970,7,48,9933.19,20241201
5633,596,13,66,45183.81,20250512
5634,539,7,65,2239.29,20241008
5635,1496,27,68,3585.32,20250106
5636,1379,38,6,13396.98,20240322
5637,508,40,43,362.82,20250609
5638,1858,22,2,24635.13,20250528
5639,2397,21,4,8174.98,20241015
5640,1046,40,38,9009.52,20251101
5641,110,27,77,29241.92,20241206
5642,2464,14,48,1798.68,20241226
5643,254,9,20,8116.25,20240320
5644,1229,29,64,77023.11,20241203
5645,737,8,17,4801.13,20250811
5646,1182,16,62,86860.87,20240531
5647,70,19,43,81091.83,20240209
5648,2243,37,54,3039.24,20241018
5649,433,9,26,136530.46,20260106
5650,2700,8,20,64319.49,20250307
5651,1408,11,58,6096.19,20240814
5652,86,8,20,9211.65,20251001
5653,1978,13,9,10070.97,20251126
5654,2841,18,14,12438.5,20240425
5655,203,15,37,13689.63,20251014
5656,1187,40,44,1748.31,20240903
5657,768,28,72,4625.8,20260331
5658,2696,27,54,46459.85,20260324
5659,2510,1,39,1755.56,20260312
5660,1710,4,38,2287.33,20250529
5661,1518,31,72,10959.33,20240331
5662,2564,30,75,92149.09,20240405
5663,1572,40,32,1193.03,20250723
5664,148,34,65,55117.22,20250306
5665,101,3,48,1816.28,20251126
5666,807,6,14,3971.27,20250719
5667,180,27,37,4221.97,20240626
5668,778,16,28,1461.7,20251226
5669,2407,29,1,76345.78,20250526
5670,1834,5,72,2762.38,20251013
5671,1218,31,58,3113.2,20250624
5672,1689,28,52,2437.12,20260213
5673,554,35,30,3763.88,20241006
5674,761,34,52,43437.77,20240404
5675,610,27,40,6195.99,20241011
5676,1897,13,22,101939.08,20240920
5677,1665,37,77,9389.79,20250320
5678,2839,29,39,62675.7,20251130
5679,1275,29,12,73516.69,20240621
5680,1573,14,73,74919.8,20240920
5681,377,22,56,111407.96,20240912
5682,803,1,20,60423.81,20240527
5683,46,37,49,12091.34,20250820
5684,1592,34,9,92115.02,20250826
5685,746,37,19,3340.31,20250704
5686,2582,9,35,3358.45,20251027
5687,761,15,60,8842.59,20240520
5688,2286,4,50,49952.49,20251224
5689,2015,34,42,20281.45,20250227
5690,1088,21,75,8020.2,20240222
5691,2768,26,48,10610.81,20241129
5692,2773,12,46,85314.04,20250729
5693,540,31,55,1939.45,20260122
5694,1082,14,54,103089.19,20250908
5695,1506,17,56,911.48,20240207
5696,1038,16,8,4261.22,20240914
5697,2090,17,59,3112.96,20251202
5698,208,18,11,17376.45,20240520
5699,1424,2,44,32049.48,20250624
5700,965,20,71,7794.29,20240413
5701,2564,21,25,6909.79,20240330
5702,2305,31,55,67471.68,20251227
5703,763,38,7,14349.24,20240728
5704,2245,24,52,16333.95,20240728
5705,2071,5,63,110491.04,20260131
5706,520,34,35,5541.08,20240603
5707,1211,27,47,9453.0,20251101
5708,544,12,45,97817.74,20241207
5709,464,14,41,100656.76,20240407
5710,1279,1,62,12502.83,20240215
5711,2948,15,6,3684.71,20260129
5712,628,9,14,1997.81,20250901
5713,1178,13,59,91468.76,20250411
5714,980,10,6,1484.33,20250402
5715,518,16,12,4441.61,20250916
5716,1440,3,23,36032.58,20250225
5717,1696,22,66,1086.11,20240329
5718,1027,22,44,6859.28,20240529
5719,222,26,61,8709.23,20240522
5720,1287,40,1,3015.63,20260111
5721,1789,3,55,18116.7,20251202
5722,312,12,11,553.44,20250418
5723,1859,39,26,2280.54,20250127
5724,769,15,30,77887.91,20250108
5725,1117,38,41,9815.01,20250114
5726,1356,4,57,70315.46,20250304
5727,444,15,5,6287.6,20240528
5728,2800,8,68,5792.49,20250209
5729,1356,37,4,9793.12,20251201
5730,282,5,42,14554.51,20241107
5731,1295,11,78,45827.98,20240203
5732,1496,15,54,1032.77,20250204
5733,1294,24,39,62296.47,20240107
5734,12,35,37,39909.67,20240224
5735,956,29,5,2087.54,20240926
5736,44,18,57,2369.9,20250418
5737,1397,40,22,2558.47,20240707
5738,870,37,61,72389.2,20240817
5739,1533,7,59,38681.06,20250706
5740,151,7,64,9471.82,20250118
5741,2306,21,9,4842.57,20260303
5742,1488,38,11,10598.84,20260108
5743,775,23,10,9492.06,20250715
5744,1178,2,67,9244.01,20250119
5745,2961,25,50,112740.41,20240920
5746,2579,26,46,14232.04,20260331
5747,2339,27,48,19592.78,20241208
5748,1566,1,74,22789.05,20250524
5749,1921,21,55,70954.49,20240113
5750,747,38,21,13224.78,20260108
5751,2587,5,16,1008.35,20240511
5752,482,32,78,37708.25,20240121
5753,2407,38,36,2236.43,20240104
5754,276,4,7,20453.46,20250723
5755,2828,11,68,79599.78,20250526
5756,2738,34,60,5826.16,20260401
5757,204,37,76,127026.48,20250522
5758,2075,38,13,37437.12,20250129
5759,2653,39,52,11481.78,20250313
5760,1842,40,41,37551.06,20250517
5761,2306,38,22,67062.21,20251213
5762,839,16,73,1219.92,20240503
5763,2174,40,23,123620.48,20260118
5764,1462,4,60,1375.23,20250522
5765,2151,31,25,105634.41,20260109
5766,536,32,64,2752.57,20250718
5767,2045,16,48,86246.96,20241015
5768,2778,36,40,140706.02,20251113
5769,1584,38,61,89816.11,20250116
5770,148,40,26,969.47,20240528
5771,1745,8,20,10758.4,20240917
5772,2365,12,54,12337.98,20240424
5773,1514,13,5,11716.32,20240803
5774,2274,14,6,101524.77,20240908
5775,544,31,48,77325.9,20250627
5776,729,11,7,1253.57,20241205
5777,2249,17,62,3031.29,20241010
5778,2288,18,76,2734.46,20240709
5779,1509,19,30,4340.87,20260202
5780,523,20,29,146562.09,20260330
5781,2092,1,32,38037.21,20250416
5782,2955,29,48,104632.94,20251203
5783,2838,31,73,5427.72,20250508
5784,304,20,28,39401.01,20240727
5785,1433,25,10,53055.43,20240730
5786,1441,26,76,56745.06,20250521
5787,647,27,35,18048.67,20250415
5788,771,24,58,1484.95,20260317
5789,2506,29,26,19840.32,20240709
5790,1547,30,1,33054.6,20250702
5791,68,18,30,10973.59,20241128
5792,1090,4,9,13042.72,20241006
5793,2429,40,25,5197.79,20250513
5794,616,34,1,5928.9,20250821
5795,291,40,54,17090.61,20260329
5796,2628,36,20,136174.55,20250929
5797,1315,37,40,5285.69,20250404
5798,413,38,64,13428.35,20240320
5799,1877,4,12,102755.84,20241102
5800,661,20,43,6082.7,20251204
5801,14,8,30,34776.05,20240615
5802,1595,11,19,10926.68,20260323
5803,2008,6,57,2891.12,20240105
5804,1132,4,80,3365.4,20240822
5805,1935,4,54,12664.8,20240922
5806,2338,5,7,12145.49,20240912
5807,1465,7,25,95151.68,20260303
5808,2591,6,23,2868.46,20240922
5809,1193,32,44,109603.02,20240618
5810,171,22,56,28758.75,20250610
5811,2166,22,35,106379.48,20240328
5812,808,24,2,1039.55,20251121
5813,276,28,41,2637.65,20250903
5814,2510,14,48,13742.96,20251024
5815,244,12,39,2789.14,20250802
5816,2396,7,37,3976.49,20240328
5817,1108,19,15,47782.17,20250914
5818,887,24,51,1095.76,20240327
5819,496,19,22,95540.52,20250817
5820,495,2,14,6768.22,20240106
5821,624,21,65,59256.2,20240213
5822,2533,33,67,57638.07,20250322
5823,1218,35,19,72421.92,20251001
5824,2458,24,50,44260.31,20260329
5825,2485,27,40,135298.98,20241130
5826,507,21,25,83567.99,20250813
5827,2682,27,13,14526.8,20250727
5828,1289,14,14,4218.42,20250613
5829,700,16,38,8351.52,20250630
5830,51,10,33,45735.82,20260102
5831,1953,16,21,42640.2,20250206
5832,1012,17,21,119403.93,20241116
5833,162,31,50,2730.79,20250327
5834,2536,13,76,5353.11,20240517
5835,1748,31,39,2518.12,20251224
5836,2045,9,10,14598.78,20251218
5837,732,4,3,54409.74,20241212
5838,147,24,10,4179.54,20251216
5839,2451,32,19,10630.92,20260211
5840,1412,40,56,12175.9,20240520
5841,1790,35,76,6142.12,20240307
5842,1780,15,75,97158.62,20250512
5843,900,7,71,28929.7,20240708
5844,2362,4,49,64627.67,20250607
5845,682,30,71,77768.48,20251003
5846,163,6,30,10561.47,20250504
5847,2665,7,67,18123.85,20250412
5848,964,8,11,98271.06,20250815
5849,767,13,41,13793.0,20250830
5850,2949,10,1,1631.06,20250423
5851,14,24,1,4918.69,20251102
5852,1219,37,79,46368.4,20260303
5853,811,30,49,123007.92,20250213
5854,514,16,70,6826.08,20250228
5855,1469,15,33,97612.13,20250815
5856,1139,11,48,25960.52,20250102
5857,804,13,5,6989.81,20240413
5858,1205,18,53,73867.71,20241225
5859,450,7,4,105728.13,20241228
5860,1404,20,30,73393.73,20241112
5861,1457,1,43,4972.88,20260213
5862,973,10,19,4525.32,20250518
5863,2876,33,60,1377.99,20250305
5864,2779,24,70,119172.58,20240722
5865,1808,25,68,785.65,20240323
5866,943,20,57,104999.35,20250806
5867,290,29,41,105401.79,20240502
5868,2040,14,10,8750.68,20260214
5869,978,7,3,27935.99,20240729
5870,987,30,56,2568.96,20240614
5871,1063,2,4,11940.57,20250818
5872,392,2,32,4088.79,20250629
5873,2930,33,5,6307.89,20250116
5874,627,17,4,16349.71,20250527
5875,552,28,9,527.5,20240216
5876,2183,13,24,12870.94,20250426
5877,2351,1,27,26116.16,20250913
5878,769,32,33,4816.96,20241013
5879,1252,39,6,114150.79,20241110
5880,86,40,51,7543.85,20240216
5881,1198,1,16,8810.66,20251006
5882,1865,9,7,1747.52,20241207
5883,2805,15,77,3823.21,20240530
5884,1902,4,11,8753.63,20251210
5885,315,39,72,6288.82,20260310
5886,2269,30,63,11309.15,20260102
5887,1520,14,65,9784.36,20250324
5888,528,39,69,2377.12,20240319
5889,915,11,6,44977.33,20250810
5890,160,10,15,61294.79,20240818
5891,2054,33,11,5431.8,20241215
5892,1150,12,72,127678.9,20240816
5893,2693,20,6,7980.84,20250815
5894,439,32,41,3169.25,20260325
5895,2330,15,70,5640.32,20240716
5896,2951,16,47,29372.69,20250204
5897,784,38,24,99441.41,20250907
5898,1296,18,53,30549.52,20250731
5899,1869,19,7,2631.15,20250306
5900,1455,20,72,145259.41,20240317
5901,1419,23,44,23123.46,20251204
5902,1157,3,58,3401.47,20240930
5903,1693,33,68,14310.02,20251124
5904,675,9,14,4863.04,20250824
5905,573,1,36,89091.8,20250411
5906,1272,5,16,11766.4,20250925
5907,2819,32,69,27128.39,20240418
5908,389,2,40,107208.06,20241013
5909,336,17,35,37064.25,20250510
5910,1198,32,8,19218.62,20240509
5911,1926,31,3,93183.62,20250228
5912,57,32,21,2560.2,20250422
5913,2839,33,38,56126.03,20240218
5914,1899,34,40,3950.57,20240130
5915,2172,40,62,10231.7,20260302
5916,246,4,34,98093.5,20251126
5917,1901,39,65,2615.79,20240413
5918,1655,11,37,11681.6,20240924
5919,497,39,25,22903.06,20250624
5920,1182,40,32,2305.42,20250312
5921,2824,24,13,66055.37,20241231
5922,1900,6,61,12019.98,20240619
5923,992,30,35,1302.04,20241004
5924,1451,31,38,59662.79,20240607
5925,2822,25,18,14615.07,20260324
5926,2752,6,16,11877.74,20251026
5927,448,8,76,66621.43,20240921
5928,1554,8,14,9961.09,20240129
5929,2389,9,5,3711.33,20251027
5930,309,20,34,4368.6,20240629
5931,1793,16,47,53504.67,20250310
5932,558,28,16,47040.36,20251116
5933,2808,40,74,4179.34,20240421
5934,581,6,69,60440.79,20260122
5935,1289,15,41,102271.2,20241203
5936,2171,16,80,4859.01,20250215
5937,1105,38,40,394.13,20240419
5938,548,18,72,22773.72,20240715
5939,2094,19,27,3006.49,20241222
5940,2081,22,4,13262.53,20240624
5941,2934,6,75,5426.13,20250524
5942,1062,19,17,125078.38,20250104
5943,2873,32,62,4026.27,20251221
5944,2317,38,32,57085.65,20241007
5945,217,25,2,37428.18,20241016
5946,556,35,56,8956.2,20250607
5947,1874,24,27,4805.38,20251118
5948,2304,19,49,7476.92,20240821
5949,497,29,33,9159.33,20240523
5950,1038,23,26,7549.04,20250104
5951,1779,31,79,76558.3,20240404
5952,1036,29,73,792.54,20251009
5953,1477,7,62,8244.21,20240519
5954,1615,14,17,3818.09,20251203
5955,2787,38,39,387.72,20240824
5956,2083,17,35,3402.53,20250903
5957,1465,37,32,9468.62,20250809
5958,2423,37,54,2270.7,20250526
5959,1255,23,80,63696.03,20260328
5960,2077,12,58,16933.11,20260120
5961,2907,10,57,59423.59,20250519
5962,595,18,4,10817.13,20240515
5963,1615,9,61,20995.79,20240801
5964,1109,18,6,2433.07,20250222
5965,1378,7,11,87679.71,20250202
5966,2068,6,16,46432.36,20240824
5967,2898,9,69,5903.01,20240519
5968,2662,8,44,41051.58,20250503
5969,2155,9,57,7451.89,20260323
5970,1118,10,80,10062.18,20260324
5971,889,15,59,61384.92,20240928
5972,2931,14,78,59855.67,20240516
5973,767,13,45,15509.86,20250815
5974,1554,14,57,301.22,20240521
5975,2573,34,50,10078.42,20240717
5976,1407,16,64,106642.78,20250126
5977,1952,17,4,32089.42,20241231
5978,2326,5,72,4039.55,20250727
5979,2328,4,61,48857.57,20251112
5980,1914,15,14,47247.02,20240826
5981,1128,20,67,3100.27,20240716
5982,655,30,48,1723.4,20260224
5983,110,27,70,103057.15,20251214
5984,1934,24,4,1003.62,20240301
5985,350,8,67,54140.67,20250504
5986,1423,26,77,16982.76,20241012
5987,155,27,27,68857.94,20260301
5988,2556,30,45,65964.48,20250927
5989,2544,29,22,2355.2,20250401
5990,2154,28,1,6032.05,20250718
5991,1905,11,36,56791.22,20240309
5992,193,35,55,4739.4,20240125
5993,2870,21,44,10094.76,20250612
5994,2408,7,39,1756.61,20240106
5995,1793,35,32,1603.32,20250925
5996,2774,29,23,73599.19,20241025
5997,428,8,37,7009.48,20241213
5998,926,18,42,292.86,20260323
5999,1062,10,14,82155.5,20251206
6000,2714,40,38,13274.38,20240924
6001,1174,1,49,133076.51,20250810
6002,1809,36,54,53333.26,20240204
6003,1475,29,35,86396.59,20251214
6004,353,4,56,29798.92,20260208
6005,1187,33,58,103343.83,20250315
6006,1844,21,28,50699.51,20250815
6007,656,7,28,81452.25,20240315
6008,1460,39,67,2212.68,20240929
6009,1012,29,70,18562.89,20240921
6010,1200,10,76,33178.46,20240103
6011,2085,24,51,34173.37,20240310
6012,2856,9,7,3979.47,20250318
6013,652,14,44,3374.33,20260112
6014,1595,12,10,2649.34,20250107
6015,111,22,59,17126.38,20240105
6016,2405,16,30,13075.32,20241223
6017,1395,25,3,14259.97,20240704
6018,2966,22,63,70059.72,20260314
6019,2482,19,27,1143.0,20251031
6020,300,16,52,3830.58,20241002
6021,2410,28,69,10159.3,20240508
6022,2467,29,57,74367.36,20251126
6023,179,2,64,11309.14,20260331
6024,1139,16,57,112698.32,20240411
6025,1138,6,63,119151.03,20260313
6026,807,29,11,71880.29,20241017
6027,1878,6,46,4337.06,20251220
6028,1234,21,33,3568.58,20260330
6029,1758,29,20,4183.37,20250323
6030,2046,18,22,11644.38,20260111
6031,2572,31,14,8082.66,20240827
6032,710,17,74,85404.72,20250426
6033,559,33,29,11161.83,20240613
6034,2147,11,16,133037.46,20260331
6035,59,8,28,68019.24,20240125
6036,1186,33,34,3342.9,20240107
6037,1979,37,35,8688.24,20260325
6038,2663,25,1,3697.03,20250420
6039,2413,37,11,5419.11,20250715
6040,1271,26,63,8336.45,20260126
6041,1526,28,50,117738.61,20250213
6042,1615,2,46,131972.6,20250507
6043,1401,9,76,141.26,20251118
6044,758,4,47,6561.6,20241124
6045,2201,34,18,5025.25,20250930
6046,589,20,36,11387.08,20250514
6047,316,36,47,3748.92,20250317
6048,698,35,60,50284.34,20250913
6049,2809,9,8,3262.24,20250318
6050,1251,28,26,12205.69,20240523
6051,360,11,8,1229.75,20240615
6052,778,16,31,11672.15,20251214
6053,459,33,34,13555.73,20240421
6054,2056,22,67,6606.77,20240914
6055,2853,15,20,5476.96,20240516
6056,307,16,53,71050.4,20241217
6057,1420,34,28,79469.68,20240916
6058,2343,13,65,9670.1,20250408
6059,2690,19,45,112640.49,20240401
6060,1770,16,27,144181.25,20250924
6061,1456,35,56,3589.04,20250811
6062,2187,21,50,28877.93,20251031
6063,2518,8,56,83407.57,20250906
6064,2469,31,54,1392.31,20250310
6065,2802,19,18,49393.34,20250206
6066,479,38,59,10741.61,20250105
6067,2978,4,12,37558.03,20250801
6068,316,4,80,16602.83,20250521
6069,2770,1,25,102871.33,20260128
6070,651,30,17,4780.03,20250410
6071,1497,37,6,3901.64,20260331
6072,1568,32,40,107985.39,20260118
6073,617,33,51,50631.62,20240706
6074,2590,39,28,6950.32,20240810
6075,1180,35,17,1211.16,20240608
6076,2760,18,2,2795.17,20240903
6077,1286,39,68,362.91,20250521
6078,654,38,37,1917.64,20241007
6079,1420,39,36,6301.75,20260210
6080,2459,40,32,170.97,20260202
6081,2621,37,78,43661.85,20250821
6082,1106,2,26,23177.65,20240928
6083,50,7,72,6803.64,20250926
6084,2878,9,63,22670.72,20241202
6085,2006,22,33,3185.04,20240813
6086,522,31,29,71718.8,20250324
6087,438,7,13,5486.87,20250724
6088,1754,8,32,73185.31,20250220
6089,2364,9,78,4734.54,20260301
6090,209,5,45,22328.62,20251225
6091,851,15,32,14072.32,20240410
6092,1936,35,79,26570.09,20240610
6093,1829,14,73,8059.45,20241021
6094,2473,15,58,67350.98,20250909
6095,607,23,77,3474.41,20240422
6096,1486,6,37,2880.06,20260317
6097,367,12,23,11320.68,20260127
6098,1604,21,77,100154.76,20251224
6099,1131,13,51,8439.36,20260104
6100,1094,20,27,133951.8,20250205
6101,1714,17,19,61156.15,20250730
6102,31,30,20,56751.36,20251225
6103,1631,16,41,73988.63,20250328
6104,2570,29,70,39636.17,20240218
6105,231,14,25,80569.86,20240418
6106,162,26,76,3777.99,20240811
6107,1733,27,18,108041.97,20251112
6108,2644,29,43,8202.71,20250310
6109,1693,29,22,6634.82,20250718
6110,2680,30,38,54355.26,20250418
6111,888,31,37,96607.62,20251015
6112,2745,34,37,5951.9,20260318
6113,1683,22,16,30063.86,20260205
6114,1285,5,66,60639.13,20240727
6115,2047,25,46,630.3,20260116
6116,1673,27,2,66920.99,20250816
6117,937,29,41,94491.29,20251017
6118,1115,9,12,4055.6,20250208
6119,524,17,44,68110.48,20240707
6120,2597,13,59,9859.16,20250824
6121,1693,1,9,1226.28,20250210
6122,1258,2,24,3014.91,20250315
6123,2233,3,63,130013.02,20240217
6124,585,4,80,3989.29,20250726
6125,609,13,78,32127.77,20260214
6126,1513,6,40,3740.81,20251015
6127,2282,7,59,71236.0,20240516
6128,2424,13,78,13698.99,20251114
6129,2206,19,64,13896.07,20250424
6130,99,10,57,79527.95,20250930
6131,1636,26,49,3181.61,20241106
6132,910,1,73,60119.0,20250729
6133,2071,13,46,20777.12,20250222
6134,2373,14,55,8411.29,20241209
6135,756,37,19,47814.81,20260322
6136,585,11,63,124935.23,20260307
6137,2941,27,70,3196.84,20241107
6138,225,18,60,112508.58,20250429
6139,2786,19,33,19432.77,20251119
6140,189,20,77,8615.66,20240417
6141,1551,26,22,2217.08,20240219
6142,2130,31,79,12392.58,20250130
6143,2475,17,3,25387.94,20240913
6144,2663,40,47,3432.89,20260326
6145,2547,27,12,44010.61,20250313
6146,193,35,30,3369.38,20241006
6147,1015,8,51,4357.25,20250711
6148,1921,5,18,14953.43,20241001
6149,2468,16,79,84214.75,20250520
6150,2759,11,4,65528.97,20240403
6151,2053,12,4,33916.68,20240408
6152,2376,32,20,75634.77,20240903
6153,993,26,28,29515.5,20240718
6154,2432,6,22,26831.66,20240105
6155,501,28,62,1637.02,20240907
6156,750,39,3,7622.32,20240425
6157,1870,21,52,578.65,20260302
6158,32,7,75,110673.43,20240115
6159,1404,14,23,76341.31,20250120
6160,977,40,28,12899.1,20250626
6161,466,5,41,13735.39,20250507
6162,1784,8,60,11062.96,20241107
6163,2263,9,62,13570.73,20251207
6164,136,4,6,10894.25,20240709
6165,2945,35,26,50864.01,20260120
6166,2628,6,27,9779.39,20250804
6167,2791,7,48,13494.2,20251113
6168,729,8,10,133156.5,20240807
6169,1435,9,58,1243.84,20251130
6170,2686,11,12,3242.48,20240531
6171,1915,19,22,647.35,20250323
6172,882,12,50,19114.08,20260201
6173,342,33,15,10514.87,20240413
6174,2200,9,77,4035.7,20250424
6175,1365,15,51,22362.69,20240408
6176,1813,16,3,118021.61,20250318
6177,2349,17,62,17833.74,20250921
6178,1159,1,47,3922.02,20240124
6179,1152,4,44,10820.28,20250618
6180,1310,20,34,7263.02,20260325
6181,1193,32,58,5478.74,20250714
6182,2066,22,58,4257.59,20250523
6183,29,15,4,83977.87,20260121
6184,1205,22,66,71051.44,20251106
6185,32,25,21,1677.46,20260105
6186,2437,16,18,41709.73,20251018
6187,483,36,31,19054.87,20240127
6188,369,5,25,153.32,20240420
6189,1571,5,80,23599.49,20240719
6190,733,26,41,25140.23,20240131
6191,2614,18,61,9960.74,20250425
6192,201,18,70,58926.14,20250416
6193,2322,33,72,18813.63,20250326
6194,2693,34,33,143776.71,20251007
6195,2475,35,39,7269.63,20251107
6196,2222,34,16,3455.23,20240909
6197,409,18,43,28117.31,20240507
6198,1648,27,10,10247.03,20251212
6199,1098,2,13,17279.98,20240512
6200,388,20,43,291.15,20240605
6201,1912,3,17,74898.96,20250509
6202,18,2,45,13476.87,20250722
6203,665,9,42,1596.14,20250531
6204,2529,38,24,59639.62,20240301
6205,2276,16,47,1412.09,20250731
6206,703,13,28,7983.91,20250414
6207,2569,7,33,10808.22,20251201
6208,995,26,55,13519.92,20250919
6209,2165,25,37,58540.06,20260330
6210,2775,38,72,1501.39,20240518
6211,1610,23,17,1663.57,20260216
6212,2265,30,52,3053.77,20250720
6213,1939,13,29,64177.55,20240608
6214,1600,4,14,4298.75,20240104
6215,1107,8,34,8770.47,20240908
6216,2826,16,44,550.14,20250211
6217,868,34,72,77921.92,20250301
6218,799,3,37,4047.97,20240810
6219,2936,19,40,32695.0,20250106
6220,604,20,14,55216.37,20241024
6221,1086,21,73,64139.42,20250812
6222,683,6,71,7692.72,20241022
6223,2562,25,31,3621.11,20240702
6224,306,24,15,2535.25,20250110
6225,1119,40,23,4895.64,20250221
6226,730,33,57,105881.58,20241022
6227,837,40,80,23988.95,20260115
6228,2643,8,47,17701.97,20250118
6229,1904,8,34,4284.93,20240303
6230,309,15,36,4909.7,20251028
6231,2816,4,44,4428.87,20240630
6232,703,32,26,125659.71,20250725
6233,376,33,52,6928.33,20250530
6234,1960,25,22,72806.68,20240901
6235,2604,35,35,20419.11,20240218
6236,2419,2,49,758.3,20250306
6237,1827,39,14,101465.22,20240905
6238,262,32,77,16080.1,20260325
6239,1740,39,35,46905.14,20240110
6240,37,40,22,30858.2,20250818
6241,783,1,6,1264.83,20260114
6242,216,2,62,109263.12,20260218
6243,2217,33,30,46844.14,20250927
6244,247,6,34,652.82,20240625
6245,1524,5,60,91239.47,20240524
6246,2531,29,65,71353.84,20250124
6247,2652,7,11,41310.47,20240304
6248,1055,31,29,100739.57,20240519
6249,2185,5,46,3374.12,20251223
6250,2887,21,77,7680.17,20250615
6251,2703,28,28,55523.87,20241127
6252,2064,12,30,10832.59,20250915
6253,1958,39,69,5760.2,20250525
6254,65,7,6,70693.85,20250320
6255,1117,35,14,2974.49,20250911
6256,942,16,44,1528.59,20241014
6257,2174,36,53,14970.45,20240516
6258,1743,40,54,102254.25,20250127
6259,1917,26,3,66439.43,20251123
6260,703,20,12,5573.15,20240324
6261,677,25,40,5073.49,20250202
6262,96,9,36,13808.27,20250623
6263,2056,39,30,11857.34,20240303
6264,1378,24,36,49228.28,20240903
6265,2990,22,5,2406.08,20250409
6266,2793,21,59,113955.67,20250303
6267,2295,23,20,2480.62,20240915
6268,1356,36,38,2064.68,20240623
6269,2623,29,63,9430.32,20250829
6270,1968,12,80,92970.14,20240610
6271,1754,11,27,67950.34,20260218
6272,2780,37,79,71663.1,20240917
6273,2723,18,5,2990.93,20240817
6274,1075,22,74,20119.79,20250727
6275,588,21,61,75600.86,20241016
6276,2226,13,78,27343.76,20251212
6277,1367,37,37,1938.07,20240910
6278,2962,11,3,1871.3,20240513
6279,577,39,32,8086.54,20241228
6280,313,40,77,54249.97,20250221
6281,1839,1,23,8358.08,20240712
6282,773,33,6,13627.08,20250909
6283,271,25,7,2433.73,20250919
6284,2775,4,65,1091.43,20260125
6285,2168,16,54,1530.19,20240329
6286,2773,6,78,1557.32,20240704
6287,2267,11,9,11537.14,20250427
6288,1989,27,64,70061.87,20250301
6289,984,22,59,121805.92,20250410
6290,1224,4,27,5356.13,20241222
6291,454,17,26,136936.87,20250531
6292,455,12,7,15544.6,20260109
6293,2352,14,31,1970.91,20240728
6294,555,14,32,8522.99,20260119
6295,843,5,40,53960.09,20240325
6296,117,10,49,6640.57,20260203
6297,1731,17,57,22257.31,20240521
6298,2590,20,40,11042.22,20241123
6299,440,27,37,7685.17,20240609
6300,1045,30,75,78805.29,20260122
6301,2389,21,56,52402.26,20240627
6302,692,3,21,62534.89,20250504
6303,1480,14,59,3728.58,20260304
6304,1533,35,34,119893.35,20240613
6305,2469,38,76,19734.1,20250726
6306,339,22,80,67261.35,20250101
6307,2869,21,51,1810.78,20251224
6308,1030,10,31,14978.11,20250318
6309,298,11,39,615.15,20240921
6310,2156,35,47,19576.72,20260125
6311,284,31,63,4579.04,20240110
6312,185,32,39,109374.15,20260221
6313,2524,15,55,7319.98,20240214
6314,1408,9,65,3005.54,20251019
6315,1269,30,62,1802.14,20251208
6316,989,36,55,99610.01,20250522
6317,1695,37,39,81077.58,20240418
6318,2532,38,12,89836.73,20250824
6319,1972,12,63,13393.39,20241224
6320,2940,13,17,6127.33,20240702
6321,2816,22,12,61583.24,20250516
6322,1603,33,9,13761.08,20250309
6323,450,24,54,7492.19,20250424
6324,1699,38,39,2078.54,20250307
6325,979,27,2,68315.11,20250306
6326,1285,6,53,8961.44,20250114
6327,898,7,43,4331.73,20240314
6328,540,8,48,19691.03,20240710
6329,1618,5,76,43306.99,20250117
6330,2627,37,58,499.47,20240528
6331,2867,38,63,46853.22,20260217
6332,2340,33,78,27812.94,20250508
6333,2342,15,8,14920.75,20240328
6334,209,14,27,3659.71,20251004
6335,740,37,11,8989.85,20240706
6336,18,9,62,5383.57,20240828
6337,41,17,50,6675.13,20260105
6338,2482,18,65,146493.46,20260210
6339,2669,19,68,5252.48,20251129
6340,1591,20,20,3370.05,20240819
6341,773,31,27,19448.61,20250227
6342,1604,19,22,10061.48,20250117
6343,266,23,39,87708.85,20260330
6344,145,24,21,100733.42,20251227
6345,523,34,23,1095.87,20240811
6346,1561,26,42,59598.78,20251212
6347,1399,6,15,3449.2,20240822
6348,620,28,32,43613.9,20260209
6349,2755,38,43,116.2,20250315
6350,569,36,43,10326.75,20250226
6351,263,7,21,73885.89,20251111
6352,1985,2,27,11669.52,20250422
6353,937,40,39,75106.84,20250206
6354,2663,34,54,958.42,20240316
6355,1378,35,26,70199.99,20241013
6356,709,39,36,9555.55,20260104
6357,1480,37,26,12656.44,20250517
6358,2911,38,44,13372.93,20240608
6359,2821,29,13,4242.58,20250403
6360,2997,40,48,12811.51,20240218
6361,253,5,17,85172.28,20250722
6362,2551,2,70,62869.15,20241017
6363,656,39,65,29392.37,20241230
6364,17,5,42,2587.62,20240622
6365,1810,18,74,1455.03,20250423
6366,348,23,57,23456.89,20260113
6367,2082,11,18,16863.33,20240520
6368,2685,18,73,2519.29,20250804
6369,2305,17,75,13451.18,20240514
6370,1049,21,59,3655.97,20260201
6371,1619,11,31,4184.91,20250223
6372,1406,2,5,2726.67,20250323
6373,1506,26,57,17090.9,20251215
6374,2312,24,76,3625.11,20240801
6375,480,19,12,33771.74,20240116
6376,1701,36,42,12923.8,20240201
6377,2176,3,57,2107.84,20251223
6378,120,15,28,103.51,20240523
6379,274,19,74,75486.39,20240412
6380,1756,29,21,75500.04,20250503
6381,916,21,33,3790.78,20250330
6382,1482,1,59,4133.04,20250119
6383,11,21,63,11796.45,20251214
6384,2413,31,5,12745.91,20240717
6385,825,5,51,32016.14,20250406
6386,2419,22,35,114354.41,20240106
6387,2182,16,7,17938.18,20251031
6388,1757,4,21,10590.94,20250529
6389,560,12,55,3972.83,20240406
6390,2029,4,5,2991.71,20241005
6391,1253,31,12,62611.3,20240222
6392,2492,1,6,6405.48,20241119
6393,2751,33,5,1984.75,20250816
6394,1312,34,57,47252.54,20250602
6395,2033,35,52,3190.94,20260115
6396,2606,36,78,50157.03,20250810
6397,2353,37,49,13451.51,20240419
6398,588,38,2,1947.57,20240812
6399,2219,12,46,6228.96,20251107
6400,2688,40,46,12767.35,20250819
6401,59,11,74,59030.11,20260204
6402,1285,40,80,1882.75,20240704
6403,935,9,32,1208.85,20251130
6404,2783,30,50,45668.11,20250403
6405,1587,34,74,1207.34,20251009
6406,828,20,3,107656.46,20240313
6407,2254,7,60,93342.75,20250426
6408,2673,8,68,5062.75,20251217
6409,979,9,73,10455.4,20250221
6410,1834,12,50,102373.07,20251201
6411,19,23,40,4392.98,20240619
6412,481,12,14,10988.36,20241129
6413,1700,13,57,65953.1,20250605
6414,2021,14,18,72778.92,20250408
6415,137,4,20,46450.38,20240518
6416,1310,18,5,19417.41,20250330
6417,761,17,2,10317.89,20260209
6418,1794,31,15,74293.94,20250122
6419,1091,31,23,133348.77,20240622
6420,1907,20,52,5530.81,20260207
6421,1953,24,13,9066.63,20250228
6422,1460,23,57,28726.63,20250408
6423,2777,34,69,77942.14,20241031
6424,572,39,74,19670.41,20241126
6425,1497,7,15,10900.75,20250617
6426,1023,35,45,88561.79,20250502
6427,1175,32,5,28982.52,20250314
6428,2180,28,78,395.39,20250227
6429,859,38,29,1091.14,20260122
6430,248,30,63,76409.33,20251220
6431,212,31,39,61588.31,20250314
6432,988,35,74,7848.04,20251205
6433,1473,33,42,5262.09,20250930
6434,1298,22,61,26967.55,20240319
6435,547,35,70,18802.06,20251015
6436,681,10,60,99042.6,20240726
6437,2152,25,21,33315.21,20251112
6438,2376,17,62,13729.84,20250121
6439,884,2,27,14605.11,20240703
6440,1924,29,24,30840.69,20241012
6441,776,40,20,10768.88,20250807
6442,370,12,29,59292.8,20241014
6443,4,26,24,2601.1,20251214
6444,1027,7,65,5192.73,20250816
6445,1140,5,70,1445.42,20250111
6446,2171,16,11,41344.26,20250705
6447,952,15,4,119556.94,20240222
6448,2069,8,61,72843.42,20240611
6449,2509,9,58,29478.76,20241106
6450,1558,7,55,16359.82,20250713
6451,2680,11,25,9178.99,20250323
6452,1502,12,54,15699.48,20260323
6453,2197,19,27,68782.55,20250221
6454,2807,35,23,37869.05,20240221
6455,1481,12,67,22637.01,20240623
6456,1186,14,51,122885.16,20251017
6457,1000,17,71,30144.43,20240726
6458,1922,18,51,6424.23,20240415
6459,966,26,40,10525.92,20240115
6460,2735,37,11,26383.19,20241017
6461,1041,15,5,37483.04,20240902
6462,2922,7,50,4719.65,20240303
6463,1768,23,19,5079.94,20250119
6464,1254,24,1,5845.37,20241121
6465,2521,25,20,3214.74,20250409
6466,312,7,1,72129.84,20241226
6467,327,27,54,5370.78,20250313
6468,247,28,50,89032.99,20260320
6469,73,29,34,36247.11,20250828
6470,2094,40,14,105815.92,20240723
6471,1280,31,4,13476.91,20240517
6472,2236,21,61,8082.8,20250518
6473,312,4,23,4257.01,20240531
6474,2150,23,35,19192.28,20240804
6475,1888,35,9,130127.9,20240115
6476,703,24,4,82755.0,20260213
6477,105,2,55,23291.22,20251105
6478,2216,15,26,9167.88,20240915
6479,1044,21,46,2548.12,20240323
6480,700,36,22,115620.51,20240308
6481,729,1,24,11552.4,20250815
6482,296,12,7,14414.9,20250716
6483,1451,3,57,9211.14,20251127
6484,647,28,22,91180.62,20240503
6485,234,15,18,14508.05,20241201
6486,260,6,77,90230.44,20250906
6487,2819,24,6,4340.54,20240909
6488,1628,16,72,41475.79,20250906
6489,1212,9,30,2578.56,20241015
6490,1053,10,75,3247.56,20241229
6491,2303,34,3,5687.33,20260118
6492,2142,17,13,21857.34,20240127
6493,1007,38,6,8792.75,20251102
6494,1363,18,66,5470.53,20240121
6495,2395,15,41,10251.07,20241208
6496,1912,7,8,2829.76,20240804
6497,1184,17,74,26758.15,20240916
6498,294,32,33,2883.2,20251209
6499,1050,34,65,4517.96,20251228
6500,1623,32,27,109927.45,20250626
6501,2453,25,1,1539.48,20241011
6502,1551,19,61,37563.07,20250207
6503,2287,23,1,33459.8,20240107
6504,864,10,46,37726.73,20250831
6505,2399,1,40,3973.53,20251125
6506,1496,26,3,95512.33,20260303
6507,2903,29,48,2040.03,20260303
6508,1716,36,7,3480.71,20250316
6509,1751,29,61,106637.12,20240411
6510,613,30,71,1855.2,20241118
6511,1997,18,21,23637.01,20240906
6512,943,15,2,127895.33,20250611
6513,1466,33,47,144321.4,20260220
6514,172,35,45,3728.44,20250210
6515,1917,19,4,18563.03,20250726
6516,2468,20,59,11306.54,20250926
6517,827,29,60,4812.68,20250516
6518,2523,38,54,33779.67,20250825
6519,1270,25,44,89421.23,20250909
6520,955,7,5,82305.72,20250406
6521,87,14,52,62998.62,20240913
6522,2378,2,7,4529.3,20260116
6523,1202,32,41,17372.14,20240121
6524,879,4,21,12685.54,20241011
6525,2705,30,59,18007.93,20250529
6526,2361,25,41,55807.26,20250310
6527,1681,7,9,7476.31,20240825
6528,1360,36,54,257.04,20250704
6529,596,31,21,141295.8,20240423
6530,589,38,16,67393.64,20250720
6531,2303,35,66,68712.21,20260215
6532,1058,38,9,4567.8,20240617
6533,2614,7,45,134294.14,20240127
6534,792,15,8,63379.01,20250111
6535,833,15,42,26526.04,20250302
6536,90,8,56,2870.88,20250520
6537,2243,7,35,128499.19,20240918
6538,1114,18,57,5169.99,20240301
6539,977,8,7,2110.46,20240601
6540,166,39,63,6590.8,20260305
6541,661,21,72,48823.42,20250620
6542,1252,22,27,10264.12,20241204
6543,2914,39,20,31776.15,20250825
6544,2444,13,53,663.05,20251019
6545,1130,24,66,12805.86,20241125
6546,2733,16,62,128720.99,20251220
6547,1322,27,76,73269.4,20251218
6548,2418,28,56,7414.82,20260101
6549,1327,29,52,7434.27,20250725
6550,1948,30,29,92374.23,20240419
6551,1435,4,6,4600.59,20240610
6552,1676,32,60,2692.85,20240411
6553,3,10,58,3379.36,20260306
6554,2821,29,56,149074.67,20260122
6555,38,19,23,116367.6,20241129
6556,2489,19,27,40446.94,20260107
6557,1996,27,60,8668.61,20240413
6558,1796,38,45,37614.14,20240620
6559,1624,15,74,23493.1,20240314
6560,1725,40,62,28892.55,20241112
6561,1159,30,66,1743.77,20240225
6562,2794,2,80,78581.21,20240215
6563,1312,23,5,6470.93,20240420
6564,974,4,80,34465.33,20240307
6565,634,4,56,1209.53,20240518
6566,1323,6,1,7146.74,20250219
6567,733,7,15,28883.1,20251012
6568,907,11,65,19567.82,20241011
6569,2254,24,71,18313.01,20250422
6570,132,29,29,22982.03,20250615
6571,1817,36,50,13680.84,20250122
6572,547,21,16,5996.57,20250116
6573,1425,32,2,7166.54,20260122
6574,2552,3,72,4823.7,20240609
6575,1094,15,17,89108.34,20260327
6576,2404,35,76,30775.46,20251120
6577,2300,10,52,13288.11,20241121
6578,144,12,43,1636.84,20240126
6579,1977,38,58,1726.72,20240330
6580,823,34,33,470.23,20250822
6581,708,13,35,7024.22,20240309
6582,2171,5,80,124940.51,20241208
6583,459,23,35,6923.55,20240612
6584,1136,5,41,15384.24,20250210
6585,1374,25,19,18800.91,20250317
6586,1072,29,6,4249.58,20260320
6587,440,27,14,2326.93,20240103
6588,297,35,35,48714.41,20250329
6589,2463,17,32,93152.87,20250722
6590,2269,8,18,119847.03,20241105
6591,2464,31,2,86992.44,20250514
6592,2110,38,78,17107.71,20241127
6593,2081,33,16,40234.35,20251101
6594,1158,2,44,2913.39,20240809
6595,461,4,44,66791.08,20260128
6596,907,34,56,14733.0,20251228
6597,756,16,9,12010.83,20251011
6598,2329,2,18,8513.18,20250228
6599,1762,28,34,17057.25,20241024
6600,2891,23,73,10361.54,20240601
6601,651,1,35,17347.03,20250210
6602,1080,21,77,86202.27,20250727
6603,19,10,1,68542.63,20250202
6604,1064,24,54,1198.05,20260111
6605,1719,32,66,10161.01,20240502
6606,2354,4,39,4616.09,20241019
6607,2767,19,13,4642.88,20250806
6608,2165,37,42,55187.1,20240210
6609,521,2,61,64573.01,20240513
6610,2264,25,33,19867.74,20260114
6611,405,37,47,18378.65,20250227
6612,2229,33,2,2501.04,20241124
6613,2362,13,5,102773.62,20240723
6614,2595,18,19,4775.33,20241004
6615,2313,33,16,2623.3,20241227
6616,2507,25,79,3853.7,20250319
6617,2450,10,59,18333.49,20251111
6618,984,16,11,13922.62,20240522
6619,1042,19,27,40250.82,20240824
6620,1411,31,72,116138.89,20251221
6621,550,2,12,20158.9,20260313
6622,110,37,38,84627.36,20251125
6623,547,37,37,4350.98,20240119
6624,1495,18,13,55124.93,20260306
6625,300,25,28,10751.24,20250928
6626,2869,26,68,76233.54,20260123
6627,1749,37,7,16840.59,20260205
6628,1053,9,7,8729.56,20250513
6629,1210,29,30,2049.72,20240303
6630,1919,12,51,4504.52,20260129
6631,2238,31,80,12092.98,20251019
6632,1158,32,42,13064.83,20240711
6633,532,33,17,96891.47,20250922
6634,1954,12,59,4436.86,20250519
6635,2763,11,14,52793.04,20250401
6636,765,36,37,10748.03,20241218
6637,931,13,68,6525.73,20240205
6638,2915,32,70,2953.94,20250209
6639,65,19,60,13224.54,20240629
6640,2835,36,32,13603.02,20251002
6641,2434,31,8,3350.6,20260321
6642,1002,12,68,9067.2,20260109
6643,2618,3,41,4378.86,20251022
6644,2920,31,76,35547.68,20250305
6645,2642,5,67,6761.13,20250331
6646,882,6,29,87181.48,20250320
6647,1191,21,75,62323.86,20260105
6648,471,22,57,3550.89,20240307
6649,1361,4,12,22224.23,20251009
6650,2025,28,18,56501.99,20240806
6651,2390,23,38,107708.88,20250601
6652,2782,6,62,142675.17,20250520
6653,554,13,71,52028.31,20240606
6654,400,12,65,213.88,20240131
6655,237,21,11,13522.19,20250902
6656,1394,16,75,59124.68,20250823
6657,1824,17,2,68242.42,20250211
6658,1087,23,66,1110.92,20251231
6659,642,31,38,4511.03,20241006
6660,1432,9,80,19192.79,20250309
6661,184,23,15,66208.42,20240722
6662,637,5,24,36158.68,20250420
6663,843,16,42,132403.86,20240919
6664,1529,31,64,4728.28,20250419
6665,533,22,69,47647.86,20260109
6666,2727,26,39,1681.09,20240730
6667,1052,27,62,9033.27,20240404
6668,2572,28,66,52216.11,20251203
6669,350,37,77,14378.0,20250226
6670,1616,27,78,58282.94,20240927
6671,1944,31,12,12655.35,20241006
6672,1188,24,50,35561.91,20240623
6673,207,33,45,10258.81,20240907
6674,1523,24,42,34014.3,20250809
6675,1556,21,2,2282.9,20260123
6676,384,32,23,4850.97,20260216
6677,2439,37,60,13927.17,20251030
6678,1701,5,24,4752.41,20260113
6679,2858,39,27,2234.34,20250916
6680,440,26,23,107123.32,20240830
6681,1222,1,75,63386.95,20251215
6682,2579,22,51,70385.16,20240306
6683,253,13,50,48302.57,20240117
6684,221,5,50,14364.63,20240430
6685,1894,4,39,27343.23,20250606
6686,2679,13,61,2513.32,20240728
6687,656,11,77,3061.32,20250108
6688,1608,31,8,70108.65,20250711
6689,2428,3,61,6047.59,20250613
6690,2408,25,78,78926.85,20251211
6691,1198,12,62,140958.25,20241129
6692,2351,12,14,6905.49,20240510
6693,2087,31,34,147479.23,20250204
6694,1023,35,69,884.37,20240306
6695,1975,15,18,2060.39,20250526
6696,1090,16,48,148807.35,20250622
6697,1695,31,56,59182.49,20241227
6698,642,18,48,1746.38,20250906
6699,2240,32,4,4426.26,20251208
6700,2732,20,19,4301.71,20260313
6701,727,15,31,63368.85,20251231
6702,1798,32,14,19035.22,20250710
6703,1437,39,53,3658.38,20240717
6704,1682,20,64,41331.82,20240609
6705,1475,30,20,50070.86,20251123
6706,41,8,71,5285.1,20260215
6707,2156,35,62,14656.5,20240220
6708,1437,22,70,48971.43,20241113
6709,2170,29,1,3287.5,20241123
6710,2788,32,77,72835.99,20250723
6711,1039,6,76,12252.02,20240923
6712,2990,28,49,78049.77,20260301
6713,2597,33,43,67255.71,20260315
6714,1231,29,36,4686.51,20240827
6715,814,37,19,73095.1,20240822
6716,1763,11,65,15967.67,20251210
6717,1413,37,28,3119.05,20240317
6718,2617,19,41,5062.38,20250716
6719,473,1,41,5523.85,20240617
6720,1707,40,62,31047.32,20240513
6721,312,1,76,75518.76,20250901
6722,1547,2,69,7312.56,20250223
6723,2281,3,39,70091.43,20250913
6724,1593,14,79,14677.77,20240825
6725,1434,20,65,103920.74,20250623
6726,2682,29,15,108792.62,20241220
6727,2508,17,34,654.83,20251008
6728,1783,8,73,141251.77,20240307
6729,1028,31,36,22549.76,20250505
6730,326,10,65,2249.08,20240610
6731,1513,5,80,62310.38,20250331
6732,2306,31,43,74582.97,20260213
6733,2204,15,17,2514.6,20251115
6734,2619,4,42,66048.18,20240211
6735,1437,29,30,739.76,20241020
6736,1165,16,73,5509.18,20250108
6737,1241,19,53,47873.94,20241010
6738,1923,18,18,4312.67,20260127
6739,227,27,44,50755.08,20240909
6740,798,24,79,1090.67,20260321
6741,2747,37,51,1637.47,20250822
6742,2884,22,52,42782.69,20260117
6743,2003,21,61,63516.33,20250727
6744,600,31,25,10122.97,20250719
6745,1014,25,61,130752.13,20250311
6746,2112,28,50,48534.02,20251018
6747,2693,32,65,1030.89,20250526
6748,227,19,36,111662.02,20240112
6749,2885,29,52,3342.62,20250330
6750,112,2,57,75886.59,20260116
6751,2826,26,46,50071.97,20240705
6752,1416,32,31,9248.46,20240611
6753,2748,33,45,5655.93,20241107
6754,1880,14,75,10247.57,20240310
6755,1812,35,41,68012.47,20260112
6756,2266,3,65,11792.05,20250827
6757,1349,13,71,5258.22,20250521
6758,1606,31,19,44383.39,20260129
6759,1520,39,59,10670.69,20250926
6760,778,27,78,5888.81,20260327
6761,527,21,50,9244.47,20240307
6762,116,12,62,23174.9,20250405
6763,1843,36,20,18768.96,20240817
6764,2350,4,11,1515.05,20260112
6765,989,5,55,2418.36,20250505
6766,1524,3,53,47476.89,20250625
6767,837,28,67,24560.32,20250528
6768,815,28,44,2174.59,20240614
6769,1945,23,73,1395.59,20250212
6770,1340,10,1,9253.6,20240906
6771,2617,29,62,113269.58,20260214
6772,1203,12,43,1833.58,20240113
6773,2057,2,70,3289.83,20260125
6774,1834,14,44,96905.0,20250625
6775,1474,10,6,8053.91,20260213
6776,468,16,37,914.96,20241022
6777,1913,20,75,32738.64,20260319
6778,57,8,55,673.02,20250123
6779,1503,28,12,521.35,20251012
6780,2887,20,46,3274.73,20240118
6781,1376,3,71,6008.97,20241115
6782,1957,22,74,3186.69,20251003
6783,1575,20,80,108630.23,20251028
6784,1427,33,6,1726.96,20251026
6785,865,26,38,3963.7,20250207
6786,1247,33,13,2961.47,20240617
6787,905,27,9,1537.34,20260117
6788,754,28,79,13196.49,20251114
6789,2750,3,5,8326.86,20240910
6790,2909,18,71,66405.57,20250828
6791,2031,21,14,4015.26,20250303
6792,1543,32,57,5768.42,20250812
6793,1835,33,64,8904.8,20250529
6794,474,27,69,114336.59,20250528
6795,942,35,38,12698.55,20240119
6796,740,24,7,9438.33,20251126
6797,1070,25,20,7929.93,20241129
6798,635,15,54,2252.04,20240424
6799,2431,26,23,2981.0,20250216
6800,1453,38,40,63997.41,20250821
6801,2275,1,73,4921.37,20240208
6802,491,15,29,9636.53,20250407
6803,2032,3,55,61883.35,20260303
6804,1568,6,34,107362.95,20240625
6805,1364,5,34,78213.65,20250303
6806,760,19,45,119587.97,20250113
6807,2456,27,77,11357.99,20240526
6808,1053,8,74,11197.6,20250112
6809,1897,17,77,4192.6,20260117
6810,554,10,25,7791.49,20250314
6811,1010,21,22,65598.08,20250330
6812,2745,32,37,72421.57,20250501
6813,1107,13,22,1623.87,20240924
6814,1444,14,20,14028.93,20240713
6815,354,10,56,43033.39,20250129
6816,2185,16,16,16706.88,20240731
6817,2358,18,17,1788.92,20240110
6818,1390,18,52,3886.39,20250507
6819,2092,34,23,2566.26,20240304
6820,295,20,25,53193.61,20250427
6821,2720,21,80,59890.9,20251209
6822,1017,22,61,83532.67,20240417
6823,634,9,58,38847.65,20240906
6824,1799,24,79,139065.7,20250315
6825,2084,38,38,13761.29,20260323
6826,2623,19,75,8524.0,20250402
6827,1100,13,10,19524.8,20241023
6828,2610,11,52,36281.12,20241220
6829,2473,1,43,10340.36,20251227
6830,1799,14,24,2081.25,20250308
6831,506,14,14,23775.37,20250210
6832,1399,32,6,2305.9,20240116
6833,908,33,14,92095.16,20250630
6834,2983,34,3,95663.17,20251111
6835,2215,11,32,8261.26,20241013
6836,489,15,65,3135.85,20240229
6837,2518,24,25,16812.71,20260125
6838,2737,37,62,13276.15,20241009
6839,1986,39,12,4554.53,20250103
6840,89,28,2,69996.44,20240327
6841,966,23,8,6883.35,20240706
6842,1681,12,19,6560.49,20240524
6843,2262,9,19,69711.81,20250521
6844,2254,10,55,2466.72,20260311
6845,1003,27,17,18883.91,20260305
6846,136,6,62,9525.91,20241023
6847,2669,7,18,135701.08,20250523
6848,153,40,62,134955.73,20240306
6849,2175,24,7,4086.74,20250308
6850,381,36,21,1150.68,20250719
6851,926,13,7,1525.46,20250329
6852,339,13,75,13875.12,20250409
6853,2469,10,4,3730.15,20240111
6854,2724,26,6,5778.05,20260320
6855,2671,32,37,135.63,20240630
6856,1839,35,68,12554.55,20251030
6857,690,35,16,42331.88,20240824
6858,2442,14,23,14149.99,20240605
6859,2782,19,42,2916.99,20251117
6860,2428,16,71,24832.44,20241030
6861,1195,21,11,7850.24,20250111
6862,1276,18,59,8518.07,20260317
6863,2578,37,23,355.35,20250501
6864,1638,39,67,90669.02,20240809
6865,1473,24,3,2442.4,20241224
6866,2229,26,64,99957.93,20241210
6867,2048,3,79,289.59,20260129
6868,474,10,13,1557.13,20240711
6869,1486,33,1,64520.0,20260223
6870,451,24,54,3701.24,20240830
6871,474,31,40,8700.23,20240119
6872,2774,32,27,24029.25,20250924
6873,682,25,7,23085.52,20250321
6874,1132,34,50,46918.77,20250201
6875,947,35,13,128924.31,20240820
6876,640,36,1,1734.79,20250716
6877,1839,37,75,40651.9,20251208
6878,1025,38,15,5430.1,20260126
6879,1483,39,10,106564.1,20250809
6880,24,22,53,136478.34,20240112
6881,2612,27,29,123730.23,20240826
6882,1933,16,47,3030.69,20240330
6883,2672,10,24,24779.97,20240902
6884,1962,4,51,15775.97,20250120
6885,89,5,75,6867.4,20250309
6886,1826,19,11,77514.64,20250110
6887,1929,7,44,48498.24,20250111
6888,2032,40,80,16336.91,20251231
6889,1425,9,16,10717.37,20251124
6890,2558,34,77,63703.89,20250619
6891,2269,7,62,2065.12,20260116
6892,384,12,21,6686.34,20240426
6893,2875,20,47,35081.24,20241026
6894,889,14,27,77461.48,20250326
6895,1925,17,12,29666.15,20260128
6896,2796,39,42,135876.18,20240101
6897,2682,17,46,72852.23,20241121
6898,787,18,16,3727.36,20240106
6899,366,25,14,74985.47,20250216
6900,465,20,17,104532.67,20240207
6901,371,34,12,47718.23,20240814
6902,1303,25,46,41103.28,20240907
6903,261,21,38,5560.8,20240201
6904,235,29,71,3927.62,20260110
6905,504,18,27,17110.11,20240317
6906,1241,5,16,91713.91,20240625
6907,1299,26,56,134209.47,20250429
6908,2164,28,30,5857.64,20260209
6909,518,6,55,10019.09,20241027
6910,919,39,45,4663.96,20240226
6911,2513,31,36,12744.31,20241212
6912,265,32,37,8122.75,20240530
6913,957,33,56,5513.85,20240711
6914,40,21,37,70078.09,20241118
6915,1949,7,29,2374.5,20240806
6916,992,1,64,9970.74,20260130
6917,187,35,55,3033.25,20251201
6918,1316,25,7,128629.38,20260206
6919,2159,39,2,2831.4,20260223
6920,1322,18,37,13670.85,20251120
6921,985,1,29,5290.19,20250525
6922,2494,28,78,4930.07,20251030
6923,1748,24,20,268.7,20251111
6924,2727,31,41,4199.75,20240319
6925,2309,5,3,4557.58,20240105
6926,2124,26,72,73395.25,20240428
6927,2639,7,80,110549.07,20241002
6928,1342,23,5,3798.46,20240122
6929,628,34,35,65513.08,20250807
6930,1632,26,27,114889.79,20250203
6931,1180,11,13,98728.46,20240625
6932,145,25,23,49762.03,20241002
6933,107,35,7,8179.19,20250918
6934,365,10,16,85299.31,20240725
6935,2469,15,71,141751.64,20241206
6936,859,16,11,15680.88,20240613
6937,2042,17,1,29699.28,20250512
6938,1757,18,23,87483.42,20241218
6939,377,19,23,110909.51,20240924
6940,773,20,41,10137.94,20250521
6941,1042,21,13,4255.32,20250516
6942,2496,22,5,59182.2,20240113
6943,1069,23,66,97209.42,20250507
6944,2525,24,44,28515.72,20251226
6945,1349,9,43,14685.48,20251109
6946,9,37,47,4766.38,20251018
6947,2802,32,78,13937.2,20260126
6948,2751,32,27,49085.87,20241029
6949,611,29,13,96046.25,20250409
6950,293,30,20,19237.44,20260314
6951,418,5,31,22951.5,20240416
6952,1948,24,6,26594.23,20240131
6953,2363,33,68,70134.18,20250218
6954,699,34,17,10960.52,20240416
6955,137,16,68,22111.04,20240623
6956,243,37,39,106491.65,20250430
6957,1019,34,46,96019.67,20240417
6958,841,11,16,70848.23,20250615
6959,1738,36,24,4754.32,20240424
6960,2113,40,77,1941.34,20240225
6961,438,5,58,78028.52,20250116
6962,2452,16,70,1577.82,20260101
6963,1140,29,30,24483.74,20251015
6964,856,17,74,704.18,20240816
6965,1501,2,57,48086.93,20241109
6966,64,15,46,13352.65,20240116
6967,2125,7,27,78351.4,20250603
6968,2733,8,66,91730.06,20240413
6969,2313,15,67,10348.49,20240702
6970,2987,18,63,7897.11,20240519
6971,680,33,63,2998.64,20250720
6972,1521,19,13,4774.05,20240312
6973,887,29,3,106225.97,20240828
6974,2022,14,52,6753.52,20251128
6975,372,15,9,119521.58,20240826
6976,2418,15,4,14090.76,20240416
6977,2976,17,25,51837.38,20240729
6978,1998,5,60,109073.25,20240823
6979,1990,14,4,93100.89,20240808
6980,2379,20,7,2401.69,20250705
6981,2120,21,62,35128.69,20250114
6982,748,29,39,16225.79,20250204
6983,1106,16,19,1562.92,20250726
6984,249,22,18,4407.48,20241124
6985,1374,15,50,105874.13,20240125
6986,530,26,58,101155.32,20240502
6987,2983,27,45,72989.4,20260204
6988,2480,28,30,2788.79,20251108
6989,1315,29,69,83743.48,20251219
6990,1698,17,36,11583.22,20260210
6991,1830,35,11,52816.8,20251221
6992,138,17,8,54260.19,20240708
6993,2829,27,62,4530.5,20250113
6994,714,34,51,2144.75,20260316
6995,2445,3,4,12184.49,20250907
6996,2571,36,5,21805.76,20240920
6997,214,31,3,14885.67,20250705
6998,1114,23,40,29380.92,20240917
6999,56,39,38,5518.97,20240220
7000,1689,40,46,3677.33,20251231
7001,2165,19,69,101025.11,20250129
7002,1665,2,71,65630.89,20250104
7003,1624,21,57,12297.73,20241015
7004,2173,4,61,1680.12,20240716
7005,366,8,22,63082.21,20240322
7006,1446,6,48,15956.09,20250128
7007,1508,39,3,8796.22,20240430
7008,89,5,64,23019.84,20241212
7009,2801,9,62,29250.3,20250319
7010,416,15,21,13293.32,20260227
7011,1647,11,47,696.03,20250414
7012,1693,19,36,77255.67,20240412
7013,1497,33,78,9312.0,20241016
7014,345,35,30,23847.14,20241111
7015,276,16,57,43136.64,20260302
7016,2797,32,77,1432.1,20260202
7017,2937,37,12,63585.53,20250413
7018,2172,37,40,109938.37,20241102
7019,2706,22,70,13446.99,20250811
7020,2376,20,38,136615.27,20240828
7021,2061,2,62,60608.81,20260330
7022,2616,31,54,2444.25,20251113
7023,843,3,42,130981.07,20250426
7024,1437,24,13,1443.51,20240531
7025,520,37,58,2327.43,20250309
7026,1772,26,8,38115.49,20250413
7027,2464,27,47,30609.84,20240503
7028,517,40,27,33541.09,20240916
7029,2033,1,68,2296.79,20250816
7030,1305,2,48,8698.98,20250403
7031,2422,27,63,14806.35,20240805
7032,1825,31,15,79727.3,20241011
7033,1918,4,18,5051.92,20250406
7034,75,24,48,4980.51,20260206
7035,147,40,80,4584.66,20241015
7036,542,14,63,1671.47,20241127
7037,2252,37,44,143471.09,20240930
7038,1940,27,27,10933.26,20251101
7039,1113,1,43,4157.57,20251207
7040,884,29,21,14995.62,20241215
7041,536,10,61,4649.83,20250426
7042,2079,32,8,9004.98,20251119
7043,646,28,52,48580.15,20241006
7044,2500,12,60,4286.57,20250309
7045,1083,39,37,13786.21,20241109
7046,232,39,51,56897.29,20240217
7047,1959,30,68,8930.87,20240817
7048,435,19,73,38143.64,20250517
7049,791,28,75,48981.42,20250202
7050,1929,22,78,1303.9,20251204
7051,1591,23,55,30820.14,20240411
7052,1968,10,27,81936.15,20240304
7053,87,13,28,7695.48,20240217
7054,76,14,62,66862.06,20250816
7055,2352,12,36,22377.38,20250318
7056,16,16,49,56582.86,20250719
7057,2512,17,23,103032.1,20250917
7058,1077,18,9,130116.51,20250306
7059,1893,7,34,11076.79,20250720
7060,1430,20,11,18339.44,20250827
7061,945,4,48,1036.14,20240712
7062,2786,38,33,143766.57,20250318
7063,774,14,62,4728.43,20241024
7064,1176,34,65,17670.42,20251123
7065,2948,20,71,33868.05,20250430
7066,40,12,58,7391.58,20240906
7067,325,37,27,3972.68,20251201
7068,191,22,46,35077.33,20250101
7069,2529,18,40,16845.53,20250330
7070,589,36,60,4445.14,20250422
7071,2090,34,73,9248.57,20240903
7072,703,28,57,103413.13,20240322
7073,1054,35,50,42981.91,20250506
7074,74,11,77,30850.46,20241028
7075,1561,19,13,13126.8,20260324
7076,2727,10,3,58843.16,20240317
7077,2886,30,14,1282.63,20240320
7078,1147,38,32,28977.97,20250901
7079,1730,34,13,27309.78,20240703
7080,1465,6,75,9684.53,20240815
7081,2711,1,15,68104.1,20240305
7082,1621,15,12,61827.72,20250113
7083,190,5,60,2438.03,20251212
7084,1848,2,64,68500.04,20240404
7085,2891,29,28,133.38,20240416
7086,1971,3,11,47699.69,20250901
7087,2318,7,21,12627.09,20241023
7088,2526,11,34,67031.46,20250718
7089,317,9,49,117956.24,20250301
7090,2432,26,7,4778.93,20251210
7091,349,18,32,73666.24,20241116
7092,1134,6,9,8594.8,20240212
7093,134,22,7,58341.52,20240201
7094,993,8,74,72063.88,20260203
7095,1665,15,20,73738.4,20251004
7096,781,18,64,2090.55,20260310
7097,204,17,65,9497.32,20250303
7098,1935,18,22,6264.34,20241120
7099,234,17,65,28221.15,20240924
7100,2986,22,34,15258.99,20260310
7101,2043,7,15,14905.24,20240612
7102,398,24,72,47131.77,20260318
7103,2045,22,46,14261.5,20250804
7104,1645,36,49,1588.54,20240623
7105,1110,6,39,106622.67,20240925
7106,1068,26,64,89845.32,20251001
7107,2868,3,9,8420.49,20240303
7108,1796,27,23,12467.95,20240820
7109,1820,29,19,10442.03,20250924
7110,2308,8,38,28159.9,20260113
7111,1824,35,11,17544.9,20240106
7112,1758,17,29,104939.56,20240215
7113,632,15,77,7518.97,20250428
7114,430,21,33,70886.41,20260124
7115,343,2,64,4341.18,20260313
7116,1873,8,69,771.1,20251205
7117,1939,12,65,1647.87,20250404
7118,1871,34,55,14634.86,20250106
7119,1776,9,12,2462.87,20240216
7120,725,15,39,114396.58,20260328
7121,841,1,76,17350.63,20240922
7122,1854,24,80,2659.53,20240611
7123,1732,30,36,8486.31,20240719
7124,2361,4,6,13534.3,20251125
7125,1174,26,76,12063.67,20241001
7126,120,6,22,4945.92,20250706
7127,529,7,28,11574.79,20260327
7128,2292,10,46,2372.71,20240115
7129,287,11,7,12533.24,20240209
7130,256,10,48,113375.08,20250413
7131,433,26,57,9666.77,20250929
7132,2889,37,52,11545.88,20250322
7133,790,4,17,11062.91,20250210
7134,2104,10,8,1293.0,20250119
7135,1131,36,3,39262.36,20241130
7136,2509,30,27,9602.22,20240119
7137,2195,19,16,42351.33,20240409
7138,19,21,70,14751.38,20251017
7139,2915,37,30,8213.84,20240903
7140,1764,20,41,11590.55,20241010
7141,2496,32,5,525.58,20250630
7142,1004,40,1,4862.88,20251130
7143,209,21,71,4957.14,20250917
7144,61,24,68,382.66,20250426
7145,1743,25,15,23068.11,20250411
7146,196,4,16,5328.73,20260225
7147,2011,31,27,90904.48,20241201
7148,2220,28,63,2588.92,20240101
7149,2092,29,42,6827.13,20240612
7150,1290,30,2,53885.06,20241218
7151,1478,31,48,3497.99,20250703
7152,644,32,11,2638.93,20241203
7153,2090,23,2,65073.14,20250720
7154,2833,34,68,698.22,20250929
7155,1470,19,14,11447.4,20240126
7156,14,3,36,208.12,20251231
7157,2378,14,28,431.95,20250314
7158,2560,38,49,9720.03,20251217
7159,1087,33,60,47880.87,20250820
7160,618,12,27,46398.43,20250803
7161,1504,27,6,26296.82,20240222
7162,505,2,27,30523.97,20241104
7163,355,3,41,129891.36,20250922
7164,2325,4,56,4943.48,20240312
7165,1765,5,55,9100.43,20240713
7166,345,21,77,13720.79,20240718
7167,2261,24,5,45367.08,20250306
7168,1203,15,14,2959.93,20240421
7169,2372,27,30,2293.96,20250717
7170,190,10,2,4881.08,20260216
7171,986,34,68,19522.89,20240803
7172,1584,12,19,607.86,20250806
7173,2924,32,3,4224.27,20260113
7174,1272,14,70,20749.81,20260307
7175,2110,3,64,18613.1,20250315
7176,657,31,65,8079.62,20260125
7177,830,2,46,74400.44,20250312
7178,793,36,68,146226.49,20250512
7179,2312,6,78,4424.32,20240214
7180,1902,30,47,11069.15,20241028
7181,568,21,73,10710.94,20250209
7182,2688,27,25,10243.2,20260326
7183,713,5,55,79851.25,20251203
7184,47,24,52,4742.43,20250131
7185,260,11,63,10533.06,20250620
7186,670,35,35,1415.52,20260114
7187,1730,5,58,5515.36,20240124
7188,1170,28,79,37441.38,20251008
7189,1814,29,16,122203.41,20250911
7190,869,30,1,67355.54,20250627
7191,2972,31,68,90988.89,20241220
7192,1113,35,32,91627.45,20240215
7193,1304,30,18,24123.33,20260326
7194,887,34,65,1838.32,20240412
7195,2979,4,41,6913.0,20250308
7196,2603,15,4,134938.51,20250502
7197,36,14,57,10224.65,20250723
7198,1370,16,57,3873.07,20251019
7199,2155,2,37,2971.1,20260122
7200,1994,7,31,30022.53,20241123
7201,1163,8,62,46037.25,20240320
7202,1107,39,36,6427.77,20240520
7203,2035,11,58,52012.74,20240423
7204,1442,40,62,3639.82,20240209
7205,2163,1,57,8976.66,20240202
7206,1037,8,43,5847.71,20250214
7207,1582,7,77,78372.7,20250220
7208,2713,28,44,110736.26,20250607
7209,2720,10,34,1648.87,20241217
7210,1647,40,23,8871.03,20250308
7211,664,11,54,98923.19,20250419
7212,1776,7,41,3117.87,20240214
7213,671,15,72,33547.75,20250613
7214,896,40,18,13582.93,20250622
7215,2482,9,20,67573.71,20251113
7216,1734,27,24,13114.53,20240915
7217,356,17,47,73596.38,20250317
7218,2628,36,40,68480.29,20241002
7219,2892,38,21,41795.94,20240322
7220,2568,26,5,3340.34,20240825
7221,1753,19,50,11216.43,20240601
7222,310,22,5,70671.09,20250320
7223,27,23,14,137919.69,20240326
7224,2429,20,44,8148.44,20251112
7225,159,25,61,75161.9,20240911
7226,534,32,39,17451.12,20250213
7227,2649,9,44,65329.59,20240105
7228,2812,13,8,47795.83,20250413
7229,647,29,51,11832.21,20240722
7230,2333,3,58,4122.7,20250213
7231,2736,5,16,9780.78,20251126
7232,1036,32,19,2304.89,20251116
7233,1668,33,19,1153.74,20240123
7234,1054,34,74,149213.23,20260318
7235,1387,35,56,62208.96,20250227
7236,789,36,63,1687.01,20241123
7237,61,37,48,30339.15,20250225
7238,2938,36,69,134038.16,20240715
7239,2619,32,41,5807.07,20250905
7240,244,40,9,141159.15,20240710
7241,2169,11,30,17691.27,20240616
7242,1636,18,30,12281.53,20240411
7243,2569,9,78,13744.05,20240909
7244,1208,19,30,7411.78,20241012
7245,2430,23,59,3900.96,20240528
7246,2840,19,7,8857.45,20250525
7247,1862,7,51,14959.63,20250428
7248,616,33,28,109707.81,20250507
7249,42,5,3,2438.84,20260325
7250,2290,10,23,71975.95,20250328
7251,2335,11,49,86022.06,20250815
7252,2060,12,46,37047.48,20240511
7253,1925,4,24,5881.15,20250910
7254,8,24,61,8220.05,20240314
7255,1482,34,34,94486.91,20240331
7256,1552,8,19,1396.05,20241225
7257,1128,17,60,1505.43,20240928
7258,1698,14,10,8197.57,20240121
7259,2657,19,42,2995.51,20250916
7260,2687,21,80,90183.92,20260313
7261,2831,8,20,11393.97,20240802
7262,413,12,51,3688.99,20251014
7263,2704,21,33,52804.05,20240406
7264,2070,30,59,119861.74,20250720
7265,116,40,48,7826.3,20250113
7266,1577,12,57,9938.45,20240513
7267,2924,13,17,43309.7,20240918
7268,14,32,78,7026.85,20240605
7269,2012,29,66,1525.25,20260126
7270,2625,30,78,149837.06,20260130
7271,1347,31,25,10225.77,20251110
7272,800,7,67,96559.24,20250321
7273,441,38,70,32146.15,20241001
7274,1853,37,20,4910.82,20250106
7275,2477,35,54,3728.78,20240530
7276,2964,11,62,2540.87,20250909
7277,2226,32,13,7248.66,20260331
7278,918,38,27,3249.62,20260122
7279,2352,15,10,78201.4,20250401
7280,1350,5,79,103349.02,20250521
7281,1555,4,19,15114.08,20250420
7282,84,11,64,4032.88,20260401
7283,2502,23,67,8770.94,20251109
7284,1438,4,17,27332.15,20240106
7285,219,27,25,28049.27,20251029
7286,1356,32,50,12474.3,20240103
7287,2279,37,22,47065.21,20260117
7288,1577,12,51,5017.78,20260323
7289,1300,9,10,10468.54,20250502
7290,846,9,4,3688.61,20240923
7291,790,20,39,62272.31,20250909
7292,472,37,49,105038.14,20241001
7293,2354,25,23,38553.3,20251125
7294,1139,14,74,106987.13,20250720
7295,2724,15,46,15454.86,20250402
7296,2727,34,43,130983.97,20240822
7297,1313,35,20,77999.76,20240301
7298,126,6,69,2229.13,20240501
7299,1954,7,36,9332.16,20240120
7300,1697,5,80,99611.91,20250117
7301,1881,1,12,16217.39,20260115
7302,961,22,1,1764.29,20241003
7303,1607,22,59,5075.66,20240708
7304,1517,26,47,10721.4,20250417
7305,571,31,62,134712.66,20260112
7306,1383,26,67,11269.18,20240301
7307,2976,27,32,74102.63,20260322
7308,1746,12,16,9567.41,20241031
7309,96,7,49,57723.03,20251013
7310,901,1,42,4084.22,20250418
7311,676,1,63,120883.82,20241030
7312,611,4,74,1870.89,20250303
7313,1962,33,7,2560.05,20240227
7314,2474,34,56,8262.54,20250210
7315,241,35,16,27498.33,20250813
7316,2621,31,57,105399.53,20250810
7317,426,19,53,75996.42,20240726
7318,1587,36,60,24196.33,20250928
7319,610,39,66,74290.63,20240311
7320,2008,20,61,190.15,20251116
7321,2083,10,33,130436.63,20250706
7322,1652,26,69,79185.01,20250928
7323,1039,12,30,19926.54,20250402
7324,2335,5,42,104852.35,20240206
7325,2419,2,15,83456.5,20241206
7326,886,10,12,68901.94,20260401
7327,1828,34,9,67646.74,20250126
7328,2191,8,38,3113.84,20240612
7329,2632,8,31,60116.1,20250915
7330,1336,10,36,30364.77,20260322
7331,888,24,73,54793.27,20260312
7332,2207,12,29,12954.37,20250425
7333,257,33,10,4421.73,20250917
7334,96,14,57,1967.92,20250817
7335,1251,15,34,26260.66,20250318
7336,2238,16,13,11779.82,20251129
7337,1045,32,72,118876.04,20250923
7338,2564,40,21,135262.32,20251221
7339,2444,19,80,15897.33,20250701
7340,2778,20,55,12814.46,20250312
7341,1263,28,55,1915.99,20241025
7342,1912,39,36,2344.24,20250503
7343,1921,23,4,77776.2,20250223
7344,1412,18,2,11365.31,20260131
7345,1985,38,42,100999.9,20250506
7346,138,26,26,965.53,20240107
7347,2130,6,58,32412.52,20260203
7348,1783,28,20,11994.83,20250915
7349,1918,7,79,50807.96,20251010
7350,2073,12,47,71185.72,20241220
7351,339,31,52,49931.28,20240208
7352,549,29,63,1140.03,20250929
7353,2365,11,55,368.84,20241201
7354,2699,24,34,3412.25,20250923
7355,2205,6,31,57059.36,20240919
7356,495,22,62,12854.98,20240430
7357,409,24,14,98262.65,20260308
7358,1485,16,21,100933.36,20260220
7359,2066,40,64,81171.81,20240115
7360,684,10,29,675.29,20241123
7361,2862,1,27,5935.82,20240914
7362,1977,28,42,65426.56,20260129
7363,2011,3,29,3732.72,20240107
7364,2906,4,42,193.12,20250306
7365,1249,11,79,86731.33,20240215
7366,2217,6,49,1583.34,20251126
7367,2137,12,74,32398.56,20241221
7368,1851,8,55,70046.81,20260206
7369,2076,14,49,52252.74,20250104
7370,1443,9,54,8330.07,20250111
7371,2722,11,53,15236.78,20251224
7372,261,12,26,68525.82,20240121
7373,101,14,39,3215.96,20250405
7374,1818,22,49,16673.91,20241019
7375,1727,15,63,2595.69,20251122
7376,2418,31,2,22727.73,20250326
7377,1364,17,24,1104.98,20251207
7378,309,10,29,4681.65,20250717
7379,1856,24,25,70745.01,20241204
7380,1106,22,15,12089.4,20250202
7381,634,10,2,51969.77,20250127
7382,842,27,33,4827.05,20251103
7383,2409,25,16,96197.86,20240514
7384,308,25,6,87314.88,20250403
7385,2672,25,77,11620.87,20260327
7386,1575,34,26,64183.0,20240207
7387,578,27,19,14548.62,20250923
7388,1548,28,24,10567.79,20260118
7389,2030,7,8,8095.87,20251218
7390,2597,30,49,2165.4,20240714
7391,1701,21,5,63297.14,20251028
7392,301,32,41,7974.73,20241103
7393,2517,1,71,46033.73,20250713
7394,1572,34,9,11635.74,20250615
7395,1886,35,77,71329.69,20240104
7396,2884,16,53,73556.52,20240728
7397,1367,33,37,1410.84,20251027
7398,858,32,18,121666.87,20241005
7399,1768,32,64,4218.02,20240626
7400,917,5,76,4642.07,20250726
7401,225,15,66,56296.16,20250531
7402,2422,37,63,57382.14,20240217
7403,2100,17,23,14419.76,20250119
7404,135,4,68,2821.09,20250723
7405,2451,5,30,1468.44,20240619
7406,1462,29,40,2899.33,20250130
7407,538,7,18,1103.18,20240228
7408,1835,2,40,41699.1,20240426
7409,2024,34,70,57743.8,20240523
7410,2184,11,4,11891.94,20240322
7411,477,9,59,4763.58,20240924
7412,2267,7,2,70761.28,20240401
7413,175,13,9,64736.18,20240409
7414,1327,14,51,98255.62,20240704
7415,2672,15,28,16707.58,20250710
7416,123,36,12,144148.68,20240629
7417,1136,25,11,60525.69,20240317
7418,1907,32,21,4098.21,20240206
7419,1493,19,74,76299.47,20241016
7420,839,23,30,5540.05,20260123
7421,112,21,52,4806.9,20250106
7422,280,22,74,36590.97,20241129
7423,1988,23,47,45966.06,20240502
7424,412,24,17,65760.2,20241212
7425,832,25,76,9283.55,20250329
7426,1957,13,44,6221.62,20240101
7427,1700,16,73,102129.61,20250305
7428,923,34,47,4112.15,20250128
7429,2479,29,41,1461.96,20240814
7430,114,20,14,1272.06,20240112
7431,2000,6,40,38409.68,20250121
7432,497,32,47,10630.54,20251025
7433,73,33,33,115845.51,20260311
7434,2093,19,50,4349.51,20250104
7435,401,39,3,9999.66,20240301
7436,389,23,14,1146.68,20240103
7437,29,2,77,87899.23,20250910
7438,1430,38,44,4273.05,20260223
7439,2370,25,60,4603.79,20260130
7440,86,40,13,3206.59,20260401
7441,596,33,37,104175.39,20251108
7442,1767,35,72,60002.64,20251121
7443,42,3,1,11984.18,20240617
7444,1992,4,4,129891.14,20250723
7445,1391,5,63,1978.92,20251120
7446,1035,6,19,11529.13,20240331
7447,1794,22,28,663.49,20250819
7448,2378,1,72,69772.13,20250107
7449,2529,28,75,1696.37,20251005
7450,1291,17,18,6447.7,20240719
7451,1042,11,12,109430.57,20250830
7452,102,11,34,114518.25,20250916
7453,477,13,56,7745.7,20250618
7454,812,29,38,38146.47,20240603
7455,1753,15,23,2510.72,20260314
7456,829,6,25,932.02,20241126
7457,1726,17,24,116590.35,20250405
7458,1419,18,9,238.01,20250812
7459,130,19,32,6179.67,20251126
7460,2251,20,22,99827.7,20241225
7461,2514,21,79,13520.87,20240711
7462,108,35,21,100396.81,20240415
7463,1450,7,18,8754.05,20251107
7464,1167,27,62,11940.18,20250126
7465,1457,22,7,4635.99,20250722
7466,238,5,40,24611.26,20241227
7467,2378,23,60,3992.04,20250810
7468,699,8,2,105794.98,20250815
7469,1372,7,33,10658.86,20251005
7470,1321,10,2,2690.69,20240605
7471,2970,27,44,1009.72,20251119
7472,501,37,68,35316.7,20260219
7473,2172,39,6,93695.32,20240709
7474,2003,34,2,3726.66,20250319
7475,930,34,38,1202.4,20240224
7476,2611,26,76,2464.45,20250317
7477,2383,8,3,14073.03,20240307
7478,416,3,78,1177.83,20250516
7479,1256,18,4,19576.26,20241027
7480,1268,40,59,12026.4,20240429
7481,2636,8,41,9681.07,20250719
7482,2492,30,80,2124.44,20250310
7483,1676,3,61,47239.71,20240703
7484,936,3,25,41761.89,20240927
7485,166,26,42,30250.04,20251113
7486,258,20,25,18516.44,20240928
7487,2124,15,20,13498.96,20250210
7488,1576,36,11,121422.4,20250330
7489,2954,38,14,1151.17,20241228
7490,2789,10,31,3982.96,20240612
7491,1026,14,60,15112.38,20250328
7492,893,34,34,2717.15,20240309
7493,1411,31,16,26543.21,20240711
7494,1696,14,14,15117.42,20240526
7495,104,17,60,7457.73,20240623
7496,938,20,16,2459.23,20260321
7497,1430,27,40,99153.17,20241127
7498,264,26,66,137352.72,20240717
7499,1657,31,3,1701.4,20240629
7500,2141,18,29,65907.06,20251024
7501,1222,24,61,19575.82,20240507
7502,1658,28,2,11301.2,20240416
7503,2777,17,9,10825.54,20240218
7504,2749,24,37,10573.02,20240208
7505,2277,11,56,124835.78,20240708
7506,2837,35,59,40046.63,20240925
7507,826,27,73,119333.12,20250320
7508,350,28,18,56716.06,20250612
7509,2131,1,40,11994.71,20240725
7510,14,34,30,1094.57,20240822
7511,332,32,53,68554.64,20251101
7512,1955,32,53,95482.03,20260112
7513,958,31,17,65741.77,20240727
7514,2288,34,10,52673.65,20251213
7515,2700,24,65,1792.24,20240731
7516,362,36,63,1320.44,20240628
7517,977,37,40,35606.68,20251029
7518,2135,1,20,73540.22,20250429
7519,59,27,33,7903.64,20250904
7520,1387,16,76,10421.84,20240104
7521,306,1,66,36308.66,20250703
7522,907,35,43,2276.72,20251010
7523,238,10,24,49028.03,20260213
7524,395,4,74,104012.24,20250613
7525,1004,27,76,5373.59,20241120
7526,715,6,22,14717.86,20240905
7527,407,6,44,66066.47,20250228
7528,653,8,7,16095.52,20251119
7529,265,18,50,7976.17,20240131
7530,1135,5,20,1523.7,20240327
7531,1046,11,14,71553.2,20240101
7532,826,9,37,7786.13,20250729
7533,1351,14,58,38482.63,20250530
7534,1744,31,29,3268.05,20250723
7535,1669,15,54,4009.04,20250415
7536,2813,5,31,50841.55,20251027
7537,202,31,38,11367.97,20250819
7538,2248,18,29,57352.85,20250830
7539,999,31,48,8390.99,20251226
7540,1116,22,62,15730.6,20250603
7541,2149,9,79,82615.78,20250522
7542,958,35,66,115780.1,20250601
7543,2218,11,25,37985.87,20241115
7544,154,24,35,135269.49,20250121
7545,1440,25,64,39602.92,20240705
7546,2118,26,43,3175.68,20250505
7547,1631,1,30,11330.13,20240314
7548,663,1,29,113699.9,20240801
7549,127,32,33,14899.73,20260113
7550,2503,36,2,51885.21,20250323
7551,1307,1,68,11236.11,20241122
7552,2518,30,1,15645.63,20240414
7553,2058,33,27,12871.48,20260203
7554,1246,34,61,22618.32,20250929
7555,1471,5,52,2981.46,20240704
7556,1309,34,49,2296.72,20250108
7557,292,32,1,102498.23,20250722
7558,1289,34,37,6520.12,20241211
7559,28,28,49,348.89,20250218
7560,274,13,11,2099.3,20251121
7561,2839,1,38,69200.63,20240122
7562,2877,33,11,1945.36,20250419
7563,2829,25,80,3980.91,20260216
7564,1483,4,3,62658.29,20241206
7565,740,24,25,8792.32,20241001
7566,645,20,78,4368.26,20250713
7567,1640,4,70,19075.7,20250825
7568,1312,3,37,2618.08,20260214
7569,791,15,40,6137.96,20240121
7570,432,10,50,9175.79,20241207
7571,1844,11,21,4548.34,20240903
7572,2461,19,38,47077.43,20240123
7573,2812,13,26,142687.95,20240312
7574,1326,29,78,119242.39,20251231
7575,1948,15,52,97553.72,20240211
7576,2282,16,8,11942.99,20260212
7577,1428,34,26,9968.89,20250305
7578,2790,4,37,110712.87,20251024
7579,1866,25,63,5104.79,20250512
7580,2689,13,17,66965.25,20250816
7581,1569,30,11,1429.42,20250907
7582,1346,38,16,8722.69,20241117
7583,1253,2,21,247.53,20250911
7584,1138,14,72,3553.83,20251205
7585,1831,18,16,3195.82,20250825
7586,1995,26,70,3407.95,20250131
7587,2476,26,78,8815.46,20250602
7588,2123,37,11,62804.1,20250505
7589,981,3,80,14165.15,20251210
7590,1153,17,60,9538.67,20251204
7591,1855,31,39,23164.66,20240224
7592,1968,5,8,41887.18,20240603
7593,2660,33,61,63425.96,20250416
7594,1301,40,32,108674.86,20250412
7595,1564,16,58,36107.85,20240915
7596,127,36,53,924.87,20250726
7597,2824,37,3,19017.99,20250915
7598,2192,30,1,53913.06,20250116
7599,784,40,28,1855.32,20240418
7600,1613,29,79,101629.97,20241126
7601,2771,16,12,3488.9,20241107
7602,2125,27,53,3910.76,20240309
7603,1685,3,30,115526.77,20250624
7604,851,8,31,3851.46,20250205
7605,1680,5,79,112675.93,20240525
7606,2499,6,51,8716.89,20240128
7607,2323,2,41,4064.89,20241010
7608,1018,37,44,2031.32,20241002
7609,2674,11,7,2444.59,20240421
7610,2870,10,68,3295.53,20240319
7611,2080,11,2,52439.25,20240917
7612,668,23,32,12057.99,20250826
7613,2593,34,55,5498.84,20241022
7614,158,39,22,74439.6,20240210
7615,1295,15,39,44458.68,20260315
7616,1284,21,66,114001.81,20240505
7617,1894,27,12,83727.71,20240528
7618,2338,13,31,41028.12,20260115
7619,1786,40,40,1271.21,20241202
7620,1097,20,42,888.5,20250718
7621,344,12,74,71185.97,20250122
7622,1153,22,28,359.94,20250228
7623,2607,32,32,45097.61,20240305
7624,576,24,55,52883.04,20250112
7625,1153,5,17,3535.59,20250105
7626,2219,26,53,4085.34,20260216
7627,1067,4,10,107804.28,20250322
7628,2102,33,78,142648.08,20260210
7629,861,14,44,4473.8,20251126
7630,2579,28,17,127321.69,20241217
7631,2649,31,66,3374.92,20250308
7632,2076,32,59,67676.64,20240911
7633,1054,30,35,12855.39,20240907
7634,1300,34,69,31467.29,20260122
7635,1417,21,35,3382.4,20240223
7636,538,36,79,14392.13,20240320
7637,1765,37,80,10266.21,20251022
7638,896,10,43,15540.35,20250410
7639,487,18,49,3974.3,20240825
7640,2441,18,17,22092.53,20260221
7641,1042,4,75,6231.74,20241124
7642,864,2,46,63472.02,20260118
7643,2034,3,44,14381.73,20250727
7644,983,14,24,48637.18,20240208
7645,583,5,43,40677.61,20250201
7646,2896,25,19,3867.96,20250111
7647,1522,23,57,5221.47,20250524
7648,2435,8,75,3488.07,20240822
7649,2369,6,70,3905.29,20240131
7650,1823,34,24,8118.48,20260219
7651,2781,22,62,18834.68,20240116
7652,993,34,26,59453.16,20250605
7653,2298,28,47,82172.11,20240313
7654,2141,14,3,17215.54,20251127
7655,1719,15,41,117979.02,20241215
7656,857,29,13,9964.62,20240104
7657,1832,29,43,4055.44,20250603
7658,131,3,63,12125.37,20250719
7659,520,19,52,13404.97,20251109
7660,1178,20,3,18268.61,20250418
7661,1030,32,25,127364.74,20250629
7662,1221,17,35,41807.09,20240601
7663,2603,23,62,82165.98,20240829
7664,2557,1,16,73169.43,20251030
7665,803,32,24,18565.57,20260214
7666,295,40,33,108546.9,20251026
7667,2616,26,54,4476.71,20240325
7668,120,37,29,5854.44,20240308
7669,1722,2,70,4067.54,20241215
7670,790,30,1,621.34,20251202
7671,2604,15,23,60238.29,20240322
7672,192,32,64,29789.74,20250805
7673,1570,18,27,1972.52,20260126
7674,1216,34,31,66430.95,20240125
7675,870,35,39,8257.52,20240523
7676,1151,3,49,12714.87,20240915
7677,1762,16,63,12070.19,20240303
7678,674,38,16,88687.25,20250925
7679,1881,39,78,677.6,20240302
7680,1929,35,6,8052.96,20240920
7681,250,26,35,13278.4,20250412
7682,1756,35,48,102903.31,20251125
7683,2428,3,29,118324.95,20250405
7684,2983,38,36,2052.48,20250417
7685,85,40,80,14043.32,20240326
7686,1979,35,52,16848.42,20240810
7687,177,19,41,20305.97,20260228
7688,102,8,70,45167.55,20240805
7689,133,9,20,6953.04,20250419
7690,1432,29,45,143884.95,20250424
7691,2524,19,12,65932.93,20260305
7692,1399,12,61,4610.97,20240522
7693,829,13,45,16493.8,20251011
7694,718,15,32,3293.96,20250501
7695,1058,1,69,8617.16,20240224
7696,324,16,48,10988.74,20251212
7697,2876,4,51,1289.77,20241107
7698,1903,9,12,82088.79,20260308
7699,2877,7,1,3104.0,20240419
7700,2702,27,55,89004.19,20240407
7701,350,27,62,4573.01,20240511
7702,470,22,58,67109.24,20250407
7703,1682,28,36,112383.4,20250630
7704,414,24,31,19845.92,20241110
7705,1752,22,25,17559.9,20241114
7706,1405,26,59,57936.62,20240709
7707,2388,32,62,140299.87,20250705
7708,1532,28,50,3434.52,20250809
7709,2737,31,4,27721.88,20240613
7710,70,23,8,5668.25,20260111
7711,1439,7,80,123482.83,20240319
7712,2734,15,19,142977.56,20260115
7713,1998,10,44,383.98,20241110
7714,375,39,45,8662.0,20251219
7715,2069,6,51,1227.51,20260307
7716,2375,2,56,4627.94,20251130
7717,2085,37,53,46065.63,20260221
7718,791,38,74,26964.04,20260321
7719,2617,17,26,384.13,20240326
7720,1669,40,56,98065.3,20240728
7721,2043,16,37,1694.12,20250618
7722,1068,2,55,3029.63,20251219
7723,2199,19,31,70393.26,20240406
7724,2048,39,26,9641.28,20241019
7725,2988,31,4,2015.11,20240829
7726,706,22,14,113500.3,20251015
7727,2907,36,40,13604.34,20250727
7728,633,29,62,5663.86,20260319
7729,1383,9,72,49021.84,20240710
7730,914,10,33,71135.38,20250216
7731,1034,11,60,12646.09,20260130
7732,529,40,52,7150.98,20240705
7733,471,12,9,16066.4,20260219
7734,428,14,19,1916.46,20250417
7735,2632,21,1,27280.4,20240923
7736,1065,34,6,5962.26,20250326
7737,2191,20,15,6823.82,20241115
7738,488,18,56,2773.56,20240912
7739,963,19,78,59952.81,20260302
7740,523,24,17,8569.22,20251014
7741,2217,25,2,12565.53,20260214
7742,1267,22,55,70996.85,20240911
7743,1074,23,75,6572.36,20240419
7744,1200,30,29,1135.76,20240412
7745,326,37,65,103314.31,20251127
7746,2130,26,72,4709.21,20241116
7747,1879,9,57,81229.87,20240517
7748,1578,22,25,10762.31,20241125
7749,394,19,35,20584.32,20250827
7750,58,1,25,8978.91,20240915
7751,2204,11,22,12106.65,20260213
7752,1071,39,80,102577.74,20250216
7753,1211,33,73,5561.1,20260205
7754,1319,34,54,2376.46,20240914
7755,2150,35,22,67056.58,20240512
7756,1312,27,6,2795.67,20250129
7757,2375,8,68,66976.4,20250108
7758,2864,38,1,43359.32,20240108
7759,2204,39,51,13988.39,20250412
7760,657,10,7,14855.19,20251006
7761,252,35,9,5756.07,20240313
7762,682,2,76,11636.51,20240623
7763,1604,3,47,69200.02,20251025
7764,278,36,8,9222.24,20251214
7765,2782,30,18,20339.09,20260308
7766,2435,10,72,106209.93,20251212
7767,974,11,50,4724.87,20250704
7768,2609,32,35,46958.43,20260228
7769,363,9,19,62094.62,20250915
7770,1488,33,45,4706.72,20250103
7771,2112,17,52,129880.27,20240601
7772,400,6,77,104193.12,20250915
7773,2000,2,20,5902.03,20250722
7774,2948,4,79,8482.93,20241005
7775,2320,11,6,9836.32,20250424
7776,2081,7,36,39815.11,20260310
7777,332,36,79,12911.33,20250708
7778,2103,18,67,2418.71,20240614
7779,1108,3,6,45202.56,20250510
7780,754,34,51,132937.5,20250306
7781,2021,2,8,14832.87,20240123
7782,1457,2,11,52830.1,20240124
7783,862,21,58,137447.52,20241019
7784,2527,24,45,82587.91,20251104
7785,2049,25,71,4378.89,20250307
7786,2986,26,14,51497.34,20250906
7787,456,27,28,10723.86,20250729
7788,2883,28,80,13000.65,20241006
7789,153,29,45,11986.11,20251125
7790,1611,29,18,2903.55,20240210
7791,1741,31,47,57080.84,20260310
7792,1177,32,37,3476.57,20240612
7793,2811,22,57,70224.05,20240225
7794,122,7,8,3379.88,20250909
7795,1024,35,59,86217.9,20250303
7796,330,17,18,52066.54,20251122
7797,798,37,73,81676.88,20240609
7798,1021,38,56,4390.6,20250412
7799,767,31,49,63097.48,20260207
7800,2981,9,43,19172.22,20250103
7801,1574,24,4,6790.7,20241127
7802,2052,11,52,15363.0,20240930
7803,1938,3,6,70609.43,20250606
7804,1444,4,34,1752.51,20241217
7805,1171,33,45,12879.14,20240901
7806,2567,19,37,2966.33,20251012
7807,2824,24,5,20786.89,20240501
7808,869,31,6,10329.02,20250129
7809,2658,9,9,12265.48,20241208
7810,2656,10,69,2536.74,20250207
7811,2683,21,73,131215.67,20250107
7812,2149,13,32,20460.31,20250811
7813,2736,30,12,6131.81,20250922
7814,2924,29,59,43985.17,20240420
7815,1553,15,34,14171.68,20240717
7816,2430,39,20,3156.23,20240103
7817,915,37,35,32917.01,20240921
7818,842,20,62,1339.18,20250910
7819,2185,33,54,10761.39,20250613
7820,372,34,62,34322.18,20260125
7821,1296,4,70,69802.91,20260114
7822,2533,21,21,3646.73,20260319
7823,2312,2,42,72889.09,20250402
7824,1720,24,41,54743.88,20240517
7825,2574,35,39,5188.68,20240523
7826,1810,21,48,9696.4,20250704
7827,2624,27,67,133225.85,20240406
7828,2124,28,27,22036.15,20250522
7829,2826,29,75,15735.19,20251212
7830,967,17,42,13183.49,20260124
7831,723,34,8,14477.66,20240725
7832,2048,32,14,26673.14,20241122
7833,1906,33,27,14913.44,20251217
7834,1160,33,53,2437.58,20260313
7835,225,35,13,15034.83,20251218
7836,532,5,6,53336.6,20240204
7837,1985,19,36,1040.3,20251008
7838,1701,38,49,46991.6,20251127
7839,1631,39,52,51932.99,20250110
7840,2720,3,22,49431.38,20250714
7841,2954,6,35,3110.47,20250103
7842,1945,2,26,4740.83,20240407
7843,179,3,40,13921.84,20250109
7844,211,10,32,1881.95,20250201
7845,630,17,5,5022.27,20250426
7846,972,6,52,111384.47,20250103
7847,2511,7,35,77089.88,20240819
7848,554,11,26,3314.51,20250910
7849,147,27,72,7128.94,20250518
7850,1466,33,48,1172.78,20250109
7851,631,14,79,11318.89,20250622
7852,2171,38,72,121128.38,20241031
7853,2936,14,26,6211.67,20241219
7854,516,25,1,564.31,20250930
7855,1246,15,48,107593.51,20240111
7856,64,26,45,2436.26,20241118
7857,2507,3,51,62382.98,20260222
7858,2420,9,21,64653.98,20250210
7859,173,19,3,17693.01,20240705
7860,263,3,55,6590.15,20251207
7861,1009,16,44,81013.19,20240413
7862,373,10,7,2031.41,20251118
7863,548,14,21,11177.95,20240421
7864,495,24,17,35836.82,20260217
7865,559,25,77,14018.5,20241101
7866,92,26,17,3830.78,20240902
7867,782,27,68,1211.06,20240408
7868,2753,28,31,42268.94,20251106
7869,2001,15,43,1859.21,20250823
7870,1322,8,63,3818.77,20250910
7871,2853,27,63,4083.97,20241014
7872,2202,39,59,5002.27,20260225
7873,883,18,1,95402.8,20250106
7874,1905,34,7,19191.44,20251019
7875,1544,35,63,51977.9,20240831
7876,1370,11,54,73242.28,20260108
7877,811,38,19,41741.23,20260310
7878,2739,31,58,5497.52,20250904
7879,747,13,65,45412.72,20260113
7880,681,11,24,1748.54,20250318
7881,807,6,26,75960.75,20240816
7882,724,14,44,14143.35,20241129
7883,593,2,75,149270.88,20250129
7884,2946,18,39,13871.19,20240213
7885,658,5,20,17882.75,20241212
7886,1814,34,73,125426.41,20250201
7887,2857,3,36,2918.88,20240820
7888,2514,13,59,18223.11,20251211
7889,1401,15,27,14439.5,20240720
7890,2386,40,11,9212.21,20251021
7891,133,18,44,22812.12,20240905
7892,1416,12,24,41166.37,20250807
7893,529,13,25,16268.12,20250503
7894,2292,5,72,1675.61,20240105
7895,2061,26,59,12258.59,20241106
7896,1434,16,80,7529.3,20251007
7897,1503,25,47,5743.11,20240912
7898,1561,9,59,67163.85,20260228
7899,534,24,34,89807.3,20241206
7900,2736,20,48,16021.64,20260202
7901,2677,5,19,14907.85,20240701
7902,1724,33,4,13364.42,20250401
7903,1283,20,62,127562.53,20240220
7904,1093,24,37,30554.27,20250310
7905,639,25,41,91407.75,20260102
7906,922,26,53,102191.16,20260120
7907,1223,14,62,27119.89,20240813
7908,1092,28,16,30892.25,20251229
7909,2769,27,69,73434.9,20241209
7910,2536,24,31,3287.67,20240131
7911,670,11,52,61058.01,20240709
7912,1795,4,56,70789.06,20241015
7913,1562,33,21,104568.34,20251115
7914,152,2,59,6790.08,20240826
7915,2998,35,5,2046.96,20240210
7916,2146,24,51,3136.54,20241023
7917,430,37,66,103222.06,20240511
7918,2675,38,36,1606.21,20250823
7919,2695,4,57,95942.44,20240225
7920,293,19,73,57397.4,20251205
7921,2329,2,54,79939.43,20241017
7922,351,2,8,1792.38,20240928
7923,2806,5,4,25213.12,20241008
7924,889,4,67,7724.13,20240110
7925,160,1,56,7379.93,20241120
7926,2653,6,15,145666.59,20250101
7927,295,2,73,87910.25,20241219
7928,539,31,7,2848.59,20260106
7929,944,8,14,1768.28,20260308
7930,2906,31,13,2710.31,20240322
7931,2525,11,15,47014.79,20250113
7932,1728,1,33,47753.51,20251024
7933,1425,13,5,3614.85,20241121
7934,766,14,57,3800.96,20240317
7935,2236,20,42,6777.2,20240202
7936,2248,3,79,27548.08,20240121
7937,1301,15,31,13647.94,20240511
7938,62,38,79,1260.04,20251119
7939,2420,18,8,50881.76,20240317
7940,2798,11,80,12358.72,20250917
7941,2406,21,24,142394.08,20240423
7942,315,38,33,10655.35,20241109
7943,1085,20,43,39502.99,20241230
7944,1068,31,32,18689.25,20250312
7945,2562,26,56,4690.54,20250319
7946,154,11,73,66295.87,20240326
7947,608,13,3,3524.31,20250424
7948,2530,25,59,10107.83,20250524
7949,2021,29,18,85987.84,20240112
7950,2498,23,11,144882.96,20250530
7951,398,30,74,1035.88,20260219
7952,2752,32,56,9107.18,20240703
7953,1587,2,11,2174.55,20251228
7954,2416,21,15,127414.56,20240603
7955,238,36,54,1968.64,20250214
7956,359,2,71,8753.76,20240423
7957,2560,37,73,1195.82,20240902
7958,1956,31,28,54371.68,20251118
7959,1710,39,27,902.45,20250625
7960,2655,3,51,126109.22,20250901
7961,2021,22,46,111287.2,20251020
7962,2657,2,7,8365.76,20240128
7963,177,40,24,26934.08,20240811
7964,2419,3,45,334.98,20251227
7965,1277,38,74,4466.59,20241029
7966,1071,6,9,11847.71,20240509
7967,2864,7,75,26262.39,20240114
7968,1635,8,16,145927.59,20250326
7969,2504,14,53,2533.82,20241113
7970,59,10,12,8306.28,20250916
7971,2849,11,16,77518.19,20250731
7972,1522,12,6,2233.72,20241206
7973,1389,13,14,23404.74,20250520
7974,2641,9,23,12459.35,20241228
7975,2206,15,72,61891.47,20260103
7976,2389,16,55,24651.2,20240721
7977,1811,26,61,5075.92,20250315
7978,1332,21,32,4281.78,20260301
7979,1166,19,18,105980.99,20250520
7980,700,20,70,1014.55,20240417
7981,106,21,70,91743.8,20260102
7982,13,22,19,69218.52,20240428
7983,1054,26,2,60830.59,20240902
7984,2363,32,67,109096.79,20240126
7985,467,26,11,4052.53,20241228
7986,1068,39,7,22401.92,20250209
7987,1184,26,10,27582.82,20250827
7988,513,30,57,19192.9,20240524
7989,1395,29,5,2214.48,20240120
7990,738,20,53,59312.76,20240120
7991,583,34,76,14560.1,20250821
7992,1642,40,74,46584.13,20250603
7993,2397,18,46,130475.39,20251115
7994,2181,34,30,70761.8,20240305
7995,1682,35,39,1540.78,20250327
7996,2934,29,30,24126.25,20260119
7997,152,4,66,11795.92,20251023
7998,1917,29,51,7136.99,20240816
7999,893,12,74,33609.41,20260102
8000,2432,40,63,1182.4,20241019
8001,644,19,52,4690.48,20241216
8002,654,2,55,28800.85,20260319
8003,2143,27,6,6645.39,20240105
8004,1300,40,58,6479.88,20250313
8005,1272,5,48,10487.43,20251223
8006,2362,6,43,7530.4,20240513
8007,2573,19,44,111318.01,20240212
8008,2255,34,26,10651.86,20250811
8009,2469,34,16,69011.4,20250203
8010,1603,9,78,58247.75,20250627
8011,751,15,10,123175.25,20240818
8012,91,30,77,13424.53,20240725
8013,1194,32,67,12550.39,20260326
8014,1471,14,29,18904.35,20240318
8015,1306,15,78,4656.53,20241010
8016,1031,6,66,3404.87,20251023
8017,2295,20,63,45909.22,20250523
8018,97,20,29,15852.92,20241224
8019,820,4,8,16961.12,20240216
8020,1829,22,1,86087.07,20250402
8021,1306,25,8,93498.86,20240713
8022,856,22,50,2023.06,20250408
8023,1933,23,46,25184.26,20240916
8024,918,24,41,67323.13,20260122
8025,2627,25,21,8606.99,20240306
8026,1236,5,57,104835.77,20250302
8027,2791,32,61,3658.28,20250405
8028,280,28,51,9512.99,20250131
8029,1045,39,49,2120.36,20251116
8030,247,30,76,6923.82,20260113
8031,2093,22,77,6884.37,20251123
8032,2132,32,72,16665.2,20250401
8033,1346,33,18,2440.14,20250126
8034,498,34,15,1558.54,20250427
8035,27,35,21,38877.79,20251105
8036,2642,22,24,16459.77,20260327
8037,1542,25,23,48957.72,20251114
8038,1397,17,2,68078.52,20240914
8039,2597,37,32,3917.5,20250821
8040,1467,26,39,78362.33,20250927
8041,2370,1,5,18590.22,20240220
8042,2028,23,65,4598.55,20240923
8043,2900,1,9,50775.05,20260224
8044,1578,39,22,59641.64,20250424
8045,2095,10,67,28116.78,20240902
8046,2825,18,35,28161.09,20241227
8047,2540,30,31,220.8,20250819
8048,724,4,20,28844.0,20241003
8049,1064,35,1,136609.87,20260226
8050,2152,40,72,57415.98,20250611
8051,1849,17,23,26079.03,20251230
8052,1907,12,45,3317.81,20250325
8053,1968,35,11,91483.19,20240717
8054,1654,14,63,13449.43,20240505
8055,352,15,68,69151.16,20250430
8056,83,14,10,3764.84,20241025
8057,1630,8,55,109809.07,20240430
8058,2708,35,67,28303.61,20251121
8059,1965,26,23,103596.4,20250317
8060,1279,12,17,42665.63,20240703
8061,2262,3,59,84224.58,20251029
8062,377,34,74,8152.25,20250329
8063,1368,24,23,9474.95,20240524
8064,2448,2,80,76745.34,20240603
8065,913,16,33,26923.56,20240312
8066,1960,7,9,4771.4,20241019
8067,761,5,72,17578.24,20250614
8068,346,39,1,4150.6,20241207
8069,1869,28,78,126968.71,20250321
8070,859,30,51,67003.08,20240429
8071,805,31,38,28453.55,20250720
8072,914,16,32,31158.52,20240109
8073,136,33,44,66151.28,20240331
8074,1342,39,9,57358.09,20250406
8075,2480,37,58,9110.53,20251115
8076,2880,1,47,307.16,20240407
8077,516,13,24,10890.75,20260112
8078,887,24,50,8969.88,20240929
8079,2524,15,56,63920.19,20250427
8080,2592,20,40,7070.13,20250305
8081,480,1,52,72331.77,20250603
8082,1690,13,73,61369.34,20260313
8083,2907,18,18,3205.42,20250121
8084,2498,5,12,6243.28,20250922
8085,1831,5,28,127836.02,20240929
8086,2719,11,8,1701.88,20250908
8087,2059,8,13,95273.44,20240731
8088,2096,8,76,4662.15,20240808
8089,2441,3,14,85686.35,20250824
8090,2730,24,80,4454.98,20260310
8091,1745,11,72,18834.54,20250516
8092,2101,12,31,11123.52,20250201
8093,26,21,35,37932.65,20240201
8094,2871,8,36,10655.8,20240322
8095,4,32,34,139294.99,20250302
8096,442,16,45,18932.38,20260123
8097,2587,40,17,69343.68,20250926
8098,1942,7,77,30660.24,20251130
8099,2695,19,9,12794.31,20250928
8100,2008,21,73,1958.45,20240308
8101,2351,14,51,188.54,20250112
8102,306,34,2,13614.59,20240128
8103,2711,23,54,15248.29,20241214
8104,862,24,26,9736.95,20241025
8105,851,25,1,107488.28,20250519
8106,1523,26,26,8574.04,20240429
8107,1409,12,40,6023.37,20240702
8108,2650,35,3,46009.22,20250729
8109,177,29,36,79575.25,20250522
8110,1322,7,52,71260.39,20241204
8111,2939,31,43,115188.54,20240615
8112,1185,32,73,118373.48,20251119
8113,403,16,66,68048.67,20250803
8114,1640,2,80,1935.08,20250209
8115,1361,25,68,860.35,20250603
8116,2483,36,76,32078.16,20240712
8117,2109,34,76,4892.46,20260322
8118,2212,21,62,6867.96,20260317
8119,2929,35,6,12070.75,20250915
8120,1853,6,20,40869.35,20240807
8121,2274,20,67,6155.1,20250719
8122,1872,2,59,4502.42,20240304
8123,1050,38,45,10823.15,20240712
8124,1309,4,10,4628.58,20240115
8125,2907,32,5,12573.28,20251228
8126,2109,20,14,5427.28,20241009
8127,1028,7,2,3441.89,20251112
8128,678,16,74,6046.24,20241129
8129,1767,9,35,3045.51,20250104
8130,2935,37,70,18766.97,20251110
8131,2508,11,17,27961.93,20240229
8132,1048,12,56,1733.3,20250825
8133,2110,11,33,642.35,20241111
8134,1405,9,53,72270.48,20260206
8135,1692,37,39,14878.6,20250201
8136,2610,16,10,2216.82,20251220
8137,899,2,16,17352.27,20240731
8138,1382,25,60,9367.75,20250125
8139,2978,13,50,1015.12,20250715
8140,987,26,22,5304.03,20241027
8141,1994,21,78,65146.52,20240124
8142,2099,37,2,5392.95,20240723
8143,31,18,21,11221.68,20250111
8144,2226,24,20,13001.01,20250322
8145,734,25,65,14336.75,20250518
8146,501,24,75,3590.35,20241020
8147,1887,37,66,73726.88,20241224
8148,374,38,46,32984.45,20241210
8149,1049,29,41,920.58,20250310
8150,813,30,40,774.87,20250510
8151,1965,11,73,5657.53,20250621
8152,93,40,10,392.63,20240614
8153,1288,16,34,148568.04,20250128
8154,1375,34,15,1138.65,20251002
8155,1556,35,48,622.78,20250106
8156,568,36,9,396.73,20240302
8157,464,37,37,176.75,20240428
8158,758,38,32,6396.17,20241110
8159,2777,2,48,103485.19,20250529
8160,566,31,61,10293.07,20250923
8161,1751,1,40,14193.97,20240509
8162,2665,38,67,80629.32,20250929
8163,1651,28,40,110458.07,20241225
8164,64,28,38,9772.88,20241222
8165,688,26,25,100933.28,20250407
8166,108,29,15,93415.8,20250602
8167,2045,23,24,12511.14,20241016
8168,590,31,2,322.85,20240308
8169,1513,15,31,2993.45,20251217
8170,352,15,28,1130.12,20250719
8171,1767,40,61,2090.78,20240317
8172,2385,32,15,55865.64,20250227
8173,2940,5,15,3057.78,20250623
8174,1859,14,75,1913.36,20250712
8175,482,24,67,13789.06,20250521
8176,1235,16,52,21360.19,20250215
8177,1389,35,37,59292.67,20241105
8178,1827,18,36,11370.74,20240730
8179,1419,34,3,104103.66,20250523
8180,2569,20,64,13099.64,20250415
8181,1144,21,20,5534.3,20241110
8182,2085,11,36,12554.2,20260303
8183,2489,26,50,75289.08,20250328
8184,1268,26,59,19159.24,20241020
8185,312,34,22,685.69,20250620
8186,903,26,58,11035.86,20251022
8187,1795,19,48,57469.13,20250303
8188,2833,7,67,2367.78,20240828
8189,2030,19,16,2538.81,20250301
8190,2572,23,44,122848.21,20241010
8191,123,39,8,97632.4,20251014
8192,227,24,44,4477.84,20251019
8193,292,7,34,23484.09,20240121
8194,1440,7,24,3451.37,20240625
8195,1565,9,34,101426.4,20241231
8196,2645,11,42,6134.2,20241216
8197,2600,28,42,10212.32,20241022
8198,1262,18,28,18500.48,20250217
8199,554,2,24,60014.55,20250601
8200,15,37,52,351.31,20240315
8201,1395,1,8,55455.52,20250120
8202,1890,40,53,14621.51,20250609
8203,698,4,74,143577.53,20250325
8204,2347,40,25,4957.45,20240430
8205,5,23,6,9440.67,20260120
8206,2574,6,43,136166.19,20250201
8207,2743,14,51,2647.2,20241006
8208,296,8,4,95448.57,20240927
8209,699,9,73,95576.64,20251124
8210,140,10,53,7883.45,20260203
8211,396,8,60,5276.59,20240709
8212,1937,12,74,15828.46,20250120
8213,1763,6,35,1035.52,20250619
8214,736,14,6,55162.79,20240701
8215,2806,15,59,4037.84,20260319
8216,2300,40,77,41888.4,20240526
8217,789,32,38,13775.49,20250803
8218,136,18,51,45555.28,20250211
8219,1845,33,67,3371.63,20250626
8220,847,20,45,2653.18,20240306
8221,617,34,29,56527.98,20250817
8222,606,22,64,4626.76,20240617
8223,2148,26,31,1619.3,20241020
8224,2791,36,33,24795.96,20250717
8225,2921,25,14,1175.55,20240422
8226,1331,9,60,114115.08,20250110
8227,2409,4,17,5328.82,20251105
8228,2746,25,79,4450.91,20241031
8229,1557,29,20,38112.53,20251116
8230,2657,24,34,131449.17,20251108
8231,183,17,26,2155.61,20260205
8232,684,27,59,7508.86,20240203
8233,1317,11,31,40287.74,20240729
8234,1124,18,42,126277.82,20260210
8235,1464,6,75,21249.23,20250704
8236,1312,16,23,1111.74,20250218
8237,2479,37,15,55496.58,20250511
8238,1380,38,45,66067.03,20250604
8239,1861,39,75,112485.06,20251128
8240,572,9,78,35406.59,20241025
8241,2238,1,71,18519.03,20240909
8242,1599,2,52,62945.37,20250504
8243,655,24,67,3430.22,20240614
8244,1786,32,75,19548.78,20240829
8245,1158,5,26,21221.62,20251109
8246,1608,8,46,40392.82,20240811
8247,1699,25,67,43725.94,20250202
8248,1972,27,43,8589.32,20240123
8249,764,32,47,349.17,20240220
8250,1676,2,36,74293.65,20251209
8251,637,16,29,4381.25,20250925
8252,582,14,61,124224.05,20240928
8253,2044,15,75,7294.04,20240629
8254,1670,33,80,52314.46,20251202
8255,1066,15,54,105010.14,20241201
8256,2986,26,74,3092.65,20260116
8257,1268,17,61,3999.73,20260209
8258,351,40,45,64865.41,20250611
8259,2733,5,65,85304.44,20251007
8260,127,36,8,9253.35,20250602
8261,947,12,57,22523.69,20240731
8262,1238,9,24,19907.91,20260307
8263,558,15,18,1861.03,20240922
8264,418,23,31,979.3,20240531
8265,395,38,25,6741.68,20260306
8266,1039,6,51,47502.37,20250329
8267,281,35,52,12407.38,20260310
8268,2429,7,29,63118.58,20241030
8269,2956,29,44,48579.62,20250312
8270,2628,26,40,62081.94,20240601
8271,383,14,18,421.92,20251127
8272,2349,32,12,54963.46,20240716
8273,1351,4,53,1389.14,20250213
8274,2722,22,9,76242.04,20251212
8275,1723,24,46,7413.77,20260125
8276,2378,36,77,100426.12,20260209
8277,2398,4,24,14974.63,20250226
8278,1255,37,45,1066.83,20241008
8279,1845,18,26,17027.15,20240828
8280,2487,40,54,146598.57,20241030
8281,2038,18,35,8881.59,20240502
8282,762,9,14,4031.57,20240411
8283,2103,3,74,16907.34,20240715
8284,1818,4,59,13834.64,20240920
8285,724,24,70,13011.38,20251108
8286,61,14,31,3670.83,20241130
8287,1223,21,12,40546.64,20240125
8288,2998,8,38,61317.53,20250312
8289,319,5,49,420.65,20250326
8290,1427,10,11,4655.85,20240719
8291,996,33,22,17496.83,20240804
8292,1681,10,19,37020.52,20250511
8293,545,38,33,48369.12,20250706
8294,171,14,66,11814.94,20251205
8295,2762,37,13,30992.88,20240501
8296,350,12,48,106295.34,20250610
8297,438,21,32,9356.91,20240719
8298,889,28,15,7104.88,20240724
8299,1192,6,56,2129.94,20251209
8300,1306,20,29,8872.26,20240112
8301,2737,16,49,108653.83,20250510
8302,2871,22,1,483.32,20250525
8303,981,12,14,12306.76,20250118
8304,2437,1,50,122626.54,20260223
8305,2434,10,7,120049.73,20240523
8306,696,5,79,11599.67,20250316
8307,2261,29,41,13074.81,20250330
8308,2013,1,15,33884.5,20240921
8309,1490,8,58,126686.67,20251015
8310,1067,7,56,5566.86,20240102
8311,2218,18,7,1545.3,20240827
8312,515,31,44,3054.73,20250422
8313,2413,38,38,5839.72,20250304
8314,2704,40,46,24349.9,20241230
8315,2996,35,66,45560.76,20251124
8316,2078,12,25,10048.56,20240613
8317,2531,28,63,4708.69,20240601
8318,831,35,47,4026.61,20241112
8319,1898,30,53,95263.43,20250913
8320,1605,37,19,2610.01,20250608
8321,2858,15,63,7015.04,20251024
8322,724,7,10,4324.89,20250218
8323,1520,22,77,125610.76,20250323
8324,2481,4,48,5859.35,20240718
8325,2136,33,17,6949.88,20250804
8326,965,4,78,54277.0,20250226
8327,617,21,36,115031.93,20251221
8328,2871,40,39,2288.7,20240728
8329,2887,9,21,517.24,20250802
8330,2959,3,75,31716.73,20241113
8331,603,10,71,80139.53,20250202
8332,1267,12,48,2523.66,20240203
8333,1987,30,3,60844.68,20251209
8334,1766,15,7,32613.53,20250417
8335,1809,39,63,122615.99,20251105
8336,2,26,46,10153.27,20251022
8337,95,15,36,12618.45,20241016
8338,172,18,9,2499.63,20260113
8339,2309,19,7,1698.21,20240605
8340,361,14,80,3298.98,20241121
8341,2820,5,12,1061.22,20250822
8342,1826,22,74,38090.39,20251121
8343,1319,23,62,10916.11,20250114
8344,115,24,64,3629.05,20250924
8345,1200,35,37,9861.74,20260227
8346,950,26,32,2909.64,20250126
8347,2992,22,9,45802.75,20241110
8348,2921,28,26,139459.04,20240731
8349,366,29,16,8828.15,20241028
8350,2711,17,34,15995.64,20250219
8351,2617,16,38,1299.9,20250109
8352,1983,13,27,4829.43,20251130
8353,958,3,59,11056.11,20251029
8354,410,35,21,2780.54,20240604
8355,70,13,73,65063.04,20251117
8356,2164,30,67,77118.71,20240309
8357,112,4,20,3408.29,20251108
8358,988,37,62,4600.18,20250724
8359,2745,29,78,92672.24,20240523
8360,1733,5,9,29532.75,20250101
8361,1429,1,58,105213.01,20240712
8362,2425,26,21,44252.78,20240911
8363,643,3,34,65543.91,20251110
8364,289,23,80,38705.83,20240818
8365,2488,5,4,24601.01,20240111
8366,1964,6,49,51657.47,20250108
8367,965,6,4,51398.85,20241214
8368,928,8,67,12902.13,20250507
8369,887,19,70,38348.33,20241123
8370,1229,26,67,13027.43,20251209
8371,965,24,71,94727.85,20240624
8372,748,12,1,14628.8,20260126
8373,2837,24,40,4911.78,20251217
8374,1270,10,1,63034.39,20250717
8375,430,36,60,55233.28,20250110
8376,552,16,58,116847.66,20251125
8377,224,17,33,62666.68,20250918
8378,988,2,27,141966.79,20250626
8379,434,15,63,5467.77,20241007
8380,225,39,59,2590.18,20240310
8381,1339,8,20,49657.95,20250403
8382,2637,22,78,4684.8,20240227
8383,867,23,3,15517.43,20251101
8384,1913,28,69,16877.06,20240415
8385,673,27,21,99450.45,20240430
8386,1241,23,72,17138.97,20240807
8387,1630,26,21,52923.97,20250111
8388,2450,21,77,48504.02,20240624
8389,2322,20,10,70432.36,20260121
8390,1799,13,58,42384.33,20240801
8391,1429,19,66,73033.15,20240628
8392,2039,38,46,11096.25,20241115
8393,2962,33,16,81561.03,20250512
8394,215,39,75,35512.52,20250109
8395,273,35,75,18505.93,20241211
8396,1358,30,1,38248.82,20240520
8397,1075,40,64,70443.67,20250310
8398,2235,38,39,66424.3,20260116
8399,2837,25,29,72940.16,20240107
8400,2067,19,14,10857.72,20240706
8401,1353,1,21,3273.28,20250420
8402,740,8,24,9951.57,20240610
8403,2380,19,34,2849.28,20240627
8404,2018,21,13,14706.9,20240517
8405,2418,6,41,8160.93,20240926
8406,1347,6,72,3065.3,20250903
8407,1283,7,30,51251.93,20250713
8408,1202,39,79,8003.12,20251107
8409,913,39,44,37494.29,20241221
8410,1940,21,11,3102.67,20260102
8411,2839,11,71,4958.0,20250808
8412,2356,5,16,42240.47,20241105
8413,1734,13,55,26534.81,20250913
8414,2941,14,7,8903.44,20250916
8415,2755,21,78,80664.65,20241015
8416,2534,18,8,9891.56,20240414
8417,2528,34,27,12856.55,20250105
8418,1465,18,22,138440.33,20241024
8419,668,19,66,6235.89,20241102
8420,766,27,42,12391.02,20250610
8421,2242,21,43,68862.59,20250421
8422,490,8,78,85024.94,20241114
8423,1515,30,1,9032.72,20250413
8424,1553,2,52,127691.87,20250816
8425,2405,25,28,73114.11,20250309
8426,2220,26,72,4099.74,20240624
8427,1283,24,76,69384.05,20250907
8428,1985,4,53,2736.67,20240612
8429,559,8,48,12577.94,20240514
8430,1032,28,3,8886.95,20251118
8431,1740,31,2,13077.56,20250524
8432,316,2,80,58373.07,20241228
8433,2902,38,15,67507.16,20250823
8434,842,39,34,14320.74,20250425
8435,2706,14,62,47185.19,20251012
8436,2847,38,11,11558.23,20250608
8437,1940,34,64,3688.69,20260123
8438,363,6,16,14446.78,20250612
8439,2499,11,27,1244.88,20250429
8440,682,40,57,12032.16,20240828
8441,403,1,65,80630.57,20260215
8442,983,2,66,11806.32,20250302
8443,2646,3,66,11632.48,20250923
8444,708,33,19,19398.64,20240625
8445,1155,16,41,70939.25,20241108
8446,2302,6,33,3058.25,20250611
8447,141,10,44,7388.52,20240424
8448,2881,12,66,96856.52,20240116
8449,400,8,70,3296.88,20241008
8450,392,10,64,4274.06,20260315
8451,919,4,44,25943.91,20240205
8452,2897,6,64,2912.47,20241206
8453,2133,13,53,1192.53,20241221
8454,193,14,43,3286.09,20240615
8455,1993,36,48,12457.38,20251206
8456,379,29,2,6656.63,20240324
8457,2106,17,14,6838.87,20240214
8458,2689,19,44,1412.36,20250413
8459,524,19,32,70553.57,20250811
8460,430,20,33,1613.58,20240412
8461,2376,38,17,69006.92,20251206
8462,1169,38,76,30740.55,20250623
8463,2956,39,57,66276.31,20251115
8464,601,4,37,7360.12,20250422
8465,515,29,47,4509.89,20241109
8466,2404,26,34,5003.18,20240920
8467,1234,27,54,5557.87,20241017
8468,280,21,21,2476.45,20250613
8469,2093,26,39,17021.03,20250607
8470,2295,2,33,5452.03,20240118
8471,2286,31,10,4907.89,20250502
8472,917,39,80,4701.75,20240410
8473,897,32,63,5763.26,20250623
8474,1808,24,33,4487.75,20240515
8475,673,1,27,3682.97,20240428
8476,402,36,61,13709.3,20241008
8477,599,37,39,984.1,20250411
8478,887,4,7,49939.93,20241219
8479,2441,39,72,5106.06,20240828
8480,860,40,48,72699.59,20250411
8481,2175,34,25,12272.79,20240101
8482,2237,12,54,67541.81,20251129
8483,2161,24,13,879.67,20240330
8484,2079,38,67,8794.82,20241220
8485,2465,12,72,44582.71,20240412
8486,2295,6,18,2534.89,20251228
8487,822,38,41,49996.86,20240713
8488,801,8,73,3633.04,20241112
8489,2441,1,35,112597.31,20260226
8490,2765,12,38,12601.1,20250801
8491,2567,3,4,5902.09,20240719
8492,1883,12,49,103877.67,20251128
8493,2654,13,67,21616.26,20241027
8494,1253,14,65,11708.62,20240623
8495,117,8,18,4211.15,20260124
8496,1499,35,76,73303.55,20240620
8497,205,17,15,18723.54,20240320
8498,734,11,36,148604.06,20251105
8499,723,29,50,10120.32,20250103
8500,1457,20,70,95777.91,20240319
8501,2317,33,74,31083.81,20260303
8502,1468,4,14,2581.45,20250219
8503,1131,23,3,336.75,20250116
8504,243,24,17,9602.02,20250203
8505,1391,24,12,576.79,20240520
8506,884,27,69,14760.82,20240120
8507,980,31,31,9693.79,20241115
8508,1848,6,70,25259.84,20260328
8509,2060,29,50,96429.55,20250109
8510,439,30,10,4318.84,20240629
8511,794,31,18,878.79,20250220
8512,571,34,5,12555.29,20240405
8513,355,33,49,144153.94,20260107
8514,1487,34,59,5033.26,20240126
8515,2771,10,74,8797.91,20240627
8516,1612,18,64,29450.63,20260331
8517,1772,20,48,4115.55,20240319
8518,846,15,46,18037.86,20240224
8519,1807,39,33,3219.79,20240727
8520,515,40,62,8770.71,20250128
8521,2638,1,36,2034.26,20241107
8522,681,19,22,19903.26,20241209
8523,1749,3,19,43842.58,20260311
8524,2181,4,35,1515.98,20250405
8525,2683,3,25,2463.2,20250924
8526,2550,15,9,12906.63,20250607
8527,1426,22,31,8849.87,20240505
8528,377,8,41,98387.67,20240708
8529,20,9,3,97601.12,20240918
8530,1906,4,68,47777.93,20251016
8531,2176,16,44,16835.96,20240128
8532,1443,15,55,14506.33,20250113
8533,2302,40,58,61689.25,20251010
8534,2914,9,45,93470.08,20260218
8535,2380,4,39,13907.66,20251009
8536,1956,33,33,69996.99,20240620
8537,2163,29,67,19601.25,20251119
8538,743,15,8,18194.33,20250507
8539,24,26,57,2497.89,20250626
8540,1072,7,78,13655.94,20250901
8541,1161,5,73,3428.7,20240611
8542,1378,22,57,97143.62,20250420
8543,2965,23,80,895.31,20240109
8544,1580,24,10,4355.46,20251018
8545,1854,25,27,68544.39,20241225
8546,1007,15,3,8117.0,20260105
8547,1121,7,80,26638.31,20250221
8548,2690,28,8,872.8,20250731
8549,2174,25,73,75557.94,20241201
8550,2962,38,35,853.1,20260117
8551,1869,31,25,9430.64,20240403
8552,1985,32,59,90300.09,20251224
8553,1880,36,60,10816.03,20250225
8554,1949,34,14,4018.46,20240827
8555,587,40,22,16138.23,20260324
8556,346,36,52,5333.39,20240218
8557,1928,37,1,138573.42,20250329
8558,259,9,48,109575.19,20240226
8559,2229,39,13,69566.04,20240314
8560,999,3,1,63671.04,20241212
8561,411,1,20,1873.04,20240122
8562,694,36,28,748.8,20240429
8563,147,3,10,25438.88,20240408
8564,1552,18,76,4552.46,20260121
8565,1898,34,62,125.44,20250126
8566,1154,6,11,7974.96,20240422
8567,2289,7,20,4972.75,20240702
8568,1054,38,43,649.16,20250125
8569,1773,7,9,9835.71,20240504
8570,639,17,39,1276.65,20260312
8571,148,18,21,70761.76,20241130
8572,582,17,68,68336.64,20251110
8573,1415,22,1,5638.69,20250422
8574,2666,27,28,27079.95,20240914
8575,931,15,60,4827.78,20240702
8576,2039,13,20,35210.43,20250329
8577,370,40,17,19394.01,20250214
8578,2147,28,60,28977.59,20260307
8579,729,32,71,37559.49,20240620
8580,2519,20,39,60380.76,20240718
8581,2859,25,54,76211.83,20240202
8582,1790,22,49,132705.24,20260214
8583,2905,28,40,76299.29,20260322
8584,171,24,64,97768.34,20251014
8585,2439,17,42,4921.52,20241031
8586,1248,23,60,12881.85,20260120
8587,1005,29,15,113205.64,20240430
8588,1908,38,28,4351.65,20240620
8589,881,29,23,44084.34,20250420
8590,1313,30,69,119776.36,20250312
8591,2434,19,55,2793.26,20241108
8592,2653,32,4,30707.14,20241008
8593,1230,33,54,3174.53,20240412
8594,1204,13,71,91059.91,20250730
8595,559,20,43,17915.08,20240808
8596,1709,11,17,1169.98,20250131
8597,1702,31,48,12174.07,20260121
8598,610,15,79,50359.39,20251011
8599,954,30,51,5054.31,20240725
8600,1497,31,2,64425.34,20240320
8601,472,23,68,18327.39,20240401
8602,868,2,32,12915.81,20240606
8603,301,3,70,55532.46,20250715
8604,1384,4,9,133789.57,20250218
8605,1838,24,3,3827.9,20250906
8606,2481,9,16,4446.22,20260130
8607,2473,6,8,415.34,20251102
8608,1208,8,5,10022.48,20240928
8609,567,25,43,2351.21,20240818
8610,1829,13,71,93561.8,20240529
8611,710,13,22,100271.35,20250622
8612,928,7,12,125280.81,20250303
8613,252,15,77,23486.3,20260203
8614,322,14,35,13104.27,20250502
8615,549,2,49,37390.55,20241025
8616,1153,33,26,114969.74,20240424
8617,1692,9,70,13209.13,20240305
8618,210,19,61,128303.98,20241114
8619,2392,19,44,51996.26,20260320
8620,1984,11,40,4002.67,20250826
8621,2310,38,70,12435.79,20250414
8622,1179,19,4,19035.17,20260327
8623,39,23,76,19014.02,20240122
8624,1939,21,36,71929.12,20240422
8625,2658,25,45,1122.84,20260126
8626,1558,9,56,111450.31,20250713
8627,881,27,44,42974.41,20260314
8628,35,28,17,4639.3,20260118
8629,2437,12,48,14895.55,20240719
8630,1997,14,14,110115.13,20250410
8631,1276,32,5,66285.46,20240610
8632,480,32,45,1182.33,20240407
8633,845,13,53,2503.61,20251114
8634,2589,34,44,17886.46,20250730
8635,1266,36,64,30484.5,20250816
8636,281,36,78,40669.78,20250413
8637,2741,38,11,65310.22,20251214
8638,1142,12,43,13795.75,20260313
8639,873,18,26,3601.46,20250510
8640,338,1,77,69172.44,20250316
8641,1724,31,72,38355.95,20250716
8642,1934,7,41,3144.38,20251212
8643,561,3,76,2045.38,20250326
8644,1449,4,50,131971.78,20260205
8645,2802,9,70,9623.41,20240416
8646,1622,37,36,115931.21,20260125
8647,2343,7,13,2102.1,20241019
8648,2611,21,40,11536.32,20250125
8649,513,9,6,3382.07,20260205
8650,41,27,32,113154.11,20251103
8651,502,11,19,22317.16,20250113
8652,1451,13,8,105692.74,20250313
8653,2541,29,11,115507.97,20240903
8654,1317,20,26,8156.36,20251128
8655,1198,29,63,1055.67,20251023
8656,2656,27,45,4609.37,20240504
8657,1645,17,23,10277.81,20240409
8658,993,13,6,1186.29,20260315
8659,1898,25,52,7394.62,20241227
8660,766,22,3,7345.0,20240229
8661,1752,25,74,113478.95,20250125
8662,2916,22,11,875.97,20250104
8663,1679,14,18,6892.06,20250923
8664,2034,24,14,11685.41,20240917
8665,1115,25,34,28334.48,20251119
8666,1162,14,41,47660.35,20250616
8667,206,27,9,15857.7,20250201
8668,32,32,14,54506.56,20240608
8669,2259,29,28,9850.51,20250627
8670,1953,30,13,12812.39,20240528
8671,2290,7,79,9293.79,20240813
8672,527,32,43,2441.59,20250910
8673,304,24,59,12581.88,20250621
8674,2095,34,67,15017.12,20240415
8675,1309,9,53,14399.48,20251201
8676,355,34,79,1600.44,20260312
8677,1654,22,11,923.47,20240419
8678,319,38,79,14273.69,20240724
8679,1008,39,42,137113.2,20250806
8680,2003,28,24,3594.65,20260323
8681,2015,24,9,7182.39,20240909
8682,1313,28,44,69602.51,20240510
8683,450,31,13,1978.53,20250902
8684,796,35,12,4525.66,20251210
8685,1368,5,26,26549.38,20240827
8686,1940,38,54,6631.52,20251231
8687,1236,19,55,7173.69,20250401
8688,2208,8,66,37243.44,20240916
8689,2702,9,17,4047.39,20250725
8690,2226,31,36,13676.95,20250606
8691,238,11,9,108084.04,20241225
8692,2726,4,70,1928.03,20241113
8693,2539,28,29,6802.72,20250304
8694,1201,32,11,2502.9,20240929
8695,1391,34,32,1608.82,20240618
8696,105,30,18,132309.54,20240330
8697,1825,25,47,114943.41,20250927
8698,175,32,7,15406.45,20251231
8699,877,29,63,4470.64,20240826
8700,138,36,33,53269.96,20240407
8701,459,4,2,48905.73,20240504
8702,145,16,43,107264.75,20241008
8703,2803,23,63,3564.47,20260123
8704,218,24,2,56561.16,20240518
8705,1785,7,65,8248.94,20241015
8706,2082,40,60,57511.89,20260320
8707,1433,32,80,11207.6,20241107
8708,1955,28,38,9572.23,20250817
8709,1204,40,7,31258.51,20250908
8710,923,37,46,9244.69,20240630
8711,2961,14,18,904.65,20251026
8712,1608,28,70,10388.54,20250211
8713,599,33,30,94269.24,20241104
8714,248,4,41,75654.95,20241204
8715,1117,3,57,1381.48,20240408
8716,914,36,23,7791.41,20240407
8717,1952,16,73,56690.25,20250117
8718,125,37,22,17326.19,20240313
8719,1300,39,55,9818.14,20241104
8720,588,37,58,2276.68,20240312
8721,466,13,43,10072.82,20240604
8722,280,15,16,52326.61,20250217
8723,2098,20,72,14950.22,20251112
8724,1486,4,9,132812.23,20251231
8725,131,22,74,70260.73,20240221
8726,121,18,14,38105.69,20260308
8727,2935,7,32,24161.61,20250218
8728,318,8,20,11119.69,20240810
8729,1802,9,66,9695.47,20251003
8730,666,31,61,136818.58,20250206
8731,2979,10,79,130962.52,20251106
8732,2028,12,35,12390.96,20240416
8733,2903,6,62,3858.07,20240323
8734,2009,27,31,14783.87,20260119
8735,2816,15,36,21868.42,20241007
8736,2550,21,12,8094.95,20240323
8737,1972,17,45,71531.32,20240624
8738,1297,35,56,352.42,20250310
8739,878,24,58,7102.25,20260227
8740,504,20,74,32548.82,20250419
8741,2844,39,12,11629.35,20240718
8742,1960,22,63,6315.58,20260130
8743,2649,28,21,1171.86,20240624
8744,1813,19,26,37424.01,20240706
8745,899,32,65,84228.02,20240111
8746,1175,22,73,50985.29,20260312
8747,2698,35,54,60334.02,20240330
8748,2462,32,35,3263.12,20241107
8749,731,29,75,112341.42,20251216
8750,1650,2,27,3753.87,20250720
8751,2012,19,42,1898.54,20260125
8752,1329,32,75,3555.35,20250130
8753,1180,33,65,5582.89,20250304
8754,710,30,48,1190.25,20240602
8755,671,20,31,4621.58,20240521
8756,2343,36,41,3681.51,20240104
8757,2640,7,37,4841.73,20251024
8758,1729,38,33,39589.95,20250310
8759,826,10,65,7137.5,20240103
8760,250,40,33,7738.0,20240312
8761,2164,28,35,63548.53,20260103
8762,2407,2,78,3181.91,20251101
8763,1002,15,79,9576.53,20250909
8764,2968,4,58,23432.83,20240719
8765,2260,26,67,11301.36,20240803
8766,1416,29,27,15923.01,20240602
8767,2206,7,49,70291.34,20250320
8768,1022,32,78,4020.49,20240525
8769,2010,9,47,50631.42,20250710
8770,2142,10,67,658.63,20250910
8771,1655,11,26,140065.7,20250903
8772,2435,40,45,140791.41,20240629
8773,631,10,53,8576.56,20250419
8774,232,29,59,4109.45,20240331
8775,1693,15,78,124849.88,20250705
8776,2494,16,74,468.66,20240310
8777,2054,37,73,54420.05,20250316
8778,883,18,6,1164.32,20250105
8779,575,4,31,3577.73,20240919
8780,2839,13,50,841.99,20250723
8781,1122,8,79,2619.19,20250703
8782,1612,22,19,4136.75,20260211
8783,976,31,24,6372.34,20250213
8784,2456,31,19,80723.85,20240727
8785,1323,25,60,105867.64,20250619
8786,2896,26,30,2808.51,20251124
8787,1454,1,4,10076.7,20251212
8788,2093,37,21,12627.36,20250825
8789,2827,29,42,77739.87,20241116
8790,118,30,29,70342.5,20250923
8791,1535,31,37,14556.28,20250514
8792,1203,26,13,28947.19,20250125
8793,2351,29,59,7822.51,20260108
8794,2858,25,11,3415.23,20240524
8795,140,35,64,112184.33,20240830
8796,1489,31,54,17161.54,20260304
8797,1790,16,69,81148.13,20251210
8798,1033,36,49,107757.18,20240420
8799,1782,5,20,108073.95,20240429
8800,224,40,79,60257.13,20240107
8801,1499,23,73,108930.31,20241222
8802,643,17,33,4346.46,20251108
8803,1388,3,24,43354.71,20250322
8804,2196,20,36,569.99,20260130
8805,2343,6,58,19215.18,20260331
8806,855,16,71,93321.14,20240722
8807,1340,3,62,28762.36,20250820
8808,2760,39,48,42557.98,20251106
8809,855,8,9,5976.42,20250317
8810,1194,10,65,2642.59,20250511
8811,102,37,77,412.85,20240714
8812,284,12,17,4180.82,20240528
8813,2388,38,73,2259.95,20250615
8814,961,14,24,37544.34,20250813
8815,592,15,46,26517.34,20250104
8816,2293,7,74,5485.86,20240223
8817,219,17,70,3420.51,20250222
8818,2324,17,79,15013.72,20250624
8819,1116,39,31,10097.15,20241005
8820,1447,30,9,4724.44,20250314
8821,2628,4,48,120200.02,20250526
8822,2169,22,52,86345.25,20241109
8823,2977,23,48,3144.46,20240129
8824,2658,18,51,149556.48,20250821
8825,568,15,43,7533.87,20240409
8826,1536,28,8,6838.7,20251005
8827,2530,27,66,242.56,20241223
8828,1876,32,69,3255.21,20251213
8829,2347,16,75,47658.86,20250502
8830,1997,30,60,18571.56,20241111
8831,171,21,20,17588.66,20250830
8832,2321,25,3,57042.96,20260224
8833,1867,18,64,2932.61,20240521
8834,1264,34,30,73196.18,20260226
8835,2591,9,56,11049.48,20240317
8836,961,13,71,15357.33,20240516
8837,1022,37,69,15764.37,20260318
8838,1516,16,63,578.92,20240926
8839,54,39,50,4614.71,20260325
8840,741,17,20,124026.46,20260125
8841,2263,35,5,2142.55,20250217
8842,129,2,47,13882.29,20240211
8843,2866,35,15,48182.61,20241224
8844,218,21,35,56825.23,20250116
8845,1365,7,72,3454.53,20251205
8846,2544,18,80,14459.3,20250409
8847,2129,8,45,16082.56,20250627
8848,1752,39,77,4780.33,20241004
8849,382,9,53,4535.52,20250410
8850,1621,35,71,2133.63,20240524
8851,1285,16,52,1523.42,20260313
8852,2033,24,78,2538.36,20260401
8853,2456,13,30,135628.56,20250925
8854,544,14,72,34507.16,20260303
8855,756,18,66,16777.57,20240704
8856,2157,7,40,51042.75,20240420
8857,2117,17,28,13410.94,20250715
8858,2701,14,26,8524.95,20240302
8859,2581,19,26,54369.55,20240325
8860,1820,11,63,8903.98,20240421
8861,1217,37,25,5053.41,20240711
8862,929,8,62,42205.4,20240628
8863,1669,11,45,2066.0,20251216
8864,2141,18,26,11152.56,20251113
8865,1287,32,39,1155.79,20251223
8866,1831,26,58,63799.09,20241110
8867,2354,7,63,50756.01,20240604
8868,1987,4,50,8442.86,20250325
8869,1185,29,43,2583.25,20240905
8870,2447,22,41,523.02,20240208
8871,517,31,48,48877.09,20251109
8872,971,17,1,2617.97,20250318
8873,357,4,49,77210.05,20260302
8874,1247,14,32,98889.01,20240430
8875,735,35,47,10647.33,20241223
8876,1784,7,49,9582.31,20241009
8877,1942,37,61,79529.82,20241225
8878,1107,38,80,17963.62,20250614
8879,2578,5,2,20120.54,20240314
8880,2351,7,39,20749.65,20240423
8881,1469,1,75,2482.42,20250819
8882,776,14,50,6874.39,20260304
8883,717,28,10,7721.19,20250423
8884,989,34,9,1467.47,20240920
8885,2169,5,60,12588.87,20241114
8886,96,39,5,78427.7,20251029
8887,1277,25,36,140646.73,20260317
8888,90,25,1,64250.07,20240829
8889,510,40,7,66490.29,20260111
8890,1964,10,7,2171.02,20250609
8891,1547,11,18,3482.9,20251015
8892,2033,12,55,43834.69,20240730
8893,1073,10,50,131423.86,20240301
8894,1067,23,27,40502.1,20240219
8895,1714,24,34,101358.99,20240617
8896,1409,37,60,4517.6,20260323
8897,396,17,45,62665.06,20250113
8898,595,25,8,96362.74,20241030
8899,2895,30,33,9540.89,20250929
8900,1059,16,15,84378.18,20240401
8901,283,6,26,5073.44,20260321
8902,2938,22,21,7660.15,20241113
8903,1754,23,53,4628.62,20240626
8904,2356,11,25,2746.09,20251023
8905,1895,40,25,5565.15,20250103
8906,2348,36,73,3266.76,20241122
8907,2626,32,42,16670.72,20240306
8908,1824,26,47,49736.52,20250929
8909,2102,40,43,13153.98,20250611
8910,1754,28,45,4436.03,20240711
8911,14,31,17,27569.6,20240323
8912,2867,32,46,23404.14,20251021
8913,1073,33,39,103330.72,20251127
8914,1376,34,43,11319.31,20240807
8915,2157,15,80,57510.01,20250602
8916,2302,24,20,17768.63,20240724
8917,148,13,44,4351.21,20240808
8918,709,23,9,4666.64,20241213
8919,1556,2,56,3739.7,20241020
8920,2315,10,33,3646.41,20251017
8921,1949,27,14,599.83,20250101
8922,315,2,28,8637.6,20251111
8923,2932,3,75,3272.69,20240415
8924,733,4,54,14456.47,20240419
8925,783,5,46,86563.19,20240519
8926,673,15,18,32833.81,20240509
8927,523,7,34,15004.49,20260203
8928,436,3,35,25146.58,20250501
8929,1609,29,64,15831.72,20250924
8930,322,23,78,42503.11,20240203
8931,2199,11,26,4557.06,20250308
8932,779,18,54,57969.76,20250206
8933,788,37,25,108461.97,20240731
8934,1821,14,59,7632.31,20241215
8935,2246,15,38,962.34,20251221
8936,2291,28,21,5739.65,20250409
8937,882,19,3,1092.36,20240705
8938,2507,35,56,5038.1,20250929
8939,2457,1,62,9498.48,20240321
8940,1606,39,73,37747.0,20250805
8941,2333,8,73,106824.63,20240420
8942,1885,22,16,8867.43,20251129
8943,342,1,5,22586.2,20251106
8944,1380,24,42,6136.92,20250105
8945,1856,25,27,15330.27,20240810
8946,141,26,76,17436.53,20250429
8947,2055,35,48,72238.24,20250320
8948,871,28,50,4183.32,20241002
8949,2918,26,46,73533.46,20240301
8950,1037,14,79,27852.25,20250922
8951,1189,6,3,115427.72,20251201
8952,272,14,8,5951.33,20250522
8953,1698,33,70,9488.5,20250810
8954,1569,39,25,15384.84,20250715
8955,835,35,21,13147.09,20241102
8956,1133,11,13,12486.98,20250803
8957,1775,37,18,30921.24,20250715
8958,441,18,7,91034.68,20250608
8959,2986,40,75,133464.19,20260107
8960,1237,19,1,1653.13,20260328
8961,1429,1,11,15857.38,20250725
8962,2578,2,21,3405.05,20250505
8963,1699,3,24,109446.33,20240812
8964,1853,4,35,65280.98,20241106
8965,731,5,28,3526.87,20260127
8966,54,9,33,140664.33,20250211
8967,1858,7,36,8516.16,20240326
8968,2340,26,68,1900.32,20240830
8969,1853,28,65,11520.56,20240709
8970,2245,7,22,6437.06,20240410
8971,1574,17,21,6479.88,20260226
8972,7,12,78,291.71,20250514
8973,2488,16,46,96299.44,20240116
8974,1304,5,61,16704.85,20251203
8975,481,9,45,10091.49,20240829
8976,1942,16,50,51101.72,20250904
8977,966,31,45,5317.32,20251024
8978,1507,18,12,39556.91,20260226
8979,471,16,30,2937.0,20251202
8980,1379,37,54,1103.52,20240709
8981,276,21,31,53959.68,20240914
8982,375,33,30,74222.75,20241231
8983,2836,10,53,57788.38,20250706
8984,1240,2,76,4351.2,20250111
8985,2630,20,73,23816.01,20240730
8986,1561,13,49,1309.14,20241230
8987,1643,13,43,10174.72,20240731
8988,1331,28,66,61016.66,20241104
8989,2814,29,40,1141.46,20241128
8990,766,39,58,10239.28,20260112
8991,1048,27,46,93856.39,20251230
8992,983,15,45,79289.85,20250716
8993,2033,33,50,13946.38,20250914
8994,1182,34,26,1091.22,20250319
8995,638,30,65,29259.85,20240211
8996,1369,36,52,21084.54,20250408
8997,86,18,74,15630.44,20251011
8998,2768,25,78,1338.19,20240117
8999,1219,39,20,46130.87,20250227
9000,1072,19,26,19062.3,20250219
9001,2654,31,79,7810.27,20250605
9002,1597,12,50,9835.92,20241109
9003,797,3,12,86796.88,20251227
9004,2000,36,71,1110.01,20240515
9005,5,5,54,4077.74,20250408
9006,1577,6,78,691.07,20250803
9007,1442,7,59,9723.27,20250707
9008,1704,14,70,8738.16,20240506
9009,2831,9,4,9164.25,20241130
9010,646,30,73,10550.98,20240707
9011,1257,1,73,85572.51,20240314
9012,1510,40,25,6355.51,20251119
9013,2162,36,65,59878.85,20250407
9014,1735,13,8,12155.98,20240214
9015,1977,5,11,1499.46,20260205
9016,871,16,18,8694.96,20250425
9017,1486,22,13,4379.01,20251002
9018,145,10,26,3003.45,20240606
9019,1523,10,29,94938.38,20240905
9020,2768,7,16,2924.09,20250924
9021,2387,31,32,3169.73,20250926
9022,2465,22,71,4136.16,20250413
9023,2186,16,51,70702.83,20250324
9024,1201,24,76,76543.12,20260101
9025,1672,20,33,12337.3,20260215
9026,1388,13,4,123512.11,20250120
9027,1566,20,72,40179.22,20240124
9028,2566,28,65,65711.62,20250921
9029,2418,5,27,38359.17,20240626
9030,1113,30,28,91344.97,20250614
9031,345,36,15,2832.99,20241023
9032,1795,16,25,57556.29,20251010
9033,1862,18,74,9759.09,20240102
9034,1159,34,22,1739.16,20241016
9035,681,1,19,32586.36,20250827
9036,1081,8,53,5978.91,20251027
9037,873,27,23,55562.98,20250829
9038,2156,8,55,99873.15,20250616
9039,426,39,2,750.3,20250602
9040,1206,40,32,58450.62,20251111
9041,718,22,77,2113.52,20240611
9042,527,35,27,15538.74,20241130
9043,1768,3,64,7323.49,20260401
9044,486,18,56,1928.79,20260329
9045,1962,5,25,16538.96,20241008
9046,241,7,8,56347.09,20250926
9047,414,34,44,67403.68,20251026
9048,1506,8,7,4211.38,20250718
9049,540,9,48,6062.12,20240216
9050,2426,33,21,4460.98,20251011
9051,1109,35,15,9290.57,20240409
9052,1757,12,11,3496.92,20241210
9053,1619,13,58,84373.24,20250126
9054,738,36,72,8242.34,20250820
9055,2812,6,70,104627.8,20250608
9056,2179,16,64,69032.37,20240722
9057,364,17,33,117132.31,20241222
9058,2569,12,67,1239.71,20240102
9059,466,20,66,75619.47,20240808
9060,1233,2,36,28328.42,20240404
9061,1903,38,38,5327.88,20250803
9062,1691,22,75,16029.94,20250730
9063,2420,34,78,11650.23,20240403
9064,30,24,14,1309.04,20250103
9065,355,25,6,67323.97,20251113
9066,1594,5,62,23422.69,20260305
9067,1589,26,72,47064.06,20240418
9068,2827,9,4,102721.77,20241114
9069,2175,34,10,87886.91,20240509
9070,2352,9,29,2478.33,20250202
9071,229,29,19,31274.95,20240919
9072,701,32,29,42384.81,20250417
9073,2663,10,4,73290.2,20240719
9074,2708,38,38,1950.42,20240108
9075,646,5,80,2437.63,20251218
9076,2863,28,68,1875.5,20240227
9077,550,37,70,4398.97,20250324
9078,883,33,33,3954.75,20250812
9079,1972,39,47,12293.6,20241108
9080,1707,23,50,31485.94,20240611
9081,1293,27,59,12999.68,20250314
9082,460,8,18,7035.84,20260302
9083,429,2,44,112526.42,20240119
9084,1505,32,76,15476.55,20240715
9085,748,22,18,65300.24,20250223
9086,1432,6,31,9478.33,20240321
9087,2573,17,69,31041.29,20250913
9088,269,34,25,12766.69,20250303
9089,1148,11,76,98475.81,20240728
9090,2213,9,16,133648.53,20250522
9091,898,35,73,8681.18,20240903
9092,1150,12,32,21248.17,20240115
9093,1412,37,3,14052.26,20250306
9094,1390,1,19,17888.31,20240213
9095,153,39,6,9277.03,20250515
9096,586,30,78,62237.72,20240227
9097,791,5,77,20901.82,20250204
9098,791,27,35,138351.22,20250612
9099,1559,19,76,15206.43,20240711
9100,795,29,61,2050.73,20251218
9101,1875,39,53,39156.23,20251227
9102,737,40,13,111858.66,20251120
9103,2213,30,70,17164.86,20251225
9104,2608,24,18,3671.59,20251118
9105,1822,31,5,62625.37,20240616
9106,1936,22,6,287.04,20250630
9107,1210,35,11,52164.85,20240928
9108,2955,35,50,3739.72,20260328
9109,2932,2,13,87157.34,20250828
9110,2364,30,60,4447.02,20240425
9111,2930,31,22,7135.33,20241012
9112,2554,35,40,2417.25,20241010
9113,715,5,40,91773.78,20260204
9114,1278,28,26,5101.43,20240630
9115,758,35,21,16893.36,20260209
9116,195,37,2,4586.85,20240826
9117,1216,33,37,1598.46,20260306
9118,258,3,77,4824.57,20240701
9119,1586,7,63,36213.93,20250907
9120,771,40,61,124282.73,20251112
9121,2542,1,74,141154.66,20250809
9122,2671,33,36,103331.65,20251010
9123,1907,3,74,77969.06,20240310
9124,163,4,45,678.7,20260209
9125,1305,26,18,114780.97,20240615
9126,2564,10,68,9256.45,20260113
9127,2419,22,48,5850.29,20260215
9128,1052,8,10,1335.59,20240226
9129,1566,3,48,8815.52,20260225
9130,1528,12,3,136477.16,20250523
9131,2215,36,28,13521.0,20241122
9132,795,8,30,111068.71,20241124
9133,119,30,24,3573.43,20251220
9134,626,18,67,80940.93,20240809
9135,577,15,60,45128.75,20260305
9136,2014,18,49,4591.21,20250306
9137,838,18,15,13114.99,20241128
9138,1715,36,78,8074.9,20240608
9139,145,29,46,14615.7,20260115
9140,1791,34,44,4354.3,20241019
9141,1226,38,23,91388.79,20250207
9142,992,22,69,17367.94,20250804
9143,2738,24,12,4252.56,20250923
9144,2733,14,42,64963.35,20240706
9145,1969,16,34,2186.42,20250423
9146,1960,29,39,25530.49,20250727
9147,807,5,3,142299.1,20260307
9148,1798,12,64,10048.54,20250703
9149,225,35,65,13231.41,20250304
9150,2735,19,23,13562.6,20250324
9151,125,21,61,40330.83,20251220
9152,719,32,9,4842.73,20250217
9153,1667,35,52,47201.47,20260301
9154,954,34,9,92855.98,20241220
9155,957,9,79,13490.36,20251123
9156,2554,36,56,9982.91,20250510
9157,443,17,56,6980.92,20260317
9158,420,23,73,16251.54,20260313
9159,152,39,43,3109.0,20250419
9160,754,5,18,3490.83,20240617
9161,1372,1,77,149335.81,20250118
9162,1853,13,41,3619.49,20250728
9163,572,3,24,1959.01,20240901
9164,2936,4,28,64858.32,20250419
9165,587,5,36,42536.49,20240302
9166,2949,35,33,87449.25,20240202
9167,1364,32,32,146588.7,20241118
9168,614,15,78,10613.08,20240809
9169,2893,36,31,19117.63,20251109
9170,1076,16,46,8109.43,20260113
9171,2148,11,77,10502.82,20240111
9172,846,12,59,16353.19,20250524
9173,1372,31,14,61746.53,20260214
9174,589,14,39,39967.99,20251002
9175,1134,35,79,130411.6,20250621
9176,1636,2,74,9426.57,20250123
9177,224,10,55,40052.82,20240722
9178,2057,37,76,6676.76,20241205
9179,1098,25,32,42477.49,20241001
9180,2803,20,18,15673.18,20250626
9181,1879,16,73,69927.07,20240625
9182,2808,22,18,71078.06,20240404
9183,304,7,18,22618.62,20260208
9184,1570,3,42,5955.38,20240803
9185,1589,11,30,12763.04,20260102
9186,2202,29,64,1109.91,20260223
9187,221,14,23,1921.77,20250921
9188,109,19,60,77298.66,20250317
9189,659,17,69,11457.45,20240902
9190,898,30,8,36665.88,20251013
9191,2232,23,33,38242.57,20240825
9192,1971,32,46,2288.29,20250321
9193,317,18,44,30714.07,20240627
9194,2235,34,35,144769.39,20250305
9195,2787,6,20,32112.65,20240519
9196,2054,34,26,19076.63,20250109
9197,86,8,35,41892.19,20240729
9198,1352,27,58,725.27,20260305
9199,2882,12,39,7401.75,20250926
9200,1231,31,42,136693.79,20241217
9201,423,1,15,145289.69,20240312
9202,1701,32,27,4060.52,20251211
9203,1223,3,38,3401.5,20240513
9204,1759,37,36,72565.04,20260401
9205,2104,5,13,10802.26,20250115
9206,788,36,45,96237.62,20240115
9207,1549,7,24,10968.22,20240518
9208,2011,39,20,1814.87,20240710
9209,28,9,71,5279.74,20240423
9210,2242,10,32,125832.49,20250612
9211,2925,37,64,19529.25,20260125
9212,1282,40,1,46072.4,20251001
9213,2716,18,29,2859.68,20250218
9214,774,2,23,1792.91,20240526
9215,2084,3,1,71727.99,20240503
9216,733,16,8,64972.3,20240523
9217,684,17,76,5097.89,20260206
9218,1571,4,68,2921.72,20250102
9219,1740,29,15,88684.04,20241025
9220,1926,12,34,103874.11,20241019
9221,2515,8,63,127177.39,20250801
9222,1607,4,52,47579.62,20260320
9223,2059,28,5,8431.94,20260115
9224,497,16,45,39863.34,20240720
9225,1394,25,26,3152.21,20241108
9226,250,23,20,3735.76,20260314
9227,1751,17,41,109871.63,20251107
9228,2199,30,51,17997.92,20250125
9229,1139,29,65,73525.56,20240502
9230,56,8,28,5626.91,20240106
9231,2092,31,13,54202.0,20250403
9232,2080,13,24,11610.96,20240903
9233,2716,15,29,6839.82,20260110
9234,674,10,27,2194.74,20260228
9235,474,8,61,1416.0,20240215
9236,2208,28,11,6668.17,20250417
9237,147,37,45,84099.33,20240221
9238,2170,11,35,31217.21,20240505
9239,2553,39,27,9517.46,20240901
9240,350,40,17,43115.14,20250814
9241,2766,15,12,146167.63,20251019
9242,2595,34,7,116446.93,20241221
9243,2041,30,43,8047.25,20250114
9244,450,15,71,18965.19,20240805
9245,223,35,36,4694.82,20250517
9246,2615,7,26,31478.37,20250702
9247,1503,20,14,529.43,20250602
9248,2524,8,52,75574.45,20240630
9249,189,9,58,118905.98,20250409
9250,2708,10,7,1219.84,20250513
9251,182,37,63,7546.37,20250215
9252,955,12,5,18788.23,20250814
9253,676,31,60,863.39,20250201
9254,2980,40,1,50789.67,20260304
9255,475,40,50,14056.15,20241103
9256,1574,7,11,73676.28,20250103
9257,532,2,62,19015.32,20250814
9258,899,16,3,60816.86,20241107
9259,812,13,15,10114.46,20240816
9260,2055,27,75,95172.93,20240517
9261,492,21,51,10562.17,20250217
9262,1300,38,49,2216.68,20240913
9263,707,23,73,80432.92,20240622
9264,1406,16,7,106367.36,20241212
9265,2191,25,71,24579.87,20241224
9266,1007,26,38,67871.09,20251003
9267,2077,15,38,32592.93,20240210
9268,350,12,57,73611.4,20240902
9269,2073,19,7,75183.69,20250329
9270,2566,9,65,9161.24,20251203
9271,1582,6,63,75414.96,20240401
9272,28,32,6,106511.06,20240502
9273,897,32,40,8995.24,20250518
9274,433,40,9,55145.45,20240924
9275,24,35,8,4807.93,20250625
9276,933,36,22,11523.32,20240402
9277,2412,37,2,1453.8,20250714
9278,2632,7,46,12023.96,20240910
9279,2377,39,63,69830.4,20240320
9280,2643,27,37,5698.05,20240912
9281,2996,20,55,45912.73,20250614
9282,1530,35,26,48005.73,20240411
9283,2544,20,63,138573.58,20241202
9284,2419,4,66,111726.41,20251006
9285,487,39,2,116477.0,20251205
9286,2139,25,45,12036.9,20240816
9287,2191,38,49,2865.13,20250426
9288,1545,40,75,4445.86,20240518
9289,2321,30,58,1986.67,20250810
9290,2598,25,46,10451.0,20250529
9291,1215,28,48,139629.83,20260321
9292,1310,30,63,78489.48,20251110
9293,2726,33,3,9906.78,20251209
9294,140,27,68,108391.5,20241121
9295,1017,16,29,1041.49,20260118
9296,1158,12,56,51044.48,20250423
9297,1384,29,32,8873.45,20250218
9298,1072,1,47,4533.06,20250111
9299,861,19,32,2086.47,20250415
9300,2106,36,75,20394.12,20241206
9301,2152,11,21,64918.79,20250604
9302,1367,32,51,13302.81,20241220
9303,2098,14,64,118357.8,20240226
9304,2385,39,2,53197.82,20260119
9305,2713,23,37,2984.25,20251202
9306,2559,26,63,3887.35,20241027
9307,13,19,70,71968.37,20250410
9308,2881,11,38,83438.75,20240424
9309,2400,17,26,88696.04,20241119
9310,2967,40,33,7786.35,20260317
9311,2586,26,59,8642.23,20240524
9312,2486,36,64,24949.75,20250601
9313,1011,33,13,2167.18,20251231
9314,1737,5,80,4385.28,20250211
9315,1904,35,35,43310.82,20240501
9316,2452,36,6,11021.37,20250809
9317,2492,2,20,4068.86,20250612
9318,2275,26,5,10907.74,20240417
9319,1577,39,12,5158.68,20241115
9320,1977,17,12,1265.82,20240402
9321,1492,6,24,49516.93,20241219
9322,1492,27,39,4310.95,20241214
9323,1683,2,26,31326.25,20251102
9324,1688,33,52,3797.33,20250608
9325,1207,5,42,1267.07,20250402
9326,2669,6,73,72447.83,20241120
9327,1629,7,3,35991.59,20240824
9328,1750,31,63,104666.92,20250920
9329,1085,9,44,9750.9,20240731
9330,2243,18,75,5843.72,20241009
9331,886,2,74,56380.77,20241119
9332,1439,5,67,10361.14,20240720
9333,855,39,33,5673.93,20250122
9334,838,14,59,67318.72,20260309
9335,2533,7,23,8687.41,20241102
9336,1148,16,67,15435.5,20260307
9337,106,36,13,118324.78,20251229
9338,71,39,13,124109.1,20251024
9339,2321,10,32,13023.53,20240901
9340,902,20,71,36519.86,20250819
9341,491,21,78,7545.48,20260203
9342,443,22,28,58121.39,20250810
9343,710,35,15,106172.31,20250313
9344,2551,24,47,3965.87,20251102
9345,366,26,16,2130.74,20250807
9346,2541,7,61,76772.66,20250518
9347,972,27,42,12452.32,20240601
9348,859,6,48,35973.1,20260119
9349,2916,30,18,1825.9,20240620
9350,2596,30,35,78620.79,20251215
9351,1092,32,12,9043.16,20240416
9352,2729,12,10,11236.92,20250628
9353,1170,11,13,3287.58,20241024
9354,2449,14,67,45296.83,20240513
9355,2638,29,30,17138.85,20241018
9356,892,9,33,19433.54,20240615
9357,1856,36,28,69205.84,20240723
9358,650,7,38,86617.87,20240321
9359,1988,35,36,14988.93,20250617
9360,1137,40,37,1801.14,20240108
9361,880,1,10,38208.57,20241115
9362,1227,3,50,41957.97,20250823
9363,889,3,32,22718.22,20241224
9364,2715,15,36,1413.62,20241002
9365,1512,1,71,681.64,20250824
9366,1081,35,16,78443.66,20241121
9367,1753,23,1,80587.8,20240129
9368,767,8,25,14265.39,20240626
9369,1062,19,71,77660.68,20240507
9370,1026,9,55,908.57,20250614
9371,2806,16,1,1807.62,20250615
9372,547,36,7,90425.7,20250716
9373,1942,1,77,3458.34,20260111
9374,701,38,17,8201.87,20240705
9375,17,38,36,3950.25,20240427
9376,2781,16,73,4312.84,20241219
9377,643,38,17,20868.46,20260117
9378,47,18,12,16994.52,20250817
9379,688,19,77,1216.43,20251119
9380,1480,37,74,74336.92,20240519
9381,1364,17,28,13603.58,20240910
9382,951,22,22,37340.74,20240204
9383,2658,3,2,8687.41,20240105
9384,427,23,7,2457.73,20250630
9385,1203,33,66,8589.31,20240531
9386,2359,26,7,64714.94,20250113
9387,346,9,66,1700.17,20250101
9388,89,38,80,18369.51,20240216
9389,2367,29,15,145671.58,20241023
9390,1529,4,31,15695.47,20240422
9391,2952,31,17,58440.55,20250527
9392,2716,7,19,12466.53,20260331
9393,2074,33,27,72661.79,20250312
9394,555,29,70,91448.73,20251216
9395,1374,12,73,12759.81,20240317
9396,1328,6,75,10424.23,20250901
9397,2035,37,60,37948.77,20251101
9398,2639,4,30,50014.41,20240326
9399,913,40,20,1024.42,20250215
9400,736,40,2,3165.03,20250426
9401,1528,35,56,11546.18,20240329
9402,2698,15,70,5328.26,20240422
9403,264,10,15,27341.24,20240422
9404,2138,40,44,4235.99,20251214
9405,470,25,42,53382.66,20251227
9406,841,6,50,7048.15,20250502
9407,1142,7,28,6456.7,20240502
9408,3,37,70,137165.42,20240124
9409,20,16,72,13468.17,20240420
9410,964,10,45,18587.59,20241004
9411,1288,11,66,145492.49,20250805
9412,494,32,65,101298.82,20250528
9413,1844,23,37,13021.99,20240307
9414,168,14,35,2063.46,20250725
9415,2187,14,4,3052.0,20240919
9416,2149,16,9,9638.26,20240220
9417,2403,40,70,114758.44,20250302
9418,885,18,25,50215.85,20251219
9419,690,25,37,34817.56,20250826
9420,974,29,45,11671.53,20251217
9421,2322,21,56,41075.89,20250811
9422,247,8,8,3448.95,20240428
9423,1540,2,42,33592.45,20250930
9424,2214,14,64,41088.22,20240127
9425,2829,35,26,9109.07,20241228
9426,1493,28,50,44467.37,20250621
9427,1007,27,60,4585.19,20250801
9428,1681,33,16,2483.93,20240531
9429,2582,25,31,56806.4,20260327
9430,1902,30,28,9419.44,20250904
9431,2152,31,55,7867.41,20260306
9432,708,34,70,1322.94,20260105
9433,2936,8,22,515.81,20260128
9434,1486,35,4,80237.31,20240410
9435,1275,35,50,149673.32,20240929
9436,80,36,18,76515.67,20251217
9437,1293,12,44,12361.18,20250225
9438,2233,29,73,58773.7,20241224
9439,262,39,79,2210.59,20250204
9440,2701,2,76,14584.31,20240309
9441,1232,37,55,5686.21,20251022
9442,593,27,45,53687.42,20250118
9443,1871,14,75,2803.12,20250921
9444,1599,32,46,7404.82,20250217
9445,1219,5,31,17013.57,20251021
9446,1314,38,64,16836.42,20260223
9447,2284,7,17,49121.46,20241221
9448,1937,15,56,44883.52,20240229
9449,2556,33,7,1703.75,20251122
9450,1883,10,54,11591.99,20240529
9451,2647,11,24,3840.81,20250913
9452,2578,12,54,523.85,20250417
9453,836,13,56,5700.79,20240309
9454,1065,29,1,4203.28,20251102
9455,525,15,17,55363.72,20250718
9456,2802,16,36,1721.45,20241128
9457,70,7,70,81236.0,20241112
9458,318,19,65,1178.4,20240425
9459,728,36,59,1686.36,20250228
9460,2086,20,31,3706.57,20240419
9461,618,21,20,1955.62,20250730
9462,2134,5,49,8591.68,20250107
9463,858,14,17,3717.49,20250918
9464,2262,33,6,12205.32,20260215
9465,639,6,43,20406.13,20250608
9466,359,24,13,7851.01,20251120
9467,781,13,38,12788.2,20250713
9468,1922,5,76,102730.59,20240320
9469,2905,24,61,24961.47,20251215
9470,2914,23,26,14868.99,20250818
9471,420,9,6,9300.64,20240415
9472,2827,18,16,1594.84,20250110
9473,2535,12,27,64302.09,20241218
9474,758,34,23,6629.63,20240513
9475,376,25,40,1231.76,20250405
9476,2991,36,46,4941.43,20251108
9477,2541,11,9,65831.87,20250929
9478,2514,38,2,10153.3,20240516
9479,870,27,61,141049.57,20250815
9480,195,8,12,12795.8,20240508
9481,1006,1,10,13882.45,20251211
9482,127,17,51,73893.73,20240427
9483,762,3,40,6718.03,20241205
9484,1711,26,45,7137.98,20250131
9485,2447,31,24,6565.17,20250715
9486,2169,6,74,2350.94,20251223
9487,683,14,24,60336.6,20240109
9488,2230,2,63,25089.4,20250710
9489,2912,30,61,12172.1,20260112
9490,2343,39,22,60879.39,20240806
9491,1736,11,10,47511.4,20240919
9492,1211,16,34,70515.89,20260228
9493,2788,5,10,54012.65,20251221
9494,1087,30,70,24428.24,20250605
9495,670,15,35,2834.28,20240528
9496,1187,16,39,76488.14,20260328
9497,2724,40,40,1588.46,20241229
9498,2866,18,16,77798.02,20240323
9499,2402,19,17,2371.0,20250927
9500,264,20,75,11050.61,20250506
9501,532,19,51,25236.38,20250701
9502,867,23,42,4714.95,20240515
9503,604,37,15,67699.44,20251014
9504,1693,29,28,77393.77,20240111
9505,1888,16,79,14213.35,20251123
9506,1640,11,7,114227.95,20240918
9507,2307,27,77,1783.94,20240805
9508,2624,13,71,62057.24,20260312
9509,2312,33,27,43774.8,20251201
9510,2550,35,42,2565.49,20240829
9511,1603,23,13,1152.6,20240207
9512,1887,22,51,24884.15,20240516
9513,2893,11,60,3640.28,20250425
9514,505,20,35,28232.11,20250601
9515,342,18,76,2106.72,20241225
9516,2664,36,38,78810.92,20240727
9517,1000,21,42,70040.54,20240805
9518,366,38,19,5671.01,20240104
9519,2813,33,39,459.64,20250923
9520,525,23,78,12509.93,20240321
9521,2132,15,4,373.98,20250810
9522,760,2,6,111182.28,20251031
9523,283,28,53,58811.13,20241112
9524,2785,34,26,9054.02,20260328
9525,1549,29,38,16917.84,20240617
9526,2729,6,62,10571.5,20240119
9527,1203,27,24,4099.36,20251208
9528,1434,8,19,3362.08,20250904
9529,774,9,21,21303.99,20241206
9530,814,17,50,4104.46,20251202
9531,253,22,56,11838.98,20250421
9532,2580,12,66,26785.27,20240803
9533,2538,22,64,18760.87,20240316
9534,1536,15,21,6410.74,20241221
9535,2658,36,42,8234.66,20260123
9536,1588,39,37,6685.61,20240606
9537,855,4,60,167.34,20250619
9538,2060,18,75,16159.7,20250727
9539,614,35,72,45909.32,20250816
9540,2370,7,4,17591.53,20250601
9541,2965,21,45,102215.77,20241214
9542,802,22,23,14370.73,20260121
9543,423,7,56,117084.54,20250311
9544,1887,32,34,3297.78,20240119
9545,2699,23,7,4490.87,20240216
9546,20,29,73,53737.43,20241027
9547,1814,36,66,149449.15,20250908
9548,2081,7,45,8536.23,20240925
9549,1087,29,38,23214.69,20250102
9550,1158,20,14,61783.87,20250619
9551,1067,31,66,42457.63,20240416
9552,1431,5,42,9527.5,20250813
9553,549,13,59,99283.85,20240613
9554,1631,19,2,1160.48,20240305
9555,2825,35,2,57407.71,20250217
9556,1270,39,13,109906.08,20250818
9557,2681,37,24,12685.62,20241117
9558,1557,30,36,5227.7,20250423
9559,1822,39,53,8951.79,20240904
9560,2277,27,27,11686.49,20250327
9561,969,8,13,33172.82,20241030
9562,2408,9,40,124665.42,20250112
9563,1763,20,63,72916.49,20240430
9564,2614,4,27,17295.36,20250220
9565,503,2,22,29348.52,20240111
9566,481,37,9,44257.67,20251211
9567,368,3,11,10111.02,20240327
9568,1058,6,41,125592.0,20250423
9569,2409,18,17,2886.45,20240408
9570,763,12,33,63402.96,20240227
9571,632,11,62,96636.32,20250705
9572,2041,12,24,61562.0,20240126
9573,1487,13,53,87261.92,20260316
9574,731,30,8,3290.18,20241008
9575,2578,19,52,33962.83,20240420
9576,540,1,62,76728.48,20251002
9577,539,16,15,47878.36,20240601
9578,2084,16,27,13135.04,20240127
9579,1436,19,57,61617.92,20241010
9580,2249,20,3,4383.24,20240217
9581,1320,39,65,76580.7,20260106
9582,1242,22,20,114808.61,20250724
9583,2836,23,49,87279.33,20250305
9584,1131,19,14,77715.74,20260104
9585,2456,25,37,12306.79,20250413
9586,961,39,22,62415.18,20241220
9587,1767,27,70,136213.76,20240119
9588,601,28,3,1320.72,20250613
9589,2434,1,54,82150.08,20240625
9590,570,28,41,3680.67,20250719
9591,604,31,22,25101.15,20250916
9592,424,2,27,726.14,20250714
9593,715,10,30,98531.82,20240810
9594,1250,34,35,42116.39,20240818
9595,238,36,68,72396.02,20250205
9596,2393,18,70,24071.83,20250710
9597,880,13,17,79309.24,20240617
9598,1234,26,16,42658.42,20260114
9599,333,39,13,95881.3,20250331
9600,455,40,30,6600.3,20240530
9601,1303,12,11,141780.42,20251210
9602,1237,2,17,64816.16,20241231
9603,211,34,79,9822.49,20260101
9604,1079,11,23,148820.35,20260401
9605,822,5,63,9586.41,20250408
9606,2654,6,28,86964.33,20250108
9607,595,4,52,129179.54,20240815
9608,2256,8,59,99856.9,20260311
9609,2721,24,65,4404.3,20250321
9610,1993,21,60,11840.41,20250328
9611,911,32,76,1208.8,20241206
9612,2963,38,38,22937.33,20250630
9613,2996,13,59,5571.31,20250831
9614,692,34,16,11668.87,20250918
9615,1890,26,20,14991.14,20240214
9616,2514,11,34,65374.47,20250811
9617,1748,17,58,3796.42,20241201
9618,620,18,61,4499.99,20250402
9619,1316,22,51,1890.99,20250401
9620,1966,20,15,79751.11,20241028
9621,2931,20,34,106900.22,20250409
9622,2082,3,63,122636.17,20260320
9623,2572,33,7,3534.86,20250514
9624,1173,37,18,188.92,20240618
9625,8,1,72,3405.1,20260117
9626,2185,8,41,49166.26,20240503
9627,803,13,8,95010.95,20240119
9628,780,18,27,2596.81,20240111
9629,1807,7,20,16624.3,20240912
9630,119,18,71,67989.25,20251212
9631,2235,31,79,9777.27,20260120
9632,2315,37,60,2543.34,20250108
9633,2631,31,68,776.82,20240630
9634,2138,34,74,75010.38,20240526
9635,386,27,23,2040.92,20250814
9636,1885,13,6,4870.07,20250315
9637,2371,37,74,2759.93,20250131
9638,161,25,79,90892.45,20250506
9639,1117,38,9,3773.94,20240919
9640,174,40,34,2773.97,20240324
9641,1323,30,30,38026.36,20240628
9642,191,9,44,88648.63,20250531
9643,68,3,61,5219.94,20240817
9644,649,4,45,41359.61,20250116
9645,2732,5,9,41536.47,20260117
9646,1177,6,50,3535.21,20240814
9647,2221,7,60,14414.15,20240827
9648,2387,30,57,118422.07,20260324
9649,2085,27,4,34247.93,20250808
9650,1615,22,57,4179.49,20241104
9651,250,35,30,13552.34,20260208
9652,1789,39,65,109786.74,20250630
9653,1190,26,21,2313.88,20251212
9654,2038,13,50,36357.55,20240405
9655,2446,15,70,5558.93,20260213
9656,96,16,61,11404.34,20240114
9657,2124,11,53,1258.63,20240429
9658,290,32,7,81957.89,20240913
9659,1302,19,66,138502.01,20240709
9660,2560,11,61,51836.96,20240824
9661,1086,23,37,104300.18,20250113
9662,1818,32,77,13770.55,20240613
9663,1794,30,10,26762.47,20260327
9664,1606,29,73,60535.44,20250221
9665,24,25,16,116940.43,20240508
9666,2179,13,58,81409.98,20250915
9667,537,39,27,2195.62,20250728
9668,2023,39,9,8624.47,20250614
9669,722,11,52,42522.7,20240319
9670,2275,30,56,61088.84,20260101
9671,1593,31,42,467.32,20240626
9672,1299,33,37,12352.79,20240715
9673,751,12,65,4217.46,20251119
9674,688,9,8,23648.12,20240411
9675,191,5,70,32579.8,20240709
9676,483,36,62,42524.87,20251027
9677,1766,30,66,71653.99,20250304
9678,2008,38,35,23380.67,20240409
9679,1948,14,63,9610.45,20240809
9680,2192,17,68,17787.45,20251129
9681,417,25,64,1585.06,20251030
9682,2280,2,42,99911.16,20240412
9683,2084,18,80,51773.65,20240103
9684,2101,37,34,7330.36,20260319
9685,2211,5,45,45411.99,20250216
9686,1033,6,13,17025.8,20251211
9687,716,39,80,12699.25,20250107
9688,1936,21,7,906.5,20241213
9689,2528,9,16,4555.24,20241210
9690,1946,10,35,71460.39,20240708
9691,1499,1,32,10484.29,20250806
9692,2236,12,33,54899.03,20241120
9693,609,13,49,9653.57,20250326
9694,784,29,41,106705.81,20250616
9695,19,12,52,35533.45,20250710
9696,54,38,5,3145.45,20241102
9697,558,17,15,47121.24,20260107
9698,62,18,9,6462.37,20250629
9699,1458,2,24,9881.86,20260227
9700,1484,2,42,30378.94,20250918
9701,291,18,74,5975.14,20241103
9702,918,26,5,65590.62,20250704
9703,959,5,11,760.66,20250830
9704,2600,27,80,11825.81,20250607
9705,190,17,51,4635.5,20260122
9706,1077,26,14,57474.25,20251107
9707,330,28,9,6244.13,20240715
9708,1338,5,33,65393.09,20240926
9709,426,27,43,108682.23,20250210
9710,2494,24,43,8385.95,20251229
9711,1937,31,69,12400.73,20240718
9712,2914,3,80,12747.88,20250312
9713,2353,33,71,62903.94,20240417
9714,2889,12,11,57158.09,20241106
9715,1323,35,60,3238.2,20250605
9716,1893,36,6,13535.3,20251129
9717,1401,36,65,15512.99,20260324
9718,1529,19,30,28404.65,20260321
9719,1496,5,42,69015.56,20251223
9720,1860,40,11,7595.61,20250429
9721,663,40,73,16424.9,20250127
9722,1506,2,76,498.24,20240228
9723,1335,3,31,1017.0,20250725
9724,1137,27,6,8736.18,20260218
9725,2600,13,21,146808.56,20250215
9726,2845,14,66,2475.78,20241202
9727,922,7,12,4432.12,20260401
9728,634,19,66,95587.74,20251028
9729,675,12,2,111794.61,20251203
9730,851,10,79,75852.76,20241125
9731,360,11,3,139094.98,20260226
9732,338,12,3,3123.18,20250703
9733,1713,6,60,136464.74,20260204
9734,2095,17,40,5980.92,20260104
9735,285,10,64,139459.62,20250817
9736,15,16,78,11894.22,20241219
9737,1452,17,11,14073.58,20240614
9738,477,13,48,3095.68,20250810
9739,641,5,76,39237.89,20250822
9740,1616,25,22,132359.69,20260202
9741,778,21,4,2908.17,20260209
9742,1944,3,15,4118.84,20240219
9743,1264,35,29,79925.64,20241027
9744,1087,32,42,14868.44,20250119
9745,829,25,17,55236.42,20260216
9746,2796,26,77,48941.87,20241122
9747,2008,27,4,6282.42,20240415
9748,1222,28,36,2317.41,20240417
9749,2846,37,72,59962.0,20250222
9750,2497,13,17,73911.36,20240713
9751,653,19,80,88792.25,20240202
9752,1501,2,9,4701.23,20250103
9753,2748,6,34,1794.49,20250906
9754,530,22,74,14440.33,20241222
9755,344,25,47,1259.47,20240108
9756,238,40,38,68743.64,20250514
9757,2407,17,41,66907.67,20251109
9758,19,38,27,15526.75,20240313
9759,7,5,32,8633.9,20250502
9760,539,40,13,932.37,20241021
9761,2218,31,46,5033.02,20250221
9762,2156,2,56,2076.79,20240302
9763,2776,28,67,36650.41,20241221
9764,678,21,35,12378.59,20240706
9765,363,5,49,12289.56,20250416
9766,589,27,74,4007.36,20260119
9767,1557,7,67,56409.63,20240110
9768,1370,13,72,2984.07,20240903
9769,1368,9,47,106699.17,20251106
9770,1979,10,40,366.48,20250420
9771,2815,26,17,4309.97,20240108
9772,1483,35,21,133788.35,20240623
9773,885,10,51,129536.96,20241110
9774,240,14,39,69958.44,20241211
9775,2786,15,1,4612.74,20240829
9776,1052,24,4,24505.22,20250224
9777,2467,19,11,2698.13,20260324
9778,253,18,64,1645.3,20240618
9779,2836,18,35,16973.22,20240503
9780,178,4,75,48315.99,20250107
9781,1042,21,75,17952.16,20240904
9782,2987,31,52,14089.08,20240226
9783,1607,34,39,5084.21,20250623
9784,1903,34,46,3673.8,20240708
9785,1781,19,40,63624.17,20251210
9786,2023,6,78,11835.67,20250521
9787,535,29,40,39035.63,20250103
9788,709,28,50,56311.51,20240710
9789,716,29,14,9583.59,20241229
9790,311,12,3,73480.7,20250405
9791,2043,15,16,3356.28,20250412
9792,2415,32,50,24008.64,20241023
9793,939,32,44,68752.12,20260211
9794,1913,34,39,4479.62,20260118
9795,1769,35,56,4915.62,20251027
9796,2087,36,56,117201.31,20241230
9797,1591,40,76,6350.46,20251006
9798,2271,15,4,30897.5,20251014
9799,2090,34,14,3591.02,20260210
9800,2842,20,17,80651.27,20251123
9801,817,30,53,88122.22,20251228
9802,1284,2,51,3157.9,20250416
9803,1422,23,47,12435.8,20260103
9804,2438,8,72,1345.68,20241102
9805,2482,7,12,8327.65,20260212
9806,113,6,10,2818.57,20250914
9807,2428,1,11,7137.32,20240509
9808,876,23,52,71165.76,20250603
9809,763,9,7,53610.54,20240924
9810,396,31,54,3231.11,20240311
9811,1011,10,52,21365.5,20240929
9812,276,20,58,64042.81,20260122
9813,2837,13,32,48647.86,20240102
9814,132,31,32,42244.42,20240417
9815,1497,9,16,1766.44,20250407
9816,831,33,79,23007.0,20240206
9817,252,17,27,119177.08,20251013
9818,323,18,51,38214.4,20260304
9819,292,25,59,120212.08,20240309
9820,2202,14,45,10127.29,20250802
9821,1210,13,14,10556.11,20241104
9822,609,29,1,12995.25,20240407
9823,1049,16,46,95422.12,20240716
9824,2837,24,53,14053.62,20241011
9825,449,25,17,117657.56,20250509
9826,2246,13,12,5765.37,20250222
9827,2522,27,2,13287.58,20240827
9828,93,29,69,127985.08,20260310
9829,2730,18,43,114823.44,20241221
9830,542,30,62,1576.47,20240630
9831,393,4,55,10602.98,20240512
9832,1376,32,76,17547.4,20240509
9833,1163,33,35,61336.13,20260117
9834,2918,3,52,17832.3,20240505
9835,589,35,1,83542.26,20251018
9836,855,19,26,19420.1,20250301
9837,2746,11,43,2439.72,20251130
9838,1105,38,30,133799.16,20241220
9839,864,37,59,147849.65,20241211
9840,1718,33,25,4890.41,20250618
9841,906,12,24,17098.65,20241206
9842,2667,38,1,141434.19,20240924
9843,2016,15,62,22254.16,20240917
9844,2813,22,18,41400.42,20250520
9845,2797,11,6,18681.95,20240325
9846,2597,6,36,88338.23,20240113
9847,769,7,70,4831.29,20240218
9848,1236,14,46,3238.89,20250720
9849,398,27,31,95466.43,20240508
9850,1702,13,53,1071.5,20250121
9851,2552,40,10,8108.54,20260118
9852,2846,8,29,95010.3,20250709
9853,2973,11,77,27031.77,20241118
9854,2014,38,40,7972.01,20240713
9855,2063,34,51,11061.67,20240331
9856,1639,16,39,8252.45,20250304
9857,2471,17,44,64471.18,20240205
9858,2092,18,78,115111.45,20250123
9859,1460,17,74,79319.72,20260213
9860,2767,20,5,446.21,20251121
9861,2024,7,24,7739.29,20241003
9862,2657,39,3,9908.33,20251017
9863,1428,23,66,66340.54,20240819
9864,1693,24,73,1377.44,20250109
9865,2461,22,14,48733.8,20251113
9866,635,14,7,10693.36,20240606
9867,1995,22,73,126917.95,20241102
9868,1492,28,11,9225.67,20260127
9869,2800,29,39,25487.1,20250715
9870,1990,25,75,32690.86,20250126
9871,1523,40,13,86202.47,20240602
9872,1940,22,21,9996.6,20240817
9873,345,6,51,26200.04,20240818
9874,1082,17,58,6905.34,20251207
9875,1845,35,1,19744.46,20250622
9876,398,17,33,28230.37,20240329
9877,1614,32,11,3349.51,20240526
9878,2812,38,15,11009.25,20250423
9879,2278,18,3,4195.97,20250808
9880,2367,40,75,15154.86,20240320
9881,2465,21,16,6335.0,20251216
9882,691,20,17,4584.18,20241022
9883,117,3,11,17933.05,20241113
9884,2785,33,73,67600.45,20250620
9885,2293,5,31,104467.38,20240131
9886,917,36,73,9331.35,20241009
9887,2646,12,33,281.48,20241114
9888,494,10,70,24745.22,20260215
9889,2333,30,23,5561.32,20251101
9890,411,4,66,120706.87,20240821
9891,1792,4,35,5591.0,20250321
9892,2815,2,28,3712.87,20250102
9893,1587,13,68,34165.22,20240217
9894,2329,18,69,21666.09,20250103
9895,2552,35,54,13748.14,20250211
9896,2843,5,23,14524.49,20250614
9897,2333,23,78,16146.15,20241015
9898,2892,30,19,118436.59,20240213
9899,1108,14,49,1736.99,20250204
9900,2187,21,61,13316.4,20250614
9901,663,33,36,17959.6,20250318
9902,2064,3,7,11259.35,20241105
9903,483,23,74,75982.15,20250225
9904,2100,23,52,56340.69,20240907
9905,2061,27,59,15563.48,20250308
9906,946,20,80,88473.08,20241206
9907,883,3,30,119608.34,20260329
9908,2338,9,49,141179.61,20250918
9909,2818,8,48,4470.58,20250708
9910,1169,13,51,134265.65,20260323
9911,2149,31,28,1078.52,20260124
9912,2253,35,70,30342.63,20240315
9913,477,3,33,7385.48,20250216
9914,1548,25,29,7088.01,20241130
9915,1601,35,71,11488.88,20240802
9916,586,9,23,1123.38,20250925
9917,750,37,30,131934.61,20241017
9918,2249,2,39,9322.55,20250807
9919,881,3,12,2285.28,20260103
9920,1833,37,28,22381.17,20241209
9921,1422,6,23,9817.23,20251226
9922,2544,2,20,36879.06,20251127
9923,1819,3,37,1951.0,20240802
9924,2923,4,71,106124.16,20240930
9925,1936,39,11,6873.77,20260111
9926,637,13,53,78647.66,20250910
9927,2553,7,19,8739.41,20241115
9928,978,2,28,11438.84,20240330
9929,1777,13,52,2854.21,20240828
9930,1163,27,10,27438.18,20240304
9931,1723,11,41,57511.58,20250108
9932,2643,12,51,627.67,20240423
9933,620,38,24,98308.71,20251108
9934,2542,33,75,74806.28,20240306
9935,2380,15,19,10993.65,20250619
9936,159,36,77,8645.98,20260324
9937,1970,17,19,13924.32,20240108
9938,2039,18,57,13251.06,20251119
9939,372,20,35,5121.66,20240205
9940,834,18,33,128.83,20250702
9941,1195,21,77,7116.15,20250512
9942,2053,17,61,11908.15,20250522
9943,2392,23,25,1606.59,20240808
9944,1533,5,77,9146.52,20240308
9945,984,29,74,5795.08,20251018
9946,1271,2,20,74652.67,20240902
9947,1320,25,27,15825.44,20240217
9948,646,36,38,1591.8,20250120
9949,1920,30,56,13539.21,20250715
9950,2826,28,69,3093.81,20240330
9951,1709,31,3,111249.22,20250730
9952,2017,35,12,17760.63,20250823
9953,1265,33,4,14288.95,20251206
9954,1410,12,28,14685.6,20240602
9955,475,36,21,6416.65,20240409
9956,623,33,66,107635.43,20241123
9957,2494,2,47,14793.37,20241113
9958,1530,33,39,50850.28,20240125
9959,357,1,34,14940.66,20251104
9960,1159,2,68,4055.74,20260216
9961,1358,25,29,92657.7,20250327
9962,2139,19,15,17405.26,20260205
9963,1318,4,23,1230.57,20240715
9964,1953,4,19,9470.72,20250506
9965,2223,5,43,4144.32,20241121
9966,1271,24,61,7112.97,20250424
9967,827,7,51,13514.32,20250627
9968,410,22,36,32400.19,20250124
9969,2396,33,74,4062.3,20241107
9970,2722,19,54,16892.3,20241220
9971,945,11,3,11127.59,20240719
9972,2730,22,71,137054.13,20240215
9973,2715,23,31,42566.15,20250103
9974,514,24,69,1044.97,20250316
9975,2446,15,9,88312.32,20250902
9976,1031,29,26,105113.69,20260223
9977,2519,34,49,1147.33,20240629
9978,2259,4,21,7057.13,20260305
9979,74,35,39,147.8,20250628
9980,2767,10,58,14350.85,20251121
9981,755,18,51,68044.71,20240805
9982,2799,39,13,10045.91,20240712
9983,686,23,34,76519.83,20251006
9984,2075,18,3,87745.35,20250826
9985,310,27,8,54515.91,20250331
9986,2971,15,15,14851.76,20250729
9987,2486,28,26,124668.67,20241112
9988,908,16,79,12149.87,20250103
9989,828,29,42,132281.87,20241124
9990,1539,30,24,4104.34,20250713
9991,2626,3,18,24153.05,20240124
9992,2904,35,11,69290.77,20250520
9993,2618,33,19,1217.05,20240209
9994,1096,34,68,40471.01,20260203
9995,2000,34,34,10075.02,20251022
9996,333,3,21,4584.87,20241220
9997,2605,9,69,6560.44,20240423
9998,2958,38,36,5157.32,20250131
9999,2423,32,80,7876.89,20251027
10000,815,10,1,12436.42,20260131
10001,1503,30,1,7689.64,20240323
10002,774,15,2,125677.73,20260103
10003,1116,24,73,4067.65,20250930
10004,2829,31,38,73834.35,20240526
10005,2018,14,15,4086.86,20251120
10006,585,15,3,101986.58,20240112
10007,2815,15,78,8629.49,20260320
10008,1228,8,45,10267.34,20251020
10009,2202,11,10,4874.25,20250424
10010,2073,19,30,18172.49,20240915
10011,1069,31,44,5670.19,20241104
10012,606,36,19,910.55,20250611
10013,400,6,30,12886.63,20250725
10014,1340,35,4,104882.59,20250818
10015,1985,15,49,4160.29,20240526
10016,584,28,67,1808.59,20241028
10017,2926,35,57,4686.79,20251008
10018,817,10,17,8942.97,20240619
10019,1072,19,18,396.68,20250916
10020,117,20,46,4838.32,20241026
10021,740,21,72,8694.97,20250923
10022,2977,22,4,3316.96,20260108
10023,2654,23,69,2391.96,20241228
10024,2793,17,31,12448.59,20260203
10025,1941,25,35,10678.35,20240629
10026,1062,32,12,1399.6,20250809
10027,271,10,38,4350.67,20251018
10028,2959,28,53,49366.14,20240314
10029,1068,16,61,5031.06,20241225
10030,1318,26,25,3362.83,20260225
10031,1087,31,46,9825.04,20240502
10032,454,4,58,147146.93,20251111
10033,2711,13,80,93392.21,20240527
10034,2181,7,34,8574.58,20240519
10035,740,29,36,12071.81,20250608
10036,1529,38,78,79265.07,20241008
10037,1999,13,30,19917.13,20240119
10038,945,13,48,4175.38,20260328
10039,402,39,32,2527.72,20240704
10040,238,22,68,7986.66,20251026
10041,704,35,51,124749.15,20240920
10042,204,2,46,39396.72,20240308
10043,1153,19,78,113163.38,20250524
10044,934,10,13,34685.7,20250517
10045,1221,5,65,22093.63,20240910
10046,16,38,27,9393.83,20241013
10047,2831,26,36,109264.11,20250919
10048,805,40,44,4045.13,20250905
10049,1330,9,54,3293.57,20240417
10050,333,35,78,4172.41,20250410
10051,1957,11,27,74735.1,20260122
10052,1690,15,24,1773.57,20240404
10053,2634,29,45,2846.66,20260124
10054,1223,14,62,5900.72,20240309
10055,1400,15,29,6809.05,20241013
10056,2412,30,77,115075.39,20250131
10057,1885,18,32,14071.63,20240520
10058,1643,18,5,73221.05,20240221
10059,852,36,75,96636.0,20240626
10060,838,24,54,40541.66,20250517
10061,445,30,71,3148.36,20240317
10062,1570,37,68,14965.17,20240525
10063,2754,23,7,2245.15,20241202
10064,2611,14,39,16974.54,20260326
10065,2144,1,5,63557.72,20250225
10066,2771,26,76,58240.84,20250923
10067,1633,7,50,48906.05,20251024
10068,2877,3,70,17355.6,20260118
10069,2333,25,30,94547.69,20240515
10070,1856,15,80,14781.01,20250516
10071,525,26,2,6399.57,20250116
10072,1480,17,2,12065.69,20250408
10073,802,15,65,25677.59,20251227
10074,1882,10,70,26615.14,20240308
10075,1922,32,62,121.91,20251019
10076,2974,26,16,13305.26,20260113
10077,2893,37,55,3896.43,20250228
10078,2263,9,72,25217.42,20240624
10079,2783,25,56,3026.53,20240702
10080,1335,40,47,77932.07,20250227
10081,751,23,64,37467.38,20250223
10082,2231,13,26,5181.9,20240811
10083,2991,2,80,42823.55,20251120
10084,1620,5,59,112542.26,20240710
10085,2285,29,38,119607.86,20250812
10086,2327,17,8,38317.97,20241118
10087,1229,4,80,23358.26,20241125
10088,2818,10,76,2223.37,20250201
10089,1029,8,65,9456.58,20250831
10090,2874,35,6,129321.73,20240320
10091,469,3,4,4252.24,20260101
10092,1930,25,6,73821.34,20250805
10093,102,16,56,3504.81,20240115
10094,2096,14,32,62972.92,20240810
10095,122,7,22,5474.04,20240524
10096,2884,7,19,146332.55,20251101
10097,2649,37,33,3370.97,20240921
10098,2332,22,34,2054.56,20240712
10099,1283,19,50,3605.9,20251212
10100,2296,20,39,50470.65,20250920
10101,2456,12,53,142198.43,20240127
10102,1975,32,20,10469.08,20250922
10103,2975,23,13,14558.75,20251110
10104,1661,24,31,10694.26,20240111
10105,2165,19,58,43264.95,20250109
10106,88,37,71,72365.94,20250819
10107,914,31,10,2804.81,20240511
10108,242,7,29,4609.95,20250815
10109,2517,29,50,5451.16,20250707
10110,2109,2,25,4506.98,20250423
10111,1887,31,80,33064.96,20251021
10112,2218,22,10,41025.1,20251118
10113,1397,33,33,10721.81,20250930
10114,1850,4,30,79240.71,20250814
10115,2999,32,26,116713.27,20250418
10116,126,36,12,4720.79,20240104
10117,676,27,79,106800.66,20240717
10118,33,9,27,52675.32,20240506
10119,2853,36,50,18669.54,20240204
10120,2853,13,29,2777.33,20240627
10121,275,20,22,93035.51,20250620
10122,1794,26,60,9770.27,20241018
10123,899,3,41,103119.75,20250513
10124,447,27,9,58120.99,20240913
10125,728,5,20,140797.62,20240329
10126,2345,17,61,3673.51,20250414
10127,1122,7,42,148788.99,20250418
10128,1361,34,35,112011.47,20240210
10129,2005,9,8,4293.63,20240608
10130,1351,10,30,93445.01,20250517
10131,2908,11,14,33791.4,20260105
10132,2625,9,17,111468.25,20250718
10133,2419,13,10,85570.14,20240215
10134,126,14,42,1113.7,20250420
10135,1678,32,22,26772.84,20250610
10136,1681,16,59,58834.65,20240205
10137,506,17,48,62865.66,20241209
10138,2803,35,43,3112.46,20251121
10139,2558,8,49,8598.79,20250526
10140,1937,13,38,77798.85,20240607
10141,1482,7,18,4639.06,20250305
10142,2483,23,41,16885.39,20250222
10143,146,39,43,71213.31,20240417
10144,1369,26,61,30280.9,20240422
10145,1818,14,35,56366.3,20250920
10146,2489,26,69,13508.24,20240513
10147,691,36,42,1808.57,20241003
10148,1640,23,38,24012.89,20250926
10149,1326,35,67,1339.98,20250528
10150,2845,25,74,9408.66,20251009
10151,2248,34,70,5282.96,20250816
10152,2546,35,39,95207.09,20241022
10153,159,33,50,101538.41,20250209
10154,2340,39,40,15240.82,20240205
10155,544,35,73,5835.26,20251021
10156,768,32,60,11689.76,20240119
10157,2061,22,30,3715.93,20250629
10158,903,38,50,3279.11,20250816
10159,578,38,18,78346.21,20241219
10160,415,10,58,5064.39,20241110
10161,919,1,29,12825.89,20260317
10162,2131,33,34,785.52,20250101
10163,1731,3,36,5253.62,20240321
10164,2752,6,42,15284.96,20240511
10165,2651,23,2,53852.97,20241113
10166,1670,2,10,13706.76,20260213
10167,15,16,62,12647.6,20240405
10168,2006,8,80,10496.81,20260131
10169,1244,26,2,14161.16,20251223
10170,705,10,6,44738.87,20250520
10171,1223,11,39,3210.64,20251122
10172,1823,28,27,2436.3,20240318
10173,1122,3,11,19998.85,20240312
10174,979,14,21,50006.69,20240914
10175,1741,29,45,19546.3,20250703
10176,2055,13,49,5108.44,20250916
10177,143,34,13,1110.84,20240603
10178,781,18,75,10394.41,20241229
10179,2818,3,9,13365.32,20240102
10180,1924,4,21,33530.39,20250611
10181,2546,21,50,3517.5,20240821
10182,366,25,36,89961.12,20240824
10183,2082,12,31,30038.75,20240130
10184,813,37,56,15589.81,20251009
10185,1835,32,28,78086.51,20251118
10186,1048,38,22,5357.93,20240609
10187,1012,27,40,41540.22,20240329
10188,2118,40,37,111260.4,20240314
10189,2411,10,58,22611.98,20250209
10190,1501,27,80,139971.24,20240128
10191,1567,31,55,13492.42,20240620
10192,912,34,10,2347.97,20241010
10193,193,33,51,15414.67,20250727
10194,1107,4,39,11252.76,20250329
10195,1091,35,19,9372.09,20240530
10196,1731,36,51,6644.47,20240607
10197,1009,37,4,4589.36,20241031
10198,1612,1,46,40826.33,20250419
10199,2527,34,27,29330.25,20240811
10200,1556,39,29,56906.79,20250120
10201,760,12,33,7613.67,20250508
10202,2834,2,69,41201.21,20241115
10203,435,3,65,9966.07,20260227
10204,654,4,75,8819.89,20240418
10205,1891,37,77,132662.32,20250720
10206,301,3,53,10222.1,20250601
10207,1422,6,2,14133.36,20250414
10208,1743,13,19,13781.35,20250726
10209,2062,34,10,95150.23,20250206
10210,1131,25,45,6297.98,20240612
10211,2862,35,54,100036.89,20251006
10212,105,8,46,9278.02,20240705
10213,1981,20,60,2561.39,20260116
10214,2381,9,3,137.99,20250306
10215,1558,15,4,13436.45,20240716
10216,2760,14,61,68252.72,20240906
10217,2825,17,26,3005.21,20250131
10218,1497,5,21,36060.28,20240819
10219,1473,37,54,19645.55,20241114
10220,2471,9,38,3568.7,20241228
10221,235,21,41,5753.59,20240210
10222,1635,27,2,60996.61,20240123
10223,2371,11,34,2825.16,20240215
10224,2064,24,68,95294.13,20251030
10225,1535,4,22,4446.36,20240607
10226,1600,3,21,625.82,20250709
10227,746,6,33,3085.37,20251218
10228,1434,38,13,85765.86,20250207
10229,1499,36,25,2804.45,20260222
10230,283,36,29,12244.31,20260128
10231,2619,20,37,4747.82,20250201
10232,2871,32,7,4336.05,20250422
10233,1763,30,71,1542.8,20240525
10234,1621,5,14,97660.34,20260331
10235,2304,27,1,14068.52,20250212
10236,2752,36,57,147411.82,20241110
10237,1711,37,10,7907.46,20250314
10238,2770,25,13,4669.75,20240610
10239,932,39,38,11485.99,20250427
10240,1870,9,64,3625.12,20240602
10241,2516,38,40,5939.66,20250824
10242,625,2,38,129186.87,20260325
10243,2277,35,69,3296.75,20241117
10244,1736,20,29,24244.29,20250720
10245,2141,5,39,6691.32,20250205
10246,1449,30,26,2384.65,20250812
10247,2594,29,74,69851.37,20241216
10248,537,23,55,148689.07,20251020
10249,513,15,21,19108.15,20240122
10250,884,6,51,4376.14,20250216
10251,2046,11,74,56928.12,20250908
10252,2785,24,75,71124.85,20250419
10253,448,6,62,6262.06,20250526
10254,160,7,74,19427.18,20240929
10255,1410,15,63,77354.2,20251007
10256,1160,4,53,50881.46,20240811
10257,2410,17,50,3133.1,20240205
10258,2543,31,21,37497.71,20250301
10259,2854,16,28,122461.07,20250531
10260,1554,32,26,65722.9,20240701
10261,2117,21,25,47336.66,20260326
10262,518,3,56,11840.86,20240314
10263,1839,23,59,2826.03,20250921
10264,2396,24,39,4956.8,20250308
10265,299,25,70,124749.32,20240116
10266,2405,17,46,143764.85,20260225
10267,1565,27,4,2100.22,20260312
10268,173,28,51,10601.68,20241225
10269,1359,4,5,18313.28,20250715
10270,2847,26,69,62611.87,20250425
10271,621,4,3,9659.83,20240602
10272,2954,31,58,13975.91,20241220
10273,1115,33,8,53127.66,20241031
10274,864,10,1,43070.0,20240103
10275,1914,12,9,14993.99,20250716
10276,1758,31,4,1384.24,20260111
10277,2502,8,11,14063.93,20250515
10278,964,38,50,9926.52,20240530
10279,1495,35,1,8104.2,20250210
10280,1467,7,29,8424.24,20250301
10281,671,1,20,16071.18,20251220
10282,2806,2,13,65637.61,20240305
10283,2860,37,49,4303.14,20251227
10284,1987,19,68,3051.18,20240923
10285,1625,5,72,10386.55,20240929
10286,1237,6,60,5571.36,20250330
10287,851,19,15,109763.27,20241105
10288,1759,6,77,126950.81,20250120
10289,698,16,75,44157.47,20240815
10290,470,38,62,51541.45,20240111
10291,796,11,14,2149.52,20260221
10292,2894,12,72,64157.85,20250529
10293,1950,22,10,39505.12,20251115
10294,2193,14,8,3137.97,20250620
10295,2567,26,61,22408.9,20241215
10296,2461,1,35,50073.38,20240325
10297,359,24,75,3920.03,20240203
10298,1959,18,11,11805.72,20240612
10299,1439,32,24,37888.45,20250207
10300,2092,22,4,25595.91,20240609
10301,1279,21,13,4807.4,20250612
10302,2476,12,21,66011.84,20250817
10303,2829,17,34,24844.28,20240701
10304,1770,6,45,11038.66,20250213
10305,525,25,76,101841.37,20251211
10306,2766,26,70,12577.22,20251218
10307,2298,27,44,1922.11,20240711
10308,724,8,62,2817.05,20240812
10309,249,5,66,25950.3,20250121
10310,157,8,58,9159.06,20251015
10311,455,31,29,1029.42,20250521
10312,804,32,34,14510.33,20250328
10313,1467,15,56,18171.1,20251208
10314,2378,34,62,2886.69,20250118
10315,1964,37,21,7894.94,20240710
10316,2902,37,79,20238.7,20240925
10317,285,10,11,3805.95,20240314
10318,2877,5,50,2452.6,20240704
10319,1946,39,64,2292.92,20251207
10320,1198,40,22,3114.99,20260118
10321,2190,1,71,3659.49,20240117
10322,2371,2,29,128471.04,20240120
10323,2196,17,9,4202.43,20240831
10324,371,34,77,12216.39,20240910
10325,948,5,76,22233.65,20250508
10326,2128,12,68,38547.06,20250707
10327,862,3,39,140873.93,20240315
10328,1922,33,3,17141.55,20250603
10329,1984,30,79,634.16,20260129
10330,1887,3,78,5993.56,20260105
10331,612,38,80,88883.5,20250112
10332,1322,5,29,19116.91,20250620
10333,2569,17,69,4321.95,20250416
10334,2386,18,22,12321.08,20240504
10335,170,15,72,1105.38,20240918
10336,1358,1,68,14354.66,20260322
10337,424,1,67,12323.23,20251010
10338,997,18,78,55547.77,20241128
10339,1626,36,58,76336.07,20251121
10340,1028,32,64,4139.52,20241212
10341,2241,21,58,4306.52,20250607
10342,778,22,61,10969.7,20250112
10343,459,23,16,2054.02,20260103
10344,2131,31,33,3447.49,20250914
10345,826,25,72,6899.69,20260225
10346,1413,5,50,65487.33,20251213
10347,2518,27,7,9622.34,20251231
10348,476,25,37,108556.71,20241215
10349,103,28,9,133408.55,20240901
10350,2676,30,67,21777.79,20250505
10351,662,31,53,3295.27,20241123
10352,256,19,63,35514.9,20240811
10353,2167,13,44,56565.41,20240126
10354,835,34,35,3304.25,20250727
10355,2963,24,15,62824.77,20250908
10356,2931,39,48,1034.79,20240311
10357,752,37,73,24368.5,20240907
10358,1714,36,67,1818.65,20240506
10359,1940,11,7,54270.39,20250523
10360,2039,33,66,22248.98,20250730
10361,1907,25,80,55927.76,20240525
10362,1456,14,77,6668.69,20241015
10363,833,32,56,44071.46,20240119
10364,1520,20,1,72187.2,20260128
10365,2424,10,44,8164.63,20250831
10366,1626,1,71,40998.64,20240712
10367,2739,32,23,2028.19,20251025
10368,2227,2,22,3288.93,20250804
10369,1754,22,58,83676.53,20241228
10370,1757,27,7,54919.76,20250703
10371,287,16,56,45880.48,20250315
10372,1693,35,5,117150.22,20251207
10373,2098,3,38,3750.93,20240318
10374,1451,14,16,13716.58,20240904
10375,2406,19,9,11991.65,20241105
10376,2157,27,29,4131.9,20240617
10377,21,12,29,2169.66,20251110
10378,380,37,18,3055.32,20260115
10379,715,37,9,2797.06,20250725
10380,1322,20,20,234.03,20251218
10381,1441,34,12,31164.12,20240119
10382,2355,4,43,79767.77,20251002
10383,145,30,74,2968.25,20240810
10384,2158,18,26,72516.87,20250611
10385,1122,10,79,122843.37,20250129
10386,1954,26,29,31784.38,20240729
10387,29,27,13,5978.35,20260116
10388,965,28,23,10346.62,20240604
10389,192,9,68,1312.51,20251022
10390,16,30,18,49473.05,20240113
10391,2000,33,14,7207.14,20240222
10392,1197,32,50,2525.71,20251103
10393,2668,33,6,8614.02,20250303
10394,2828,34,61,1521.08,20240923
10395,2884,17,31,62410.02,20250411
10396,1440,28,22,4806.69,20241124
10397,2905,26,50,846.51,20250702
10398,1257,37,1,7710.72,20250513
10399,2648,39,14,143470.98,20240403
10400,403,20,13,49436.75,20250722
10401,2549,20,8,3952.53,20250114
10402,2480,22,56,5351.56,20250605
10403,2307,18,77,66697.22,20250130
10404,2872,30,60,108820.11,20260201
10405,273,5,38,1905.95,20260220
10406,2858,12,79,1635.6,20240324
10407,2577,7,4,13352.44,20240126
10408,2942,11,3,2209.22,20250830
10409,1881,9,24,3381.93,20240421
10410,1048,10,4,71459.77,20240815
10411,347,36,47,18521.39,20241031
10412,1945,12,15,79223.02,20250608
10413,852,13,59,4805.03,20240601
10414,2612,14,9,1645.37,20240411
10415,2367,38,47,7224.93,20240917
10416,1489,11,42,116730.29,20251130
10417,1305,40,74,1662.05,20240909
10418,432,16,54,2678.93,20241003
10419,2020,19,37,5045.04,20250714
10420,2100,20,52,111.16,20250707
10421,2664,21,39,51716.22,20240926
10422,2828,22,49,60358.99,20250106
10423,2036,32,74,4246.05,20260310
10424,69,1,55,2412.78,20241230
10425,1181,23,1,47960.89,20250617
10426,2644,26,78,107743.91,20251107
10427,189,17,61,5815.76,20250509
10428,2492,26,71,14646.89,20240304
10429,1456,29,68,4558.23,20240225
10430,747,24,34,1454.6,20240131
10431,1131,31,76,10471.74,20240507
10432,825,16,49,1287.96,20251006
10433,634,8,4,1202.1,20240206
10434,2338,19,50,42153.37,20260209
10435,1255,14,3,6524.66,20240711
10436,809,8,54,74988.14,20250323
10437,1324,13,74,13123.78,20250117
10438,2612,38,54,32052.58,20241210
10439,331,14,10,65408.6,20240716
10440,192,8,6,13879.01,20260105
10441,784,36,4,90551.63,20250427
10442,2046,36,77,113710.96,20260128
10443,2832,29,2,2334.26,20250808
10444,2087,20,26,17313.08,20250316
10445,1313,5,70,75360.24,20250319
10446,271,32,18,49270.35,20250629
10447,443,18,7,9489.1,20240215
10448,943,8,80,1593.93,20250902
10449,1960,33,37,12225.88,20240928
10450,1996,10,48,3003.45,20240807
10451,951,24,67,747.48,20241210
10452,73,12,24,8994.81,20240605
10453,458,39,18,272.94,20240112
10454,248,32,30,10189.54,20250212
10455,1492,4,45,5967.88,20251207
10456,2884,30,49,12705.98,20240404
10457,1718,17,40,27565.0,20250130
10458,2894,18,33,2118.3,20250503
10459,165,19,23,11511.65,20250528
10460,423,20,42,136159.72,20250924
10461,2428,26,35,9793.02,20250622
10462,1388,6,57,1922.22,20250518
10463,28,15,57,11557.67,20240312
10464,1410,14,64,79359.47,20250223
10465,1260,39,10,76642.58,20240715
10466,127,11,33,27868.37,20260217
10467,296,29,60,6663.8,20260320
10468,1630,9,48,12086.94,20250202
10469,1929,19,39,7723.84,20260216
10470,2061,19,23,575.99,20260119
10471,719,32,33,41304.85,20260122
10472,2548,32,37,2016.87,20251227
10473,2751,33,56,2829.42,20250730
10474,2583,19,76,642.51,20240312
10475,2455,10,50,9799.14,20250803
10476,520,39,40,3480.76,20251205
10477,1410,37,60,27985.65,20251022
10478,802,39,67,4380.08,20240804
10479,662,11,76,327.56,20250610
10480,2033,40,79,1865.38,20240608
10481,1138,20,50,101508.5,20240824
10482,1569,2,33,124772.72,20241028
10483,2326,3,13,76359.12,20241212
10484,1526,4,22,6084.77,20260307
10485,2176,5,75,78399.81,20251002
10486,296,6,55,18784.5,20250629
10487,136,36,23,44508.51,20250128
10488,415,8,75,825.91,20250115
10489,1322,37,37,10944.38,20240625
10490,328,35,14,2302.98,20240802
10491,2678,11,21,12460.22,20240329
10492,771,12,13,56909.06,20250507
10493,913,29,36,2102.35,20240703
10494,1533,8,57,10528.67,20260215
10495,21,15,44,3812.61,20240717
10496,1607,34,12,129332.96,20250411
10497,1724,23,43,3709.66,20240316
10498,2285,10,10,64301.36,20240528
10499,1967,20,62,76442.42,20240426
10500,2766,20,37,70995.6,20240626
10501,2312,21,11,3806.14,20240411
10502,404,1,43,4948.69,20241024
10503,2126,15,67,102830.03,20240129
10504,1120,2,60,80105.18,20250911
10505,2852,3,79,71723.85,20240419
10506,2424,37,11,96834.75,20260323
10507,2047,27,67,593.45,20250723
10508,1366,17,75,87511.82,20240319
10509,276,21,56,2169.13,20250512
10510,2155,28,64,340.71,20250812
10511,2997,12,3,2721.31,20240501
10512,598,24,60,77399.66,20250111
10513,271,22,37,58858.66,20240302
10514,1635,38,72,54985.86,20240119
10515,2266,6,49,2252.2,20250710
10516,2007,36,66,14778.45,20250701
10517,479,40,52,8832.94,20241124
10518,2699,38,49,9329.82,20250414
10519,576,39,26,61140.14,20240125
10520,1577,40,49,14498.57,20251203
10521,390,40,46,12563.31,20250417
10522,1731,19,45,22847.74,20240418
10523,3000,3,8,51923.29,20240621
10524,1824,35,79,21588.35,20260217
10525,473,30,51,8318.04,20250704
10526,1623,12,55,4849.31,20250810
10527,617,37,46,18134.41,20240613
10528,487,37,71,38163.77,20240621
10529,1823,9,18,1076.47,20260102
10530,1510,38,2,52466.37,20250419
10531,877,16,59,4696.73,20250524
10532,1047,4,65,80270.55,20250428
10533,1642,9,73,4473.05,20260105
10534,212,14,75,87120.84,20250328
10535,1223,15,80,10018.22,20250820
10536,1758,14,58,73257.71,20240312
10537,147,17,58,87993.62,20240130
10538,2987,35,72,529.94,20251210
10539,1814,32,1,79181.05,20250815
10540,1951,20,9,75604.99,20250326
10541,1230,18,37,80440.0,20260201
10542,2543,10,13,527.62,20240509
10543,1933,17,5,13534.55,20250217
10544,1396,17,19,71052.83,20260117
10545,2110,25,66,1335.39,20250826
10546,972,13,4,4725.85,20240303
10547,2256,3,43,33602.94,20250708
10548,2251,28,64,30895.09,20260319
10549,2231,26,67,13868.18,20250905
10550,2437,18,65,4996.39,20240409
10551,1225,29,34,55986.27,20260319
10552,779,32,69,4412.3,20240623
10553,677,1,39,146162.19,20240917
10554,384,32,38,5933.87,20250417
10555,2232,20,7,1995.54,20250711
10556,615,36,4,8991.77,20240327
10557,155,11,35,10264.03,20251115
10558,415,4,59,4186.06,20240417
10559,95,26,79,43217.96,20240413
10560,379,18,61,35652.76,20240704
10561,194,5,40,59835.94,20240609
10562,536,2,28,65396.54,20250828
10563,1217,3,45,48883.53,20260203
10564,1600,4,74,17241.1,20251219
10565,2014,5,36,116861.33,20251225
10566,2016,5,68,137967.69,20240520
10567,1779,20,35,47705.19,20240207
10568,1815,8,37,2989.66,20240803
10569,2559,9,56,9772.83,20250813
10570,607,5,33,1079.81,20251216
10571,1141,11,72,19068.41,20240411
10572,2718,20,77,69759.07,20250323
10573,2026,13,67,4146.84,20240111
10574,709,15,34,4258.92,20241025
10575,1705,20,73,6304.02,20240228
10576,1289,7,54,728.19,20240510
10577,1148,37,47,1693.87,20240129
10578,910,24,55,24770.4,20240929
10579,894,6,65,35618.13,20250208
10580,2999,25,27,101042.54,20240522
10581,1462,40,62,1833.95,20250520
10582,1293,30,46,55514.07,20250423
10583,1729,26,57,5966.19,20251106
10584,381,24,66,145347.99,20260101
10585,2976,1,28,8163.52,20250821
10586,662,26,33,27631.73,20240525
10587,2784,27,37,4392.24,20240519
10588,390,28,37,687.98,20250212
10589,2544,29,7,86779.99,20241118
10590,2532,13,55,12799.03,20240412
10591,1640,21,77,470.18,20241026
10592,1972,14,80,45269.75,20240820
10593,149,35,28,94965.45,20240203
10594,203,3,76,31860.96,20250709
10595,1325,35,48,1824.81,20240804
10596,1128,36,78,1126.47,20250316
10597,612,3,72,18144.39,20260115
10598,784,7,19,9199.86,20240103
10599,1462,24,74,7517.59,20250810
10600,2489,8,56,73475.78,20240312
10601,888,3,16,63949.33,20260331
10602,1927,14,17,522.68,20251023
10603,620,13,69,8317.24,20240911
10604,1096,40,16,34768.39,20241020
10605,2681,5,40,2939.77,20240313
10606,408,19,53,691.22,20240305
10607,1554,7,64,42398.63,20240701
10608,501,35,33,2443.25,20240626
10609,1485,38,77,1310.8,20240728
10610,361,10,14,140501.95,20240817
10611,306,12,40,2785.94,20260308
10612,1562,25,17,24136.04,20251113
10613,2845,12,11,34463.64,20240725
10614,1057,14,50,4177.89,20241009
10615,1717,9,2,10148.69,20241025
10616,1128,19,33,11061.09,20250720
10617,820,4,4,68395.79,20250925
10618,828,13,48,1551.52,20240421
10619,1002,40,36,1134.46,20251211
10620,455,1,58,70327.06,20241224
10621,582,21,34,8037.18,20250702
10622,1745,25,12,11331.28,20250602
10623,1395,32,79,4375.11,20251127
10624,1964,3,77,110778.58,20240105
10625,2317,25,68,7737.32,20240510
10626,1018,26,57,46977.58,20260325
10627,2466,12,67,12336.72,20240806
10628,2365,20,63,52115.4,20250711
10629,744,29,26,2651.11,20240322
10630,782,15,73,12353.98,20260328
10631,698,10,69,40953.92,20250331
10632,1707,40,49,2685.63,20241225
10633,2275,19,40,35971.08,20240628
10634,1576,34,11,80422.26,20240120
10635,2141,11,80,51166.83,20250526
10636,1164,15,42,15981.95,20241001
10637,1280,37,76,49306.65,20250613
10638,2730,40,50,2993.65,20240816
10639,1730,39,19,6488.32,20240528
10640,563,31,65,3138.91,20250905
10641,1051,27,2,1465.19,20260320
10642,2604,35,53,54782.21,20251026
10643,1477,31,77,13553.17,20250129
10644,467,12,78,134015.76,20250612
10645,2129,9,59,6249.37,20241018
10646,2978,6,16,2749.1,20260120
10647,454,15,52,117373.65,20240926
10648,1929,8,13,28266.14,20250401
10649,1272,9,15,2757.66,20241017
10650,8,13,12,78133.7,20251214
10651,1933,23,66,15823.73,20240422
10652,2115,12,34,754.36,20251109
10653,2618,2,34,76458.14,20240430
10654,720,39,73,1697.25,20240403
10655,2606,31,40,667.85,20240421
10656,1736,15,51,65809.78,20250118
10657,892,31,4,2737.92,20250530
10658,672,18,59,39403.62,20251227
10659,1486,19,66,3313.97,20240615
10660,31,15,48,13322.26,20240520
10661,2528,29,80,2677.51,20240903
10662,2794,12,34,2161.48,20260323
10663,1500,37,60,834.22,20240202
10664,1488,37,80,22472.38,20260222
10665,1467,25,22,12244.91,20241117
10666,1977,12,47,40261.81,20250325
10667,1455,21,41,15967.9,20241017
10668,1317,28,65,2904.74,20240208
10669,2367,29,77,141338.11,20260314
10670,2307,16,32,10195.88,20251130
10671,966,28,28,3413.17,20251204
10672,2566,32,11,4518.95,20240104
10673,1450,23,62,146760.01,20260122
10674,1533,8,51,4183.98,20250901
10675,2830,31,35,2962.1,20241222
10676,2035,36,63,60428.25,20240729
10677,871,16,67,4314.72,20240117
10678,523,33,59,13522.59,20240225
10679,2059,39,3,3436.09,20241207
10680,274,36,53,4169.32,20260222
10681,764,31,50,8646.73,20240705
10682,1117,4,2,2285.98,20250418
10683,1,36,72,4400.22,20240402
10684,115,24,12,65317.35,20250406
10685,1103,37,57,523.43,20250825
10686,2474,28,35,64030.4,20240121
10687,1937,5,23,26546.43,20251209
10688,1713,8,42,28220.63,20241021
10689,1066,9,57,9763.28,20240705
10690,756,10,47,65580.88,20260114
10691,124,15,77,9788.09,20240822
10692,1777,21,16,4216.14,20240317
10693,841,13,8,16174.52,20240530
10694,2816,31,10,47356.16,20240130
10695,1571,30,2,83470.92,20260224
10696,41,22,8,70632.16,20250128
10697,392,17,30,6150.41,20241229
10698,91,7,38,46375.23,20241009
10699,84,19,67,5843.64,20250927
10700,1316,20,59,135437.1,20240715
10701,1775,21,46,60400.75,20241024
10702,2906,22,32,16631.6,20251028
10703,426,23,71,30259.91,20250719
10704,1516,15,42,37321.8,20250128
10705,839,40,53,40379.13,20250703
10706,111,27,79,8646.44,20250221
10707,2092,18,57,39680.13,20250219
10708,331,32,73,14451.43,20240808
10709,425,29,32,8864.58,20250801
10710,2656,39,33,117162.23,20240919
10711,2672,20,43,48296.63,20250419
10712,1075,32,8,131484.01,20250529
10713,240,31,15,65680.54,20240827
10714,2816,34,20,54171.75,20241203
10715,313,29,53,36644.03,20240317
10716,2092,36,70,149963.4,20240202
10717,2655,31,68,90158.68,20251212
10718,1167,33,35,2575.54,20240215
10719,1046,15,18,84059.12,20240916
10720,367,5,73,8415.83,20240517
10721,32,24,17,2062.05,20240329
10722,2152,9,10,65967.95,20260213
10723,1229,12,2,7157.93,20240331
10724,2221,31,54,1818.68,20250608
10725,1263,5,57,60855.8,20240419
10726,1511,28,75,17007.66,20250603
10727,1143,23,37,10863.72,20260212
10728,184,32,26,2836.86,20260109
10729,296,39,6,9537.07,20251229
10730,1849,10,13,2292.95,20250427
10731,2828,30,41,95371.28,20241122
10732,2228,23,9,4776.06,20241204
10733,2722,13,34,9044.43,20240210
10734,551,14,59,17483.83,20250429
10735,2198,7,68,125628.71,20250618
10736,193,3,42,3022.31,20260213
10737,2193,30,6,139672.98,20241121
10738,2836,30,53,38732.62,20240816
10739,1960,9,48,14464.71,20250220
10740,124,32,1,70920.79,20250126
10741,880,32,17,46087.5,20250425
10742,1867,22,20,91478.86,20250104
10743,1786,23,50,2074.96,20260127
10744,2820,24,30,8314.42,20260225
10745,241,17,22,41984.15,20250731
10746,2811,26,51,90481.73,20260126
10747,2932,26,65,76027.59,20251007
10748,2480,16,19,11700.04,20250602
10749,940,29,5,51761.93,20251118
10750,1960,14,39,36383.69,20240407
10751,1032,1,37,3916.83,20250302
10752,102,20,38,36102.03,20240921
10753,376,25,37,8392.14,20240808
10754,256,34,57,9994.76,20240224
10755,1089,8,17,809.45,20250327
10756,1617,36,65,51656.67,20251120
10757,1336,1,17,10711.54,20250702
10758,2570,33,65,54998.79,20240409
10759,1129,39,8,1163.42,20240524
10760,2300,29,60,1714.58,20240119
10761,1736,26,57,3454.69,20250904
10762,2139,28,8,1466.51,20241118
10763,147,3,48,60260.4,20260101
10764,2357,4,38,29195.68,20241004
10765,2034,38,22,5902.09,20250323
10766,2948,21,19,800.61,20240307
10767,2103,4,75,32056.29,20240505
10768,2922,31,18,10350.27,20251216
10769,1791,9,41,14974.3,20260301
10770,897,10,42,80138.48,20240909
10771,2887,17,71,11869.99,20250822
10772,1244,16,50,22108.89,20240206
10773,1602,22,32,19579.76,20251019
10774,32,6,69,132226.19,20240902
10775,1156,15,55,10700.42,20240618
10776,144,5,74,2292.91,20240306
10777,1540,17,79,14994.41,20240310
10778,2852,21,25,58674.35,20250810
10779,463,19,3,19822.32,20260303
10780,1965,4,30,46506.82,20250728
10781,831,5,23,59105.69,20251231
10782,2706,25,13,1918.43,20240619
10783,326,23,9,19296.71,20251123
10784,274,24,80,97926.23,20240612
10785,2238,2,6,3973.0,20240805
10786,2662,26,65,1544.85,20240828
10787,2843,30,30,9155.84,20260312
10788,1506,19,14,116540.28,20250417
10789,1516,29,62,8701.3,20241111
10790,2495,1,25,4845.33,20241211
10791,1225,13,31,6393.65,20250821
10792,1043,24,20,14084.5,20250608
10793,1190,40,33,4131.83,20241127
10794,292,34,31,928.44,20241215
10795,1439,34,56,115733.62,20240531
10796,778,14,2,5086.29,20260122
10797,931,37,16,8837.52,20251005
10798,2853,27,61,2513.97,20240730
10799,511,24,23,27035.49,20240703
10800,314,40,75,1989.93,20240430
10801,885,4,65,14224.07,20250716
10802,897,2,77,2965.28,20240806
10803,2477,3,78,19118.25,20251026
10804,87,4,66,75611.94,20250308
10805,2692,33,16,11456.85,20250220
10806,836,34,54,684.11,20240829
10807,1513,36,2,78820.52,20240911
10808,1852,38,56,4895.52,20250621
10809,2280,4,23,1506.81,20250221
10810,1120,10,26,34761.17,20240924
10811,2959,25,35,18732.87,20250626
10812,2972,38,24,4826.82,20251208
10813,2363,13,63,243.48,20240528
10814,627,17,71,1352.67,20240528
10815,1234,35,74,11272.82,20240402
10816,1646,16,78,63160.24,20240731
10817,1605,33,49,7049.42,20250929
10818,437,18,32,13704.21,20260107
10819,1395,21,31,65114.27,20240915
10820,2671,27,25,9366.2,20240711
10821,1823,21,10,53875.07,20251129
10822,2430,6,38,74108.37,20250102
10823,1529,18,75,54495.2,20250202
10824,2918,8,7,8344.65,20250913
10825,393,25,2,311.94,20240429
10826,2624,38,54,17506.48,20240807
10827,2135,23,23,45864.63,20241225
10828,1484,28,39,71620.09,20250824
10829,1112,19,69,4002.64,20240120
10830,2184,30,37,113587.47,20240308
10831,1808,9,56,53316.03,20241119
10832,2860,3,65,123465.57,20250904
10833,2656,15,55,13343.6,20240827
10834,144,18,55,19340.02,20251217
10835,881,35,1,125236.63,20240913
10836,220,22,4,111892.59,20250412
10837,818,37,38,3505.25,20251119
10838,1925,32,37,3757.05,20260224
10839,918,39,65,142410.93,20251213
10840,83,26,16,5070.61,20240920
10841,2133,10,49,2712.88,20260202
10842,344,2,67,137369.92,20240801
10843,2817,27,19,7575.62,20250610
10844,551,4,12,45241.8,20241024
10845,2092,5,22,43885.67,20250205
10846,190,6,66,49491.43,20241106
10847,1796,29,33,550.16,20250801
10848,2061,9,60,11219.64,20240317
10849,423,8,76,53504.76,20260321
10850,2206,9,60,63559.87,20260127
10851,860,17,56,14123.11,20241003
10852,428,34,52,1918.52,20260121
10853,1148,15,60,3819.34,20241120
10854,1275,29,24,5660.36,20240423
10855,1865,13,16,54336.33,20251121
10856,304,16,25,90190.73,20250328
10857,2801,17,14,9142.84,20240415
10858,655,29,32,5964.27,20260327
10859,1852,2,35,13826.53,20250407
10860,1378,35,69,5384.46,20251218
10861,1106,21,32,2133.97,20250208
10862,1633,22,65,2861.05,20240203
10863,1390,33,37,78728.56,20260214
10864,615,24,1,101303.6,20241016
10865,2852,22,59,94986.41,20250827
10866,2781,27,50,14344.67,20240311
10867,2320,32,69,94399.54,20250818
10868,132,32,75,34145.86,20260101
10869,2323,35,77,12147.34,20260101
10870,2699,37,66,65987.07,20250526
10871,997,1,14,4738.16,20251217
10872,1149,32,25,35286.11,20240513
10873,2785,33,49,50715.94,20260320
10874,1172,21,53,120798.25,20250508
10875,593,22,3,59552.87,20240701
10876,1909,34,37,1595.14,20250126
10877,1534,17,62,13217.62,20240112
10878,523,37,20,3533.73,20240130
10879,2711,7,38,1588.52,20240814
10880,789,33,8,68809.43,20241018
10881,1890,12,35,1304.99,20260107
10882,1214,37,52,40398.6,20250719
10883,2014,3,44,120095.72,20241120
10884,447,4,20,3174.0,20241118
10885,1302,35,7,58688.43,20240328
10886,754,6,64,6379.06,20240630
10887,2826,7,25,28479.24,20251018
10888,244,20,2,89481.59,20240118
10889,608,15,72,109359.89,20241011
10890,1798,13,23,1700.42,20240210
10891,2992,9,39,5514.69,20251225
10892,2427,12,6,82087.74,20260105
10893,2097,32,8,12809.03,20240101
10894,1670,14,49,15422.16,20240711
10895,447,8,66,117260.22,20250118
10896,462,16,22,990.14,20241021
10897,105,17,23,68451.49,20240320
10898,2955,8,28,70854.69,20240610
10899,557,35,41,95095.95,20251129
10900,765,21,5,13516.35,20241016
10901,1101,40,11,15312.6,20251231
10902,2828,39,75,130258.36,20240223
10903,377,23,79,4131.3,20240525
10904,2713,35,12,2561.79,20241031
10905,2605,8,80,14051.14,20240909
10906,2560,30,78,56576.09,20240505
10907,1666,27,14,4357.25,20250512
10908,421,28,36,125953.32,20260204
10909,2830,4,11,115110.21,20250321
10910,1236,36,67,2535.61,20240102
10911,1075,25,19,4094.18,20250220
10912,2241,32,23,9816.77,20250922
10913,1508,33,73,3666.53,20260224
10914,1529,9,7,99287.18,20240513
10915,2817,40,13,46069.47,20250225
10916,584,40,40,9171.2,20240314
10917,936,37,74,84907.71,20240409
10918,828,38,22,36978.06,20260327
10919,1863,30,26,62923.14,20250820
10920,2245,36,56,6544.55,20250311
10921,2915,9,19,2914.38,20240303
10922,185,2,19,3537.91,20241022
10923,1599,34,33,117535.16,20250314
10924,1308,9,22,82634.61,20240412
10925,2124,5,3,12162.26,20240925
10926,2642,35,24,756.34,20241206
10927,1941,22,56,91407.54,20241016
10928,2774,8,62,50943.05,20250417
10929,1640,7,41,11841.87,20240623
10930,923,10,39,1191.8,20250102
10931,567,30,65,22719.24,20251014
10932,483,12,23,10125.11,20240802
10933,626,13,47,8047.34,20251205
10934,2145,14,25,53640.61,20250921
10935,2201,28,46,53208.89,20241214
10936,2392,17,32,125855.58,20240321
10937,1029,19,39,120170.04,20240205
10938,574,2,76,115159.62,20260324
10939,1108,6,24,1472.1,20250109
10940,1855,37,37,4609.76,20240410
10941,539,21,66,6231.44,20241003
10942,2349,33,59,789.18,20251012
10943,1681,1,36,3173.98,20250906
10944,1398,24,39,131540.76,20251024
10945,1556,5,56,89089.81,20251121
10946,2074,5,2,45974.87,20240621
10947,659,11,14,11077.61,20250731
10948,2422,19,49,4368.1,20250531
10949,343,25,48,23347.34,20240417
10950,1745,1,7,2011.95,20251006
10951,830,3,11,12486.45,20240716
10952,53,24,43,8230.47,20241029
10953,1084,29,27,93703.24,20240403
10954,2827,40,50,9666.39,20240529
10955,1873,35,13,7686.67,20250430
10956,1491,26,41,35931.67,20250309
10957,1628,37,50,72259.52,20240114
10958,470,6,8,7136.03,20250205
10959,1883,39,29,11621.98,20250222
10960,1150,27,20,135098.11,20240707
10961,1733,12,65,1624.87,20240724
10962,761,14,64,10936.68,20250301
10963,1833,5,64,120098.68,20250330
10964,1699,4,15,49040.23,20240910
10965,1741,3,48,14378.13,20250704
10966,150,6,71,56758.29,20241208
10967,2717,20,79,8849.98,20260127
10968,227,26,14,3175.65,20251014
10969,1236,32,49,12844.81,20250126
10970,1520,26,40,115899.24,20251115
10971,835,13,22,16083.21,20240127
10972,1766,10,64,2823.86,20260309
10973,581,13,29,18355.12,20251004
10974,1783,15,78,8051.99,20241210
10975,182,11,64,6290.07,20251127
10976,2730,16,48,11608.69,20260317
10977,1883,27,46,73577.32,20240922
10978,1046,18,21,3180.75,20250302
10979,2701,9,26,34621.63,20251231
10980,2890,20,44,131935.78,20250819
10981,1076,6,59,42658.28,20251206
10982,754,20,68,5782.24,20260105
10983,1394,31,66,6934.56,20250901
10984,835,2,63,77281.72,20240907
10985,475,27,62,27309.9,20240901
10986,2652,3,69,41481.74,20240911
10987,817,25,8,2213.22,20250702
10988,749,40,71,93924.84,20251207
10989,2343,29,6,67328.91,20260129
10990,2410,23,68,6009.0,20250709
10991,2687,17,8,3980.74,20251210
10992,1593,32,52,11777.12,20240410
10993,1628,33,37,4423.58,20240104
10994,1718,34,2,7314.22,20250810
10995,82,1,41,11991.03,20260316
10996,2387,32,47,4484.43,20251127
10997,2953,11,39,14314.09,20240916
10998,273,35,77,5254.61,20250415
10999,2327,22,37,118575.08,20250414
11000,2218,40,3,109215.55,20241210
11001,829,8,76,13033.64,20250324
11002,307,23,57,61909.86,20250209
11003,1507,26,55,3823.45,20241029
11004,1470,4,67,2229.34,20240218
11005,2529,15,12,35840.97,20250324
11006,814,36,46,51505.52,20260211
11007,1616,22,58,91618.85,20240912
11008,246,22,5,88065.01,20251009
11009,1755,9,23,1425.3,20240502
11010,755,10,31,59520.16,20250218
11011,1515,6,23,125932.96,20240902
11012,1997,9,9,13453.35,20241126
11013,11,12,68,3235.67,20250311
11014,2732,29,5,78608.58,20240516
11015,1645,21,30,19668.65,20250113
11016,1927,38,8,3410.72,20240221
11017,2759,3,71,245.56,20260223
11018,1081,18,42,76700.78,20241109
11019,1491,32,10,15485.5,20241011
11020,1486,28,27,14169.82,20240425
11021,2781,2,11,2007.66,20250221
11022,285,22,3,3457.42,20240806
11023,654,19,57,4463.21,20250523
11024,2223,24,77,4991.82,20240210
11025,849,18,17,24529.45,20240130
11026,2946,34,2,48641.6,20250603
11027,1353,7,10,17259.63,20250721
11028,913,5,9,10745.34,20250725
11029,1547,23,68,64225.16,20251010
11030,2791,25,49,50382.35,20260401
11031,1636,40,27,2199.6,20260123
11032,2000,32,2,14897.03,20260127
11033,2024,33,56,4512.98,20250408
11034,1400,34,67,28632.72,20251110
11035,126,35,44,32901.3,20250406
11036,1007,33,70,5447.51,20250725
11037,400,37,35,3180.52,20240625
11038,1427,30,76,4301.24,20240215
11039,2094,39,16,116840.1,20250827
11040,203,2,60,15333.76,20250311
11041,2350,1,76,3974.17,20240813
11042,1540,28,2,70306.08,20260223
11043,1033,3,6,13064.38,20251222
11044,1685,22,38,10538.06,20250908
11045,1229,14,66,17611.08,20250821
11046,890,27,30,109877.89,20250110
11047,326,25,64,77683.22,20251007
11048,1819,36,8,1570.16,20260310
11049,2878,23,17,12788.74,20260401
11050,764,38,14,3844.66,20250611
11051,1836,11,74,8649.26,20250725
11052,2348,12,6,12253.64,20250602
11053,1593,26,77,10664.55,20250507
11054,2252,6,50,124372.95,20240308
11055,1066,15,64,88252.66,20240305
11056,1279,8,4,55672.47,20260220
11057,532,12,36,48737.88,20240717
11058,739,22,64,4753.24,20240202
11059,954,36,50,3709.78,20241211
11060,1748,2,29,8126.24,20240806
11061,2615,11,36,17375.35,20240423
11062,1467,31,79,67844.85,20240325
11063,1088,7,70,144361.62,20241101
11064,1684,11,62,1793.36,20250831
11065,2184,4,66,18863.44,20260319
11066,449,26,76,18360.75,20250511
11067,809,27,78,719.58,20240617
11068,2901,10,63,1284.45,20250401
11069,2863,32,41,14667.21,20240713
11070,401,30,18,3742.86,20260105
11071,2517,29,9,11680.18,20260201
11072,1100,29,57,6156.41,20240501
11073,830,33,41,128469.38,20250128
11074,207,26,19,146260.34,20250620
11075,456,35,74,86487.74,20250207
11076,945,18,35,47450.2,20250725
11077,2627,3,66,100643.8,20250320
11078,2221,30,37,1731.11,20250722
11079,249,33,41,68711.4,20241108
11080,1227,24,33,26763.52,20240102
11081,1592,22,56,43294.41,20250522
11082,2133,36,67,61058.2,20260207
11083,2644,3,76,28390.9,20241216
11084,819,13,63,3394.99,20240330
11085,1619,4,67,44452.88,20240626
11086,1271,6,74,12213.8,20241102
11087,98,9,60,11751.05,20240529
11088,448,9,12,1847.02,20250818
11089,2077,17,36,57704.65,20251115
11090,2309,6,22,16626.29,20240616
11091,608,33,58,94969.37,20241116
11092,196,19,55,1498.26,20250811
11093,2574,9,20,845.73,20240308
11094,1190,14,54,8407.17,20240915
11095,2963,3,55,16848.08,20240608
11096,1504,27,64,18508.15,20240923
11097,197,5,7,13912.6,20250326
11098,2933,31,46,137767.71,20250118
11099,2976,19,44,4551.63,20250625
11100,844,7,61,92232.12,20251205
11101,2279,26,80,68196.81,20251206
11102,2947,35,11,13918.39,20260105
11103,1348,33,12,8843.4,20260331
11104,490,28,18,2794.29,20260318
11105,2124,25,65,3049.92,20250422
11106,1954,26,52,28796.85,20250107
11107,201,17,63,62117.84,20240110
11108,1194,28,43,64162.97,20260212
11109,158,13,57,10560.22,20250828
11110,260,20,55,106762.63,20250302
11111,581,30,38,96579.15,20240225
11112,2074,32,55,21292.58,20260326
11113,2965,18,61,4516.57,20240423
11114,1613,24,53,119942.16,20240529
11115,1651,11,30,79863.54,20240511
11116,951,36,14,2876.36,20240406
11117,1791,37,19,112996.33,20250526
11118,2058,38,71,10260.22,20240514
11119,1601,35,43,3829.85,20250825
11120,786,33,24,32353.76,20240311
11121,1155,34,68,5367.72,20260121
11122,2539,39,67,6291.79,20251202
11123,888,3,16,8472.93,20260111
11124,533,11,29,3080.14,20260219
11125,1874,6,27,43801.6,20251217
11126,1307,6,37,9709.33,20250116
11127,2823,7,42,12159.69,20241209
11128,462,27,80,4247.12,20241029
11129,648,20,75,97681.87,20240205
11130,2763,10,61,143380.69,20241011
11131,1881,27,64,9703.48,20250718
11132,1568,1,36,14923.08,20251205
11133,1401,19,18,90352.56,20241107
11134,1909,14,27,13061.56,20240823
11135,2358,13,58,72706.83,20251205
11136,2333,8,21,5486.24,20241007
11137,1289,19,31,33325.17,20250828
11138,247,10,45,12150.54,20240217
11139,210,19,63,6232.38,20241115
11140,1453,20,78,8112.05,20250812
11141,2718,21,10,208.15,20250321
11142,1104,26,64,148704.97,20250520
11143,912,25,78,65776.06,20250314
11144,26,37,77,1388.22,20240311
11145,1207,32,78,647.23,20240124
11146,156,21,14,14811.71,20241201
11147,53,4,32,9195.85,20250911
11148,661,1,50,6877.61,20260313
11149,163,29,77,6330.35,20250105
11150,2540,16,57,9966.44,20240417
11151,1890,17,1,11343.39,20240408
11152,1276,29,47,51139.96,20250621
11153,2947,33,38,29737.78,20251127
11154,263,14,32,113392.45,20260204
11155,2190,35,60,10810.05,20250616
11156,1033,36,71,5823.34,20250411
11157,2262,32,46,11253.07,20240520
11158,2762,35,59,13987.74,20250824
11159,793,39,57,52541.38,20251203
11160,1939,27,13,10711.02,20241221
11161,1033,1,26,5433.01,20250721
11162,837,11,3,5404.75,20250926
11163,89,28,63,6199.94,20240701
11164,985,6,76,51206.99,20250528
11165,119,5,65,58509.26,20260110
11166,2957,1,23,49753.6,20240725
11167,2681,36,7,6584.35,20250902
11168,2574,11,56,465.19,20240419
11169,349,29,60,77439.12,20250622
11170,2646,10,60,48617.43,20251022
11171,1702,9,29,4345.29,20240827
11172,609,9,55,5555.42,20240813
11173,364,7,24,1570.75,20251012
11174,871,36,8,4594.95,20250506
11175,358,15,26,52224.16,20240619
11176,390,16,5,7328.29,20240510
11177,1363,17,7,124341.5,20241006
11178,2413,6,9,14225.57,20240205
11179,479,2,66,101722.68,20250417
11180,2842,20,42,3176.11,20240326
11181,440,21,21,10297.9,20241106
11182,466,33,59,1834.36,20240318
11183,745,3,25,1839.59,20250617
11184,1009,29,79,27147.97,20250511
11185,986,7,77,2346.66,20250911
11186,454,17,49,7363.63,20250113
11187,2027,27,9,2558.27,20240503
11188,932,19,70,68356.52,20250722
11189,268,30,43,1762.62,20250902
11190,758,31,79,4806.63,20260201
11191,751,13,40,116628.22,20241228
11192,2365,31,71,1754.22,20260303
11193,785,25,35,31703.79,20250307
11194,2743,22,65,118280.97,20251008
11195,1521,31,11,10479.47,20250712
11196,1849,28,56,4910.55,20250329
11197,293,37,50,4933.48,20250417
11198,707,3,32,18937.46,20241018
11199,1430,39,50,7618.78,20251221
11200,269,30,69,3306.95,20250527
11201,2670,25,15,1131.09,20250423
11202,2133,17,60,12296.29,20240304
11203,1798,3,68,38446.4,20260203
11204,971,17,36,5541.12,20241109
11205,1638,27,28,15033.23,20240621
11206,2397,34,14,136197.27,20240408
11207,773,7,79,2717.88,20240826
11208,1382,37,80,76197.35,20241122
11209,2778,13,48,39661.31,20250427
11210,1686,10,51,3125.51,20251024
11211,428,11,64,1818.21,20240728
11212,2216,39,60,7228.33,20260331
11213,679,16,8,13000.65,20250815
11214,1847,10,41,27476.77,20260308
11215,213,1,54,27409.94,20260321
11216,2399,18,53,52504.66,20240127
11217,1370,1,54,10333.14,20240104
11218,1489,11,65,11557.56,20240705
11219,1865,19,72,15482.04,20250903
11220,46,20,15,23322.25,20251105
11221,495,7,64,1023.0,20241001
11222,2042,29,30,149838.2,20240714
11223,1347,13,8,68617.66,20240116
11224,1351,24,68,3408.55,20240613
11225,1059,21,6,6003.28,20240121
11226,1843,19,35,20311.78,20240911
11227,1550,14,61,2683.64,20241218
11228,2899,1,62,6807.7,20260124
11229,2092,29,69,92116.3,20240814
11230,587,30,14,16617.23,20240324
11231,711,31,55,97046.19,20250218
11232,2017,30,14,2905.58,20251230
11233,1838,33,3,7065.79,20250906
11234,1910,34,44,7107.15,20250901
11235,2636,17,76,7276.08,20260104
11236,863,36,45,17106.24,20251105
11237,2285,37,64,2646.85,20251010
11238,1352,5,80,3771.45,20240821
11239,2837,28,15,9274.29,20240720
11240,2078,6,68,4926.02,20250104
11241,1907,2,54,13408.42,20240902
11242,317,2,46,53755.25,20250406
11243,1410,37,26,10644.76,20250406
11244,1961,11,54,35170.84,20251117
11245,2241,18,35,114089.4,20260313
11246,750,34,43,20534.48,20240303
11247,232,29,14,71636.42,20240327
11248,1548,16,41,5393.33,20250323
11249,2079,9,55,9145.65,20240718
11250,40,14,71,4436.78,20240303
11251,956,7,16,62761.72,20241023
11252,2397,12,78,4824.61,20250901
11253,1074,29,53,104261.98,20240516
11254,2782,14,69,76488.95,20260309
11255,1563,15,29,7639.58,20251128
11256,2185,9,34,934.3,20251001
11257,1287,7,70,1066.85,20240506
11258,551,18,59,3883.03,20241209
11259,2172,19,55,3490.02,20250216
11260,1500,3,37,7468.13,20250303
11261,344,14,57,52725.24,20250816
11262,793,24,54,70388.89,20250407
11263,323,20,78,14664.69,20240612
11264,1772,20,10,59657.1,20250401
11265,2741,25,32,42859.53,20260130
11266,341,26,49,57160.85,20250928
11267,2421,4,22,18391.78,20260401
11268,1774,12,23,3237.6,20250407
11269,2635,29,47,7934.63,20240327
11270,932,30,53,12389.05,20251229
11271,1178,19,78,15151.5,20250827
11272,1747,18,38,10144.29,20240729
11273,1359,37,43,3625.42,20241023
11274,1783,31,21,1429.33,20260217
11275,1068,35,23,109300.45,20240213
11276,453,25,75,554.57,20250526
11277,1113,36,25,19475.08,20241020
11278,1115,1,40,7881.12,20240626
11279,1522,18,61,48869.35,20251104
11280,1807,40,12,909.59,20240207
11281,180,36,24,8778.07,20250703
11282,2599,29,51,17781.04,20250925
11283,521,37,73,4841.52,20240721
11284,2257,22,78,1187.91,20240413
11285,2169,8,75,26661.75,20250529
11286,1710,8,9,43455.07,20241009
11287,2972,7,58,10676.99,20240825
11288,439,39,28,84559.14,20250308
11289,978,2,51,3988.15,20250517
11290,2805,5,72,2541.5,20240105
11291,561,26,32,279.43,20240510
11292,1597,12,65,8451.4,20241015
11293,84,31,45,118831.25,20250921
11294,2861,5,59,66540.82,20240303
11295,2426,21,58,1874.63,20241026
11296,620,32,4,13634.32,20240405
11297,1478,17,67,67951.23,20260120
11298,2712,38,22,9364.66,20240518
11299,987,8,11,36163.24,20240606
11300,2674,4,64,76860.29,20241011
11301,1584,21,33,49049.12,20240526
11302,2706,3,28,41733.05,20240817
11303,2429,23,19,45865.04,20240521
11304,567,24,55,12465.46,20240625
11305,2055,16,29,14051.0,20240601
11306,2592,14,24,60996.97,20240611
11307,1353,32,46,834.75,20250401
11308,1115,5,59,4675.23,20251129
11309,2849,29,66,224.11,20250603
11310,2907,10,37,58874.63,20250811
11311,2456,15,46,5959.41,20240623
11312,563,33,30,83996.19,20240613
11313,903,17,80,1107.41,20250926
11314,2483,34,30,7706.4,20240128
11315,1507,18,45,9132.74,20250630
11316,2434,18,40,4774.88,20260122
11317,2646,15,63,15808.84,20250906
11318,671,14,33,8853.04,20240711
11319,2759,29,29,1144.67,20250511
11320,950,13,10,8579.23,20240404
11321,1352,1,19,17367.32,20250202
11322,2846,25,57,5419.28,20250125
11323,1452,31,12,16865.65,20240205
11324,2672,15,29,3148.19,20240329
11325,2590,24,44,1893.67,20240619
11326,2258,4,32,2713.51,20241209
11327,1807,7,18,30811.34,20240826
11328,2684,8,5,14087.28,20251012
11329,936,35,23,78217.09,20250411
11330,162,26,69,3190.6,20260304
11331,2850,27,54,101830.31,20250723
11332,68,27,37,103.59,20250507
11333,936,40,66,4812.27,20250221
11334,2297,37,22,60656.78,20250315
11335,2352,6,12,94009.22,20241205
11336,1251,14,68,2801.91,20250622
11337,1003,17,57,28987.37,20250805
11338,2946,19,65,1032.89,20250924
11339,2706,19,11,44845.29,20251204
11340,54,21,26,3656.1,20260213
11341,2831,39,10,17874.95,20250906
11342,1558,8,10,13396.62,20250121
11343,1579,23,33,2303.98,20260205
11344,604,24,54,16041.25,20250911
11345,1935,28,75,4642.87,20250901
11346,15,26,1,1724.94,20240116
11347,165,34,65,19049.42,20250302
11348,778,6,26,1599.63,20251106
11349,483,2,47,74736.15,20240908
11350,2644,15,13,93083.56,20250625
11351,1274,18,21,51736.81,20240109
11352,976,8,56,13280.99,20240528
11353,2719,32,19,91924.14,20240122
11354,2919,5,17,51784.21,20240730
11355,408,35,54,1264.7,20250105
11356,2008,20,73,12918.87,20250905
11357,2762,3,75,3413.86,20241015
11358,2757,28,31,107516.39,20250413
11359,2472,22,26,19448.3,20240221
11360,2904,9,18,49762.19,20260319
11361,977,1,11,69875.22,20260131
11362,2844,2,45,135529.2,20250508
11363,625,3,17,58340.26,20250122
11364,162,18,40,138318.65,20250116
11365,2030,19,75,86896.88,20240326
11366,302,28,66,149014.78,20240110
11367,2915,2,63,4735.93,20260313
11368,2694,24,70,39886.11,20240604
11369,855,29,5,88983.17,20250216
11370,2103,35,14,16536.3,20260317
11371,1810,9,23,18087.95,20241125
11372,2776,22,68,141206.09,20240825
11373,581,15,38,3157.47,20241007
11374,312,14,34,806.42,20241105
11375,788,24,49,114410.55,20240524
11376,1794,1,52,11977.35,20260212
11377,1463,32,34,12829.59,20240603
11378,115,16,79,1578.79,20240507
11379,819,37,4,4180.22,20250730
11380,2477,25,56,3554.73,20250321
11381,1608,36,61,702.8,20240602
11382,455,7,58,11400.14,20241219
11383,2872,10,36,13437.22,20251231
11384,2803,36,42,14394.04,20260327
11385,1238,37,21,9394.84,20250311
11386,2616,12,71,7668.27,20251124
11387,2861,27,79,40485.02,20250410
11388,751,19,41,119217.15,20250711
11389,1208,36,22,69276.03,20241028
11390,2009,33,32,6690.32,20240715
11391,2989,34,10,4636.6,20240612
11392,1082,32,6,2476.81,20251122
11393,932,21,21,6873.48,20250110
11394,254,31,18,54153.58,20251013
11395,2345,3,7,12133.66,20250410
11396,788,36,25,14568.52,20240220
11397,1990,2,4,8656.81,20260320
11398,1477,12,32,14762.9,20240401
11399,2335,24,44,8605.81,20240304
11400,661,36,16,111529.37,20250315
11401,2441,19,36,6379.04,20240313
11402,1844,25,35,363.83,20250202
11403,2801,27,42,3233.63,20250918
11404,543,21,33,34926.98,20240328
11405,153,5,9,4222.11,20250509
11406,965,29,68,13948.03,20240527
11407,111,7,68,12166.94,20260224
11408,230,39,27,4795.24,20241220
11409,984,33,15,9756.93,20250212
11410,1217,13,28,19561.58,20241127
11411,634,11,64,1410.32,20250206
11412,160,3,58,1594.14,20251015
11413,1718,3,31,2402.13,20250209
11414,2633,2,58,37577.63,20250915
11415,2638,3,44,21834.52,20250128
11416,266,18,74,9284.21,20240830
11417,2512,5,50,78436.04,20241001
11418,765,29,79,32299.3,20240214
11419,2687,19,42,71120.84,20250302
11420,1248,7,80,13862.35,20250401
11421,179,40,5,113479.2,20251010
11422,1703,22,2,7984.79,20240825
11423,1560,6,54,13080.72,20251227
11424,810,24,26,48369.32,20240908
11425,707,18,29,5520.04,20260326
11426,1583,26,35,18343.29,20260216
11427,1660,18,54,3939.87,20240407
11428,2604,36,15,15917.93,20240610
11429,448,30,39,117187.82,20250918
11430,2407,30,13,9821.32,20251208
11431,2830,31,3,104997.17,20250917
11432,571,4,51,4889.24,20240411
11433,2175,10,34,3174.35,20250923
11434,1794,34,61,48837.44,20251217
11435,1432,22,5,14879.03,20250514
11436,78,36,15,11853.73,20251105
11437,1826,27,39,116835.54,20250927
11438,2825,2,11,20910.19,20241113
11439,581,27,18,64366.81,20240312
11440,1421,40,48,6771.1,20250818
11441,555,2,23,36648.62,20260331
11442,1126,2,20,13699.84,20260316
11443,1198,25,76,18463.64,20251109
11444,863,34,10,8300.5,20240505
11445,2211,5,36,55633.77,20260305
11446,1379,3,6,88323.9,20240825
11447,562,29,14,4668.92,20250405
11448,448,40,6,15801.43,20240517
11449,2062,9,75,10679.84,20260116
11450,2592,11,49,76732.99,20251010
11451,2818,17,55,31805.71,20240814
11452,2948,40,44,7525.99,20240311
11453,2713,13,44,631.53,20250826
11454,894,14,9,15044.74,20250922
11455,325,15,40,75124.19,20240818
11456,2833,1,33,4106.75,20250818
11457,2341,33,30,115185.15,20251204
11458,713,18,5,64287.79,20251228
11459,1402,20,32,99254.5,20250819
11460,1421,5,17,72841.66,20241010
11461,857,34,66,106394.44,20250731
11462,1795,22,11,25022.33,20240104
11463,1848,18,23,145180.84,20250624
11464,2396,24,13,48196.82,20240107
11465,250,27,77,2851.23,20250512
11466,2338,26,35,1065.8,20260207
11467,708,2,12,2114.76,20250121
11468,1902,28,22,11043.29,20240205
11469,1900,3,59,2541.44,20250811
11470,2280,2,56,3104.35,20250530
11471,2634,31,43,18177.65,20241224
11472,956,32,3,7552.53,20250114
11473,2797,6,53,12172.63,20250321
11474,1874,15,79,39095.01,20260331
11475,861,28,13,140801.98,20240922
11476,2119,36,36,45490.62,20250827
11477,2077,12,73,53900.8,20240428
11478,1209,18,78,352.58,20240126
11479,1092,36,80,3557.09,20250818
11480,1670,8,15,72132.3,20240414
11481,203,1,3,1923.54,20240207
11482,1947,2,71,40393.63,20260327
11483,2738,31,15,8332.2,20250102
11484,1977,4,6,63675.57,20241205
11485,941,21,10,24900.2,20251030
11486,2779,15,62,70017.79,20250523
11487,1412,2,51,16040.98,20240623
11488,898,8,16,30821.0,20251211
11489,125,39,14,464.02,20240217
11490,2159,10,35,51851.54,20250826
11491,385,11,11,18570.29,20250318
11492,2130,12,60,501.96,20241130
11493,378,13,33,9250.1,20250827
11494,941,39,47,12779.36,20250817
11495,925,20,42,138576.2,20250120
11496,1602,8,80,1696.06,20241009
11497,2960,1,25,7993.15,20240715
11498,1907,23,62,50299.77,20240720
11499,262,1,59,62657.58,20241205
11500,928,20,55,13295.84,20250707
11501,1191,20,51,4108.98,20240306
11502,1493,15,9,137200.36,20241229
11503,1681,36,78,13465.42,20240519
11504,1944,5,35,60276.2,20240706
11505,721,23,17,12109.45,20240305
11506,1414,26,78,32701.77,20250219
11507,1850,27,9,8944.88,20241009
11508,1709,19,74,8718.43,20250226
11509,1478,29,22,38346.26,20240612
11510,611,30,18,4191.17,20260111
11511,2392,5,18,7426.33,20250617
11512,2378,32,79,71092.92,20260202
11513,1282,7,7,33673.45,20260203
11514,1012,8,40,16848.6,20251118
11515,230,35,73,3396.59,20250826
11516,1978,17,80,8035.14,20250328
11517,830,37,73,11562.3,20250605
11518,25,28,58,4109.15,20240424
11519,1213,5,54,10561.81,20240630
11520,1223,36,58,132173.0,20240816
11521,1934,1,50,73847.92,20250914
11522,2847,10,16,98883.61,20240103
11523,301,9,62,12804.97,20240628
11524,228,33,33,122114.49,20260101
11525,2047,20,47,57776.45,20250629
11526,2769,33,59,141272.28,20240714
11527,882,40,24,12285.1,20240328
11528,1123,19,40,67835.74,20250426
11529,2198,9,48,687.38,20240616
11530,2049,10,31,2088.75,20250306
11531,2902,11,56,12642.87,20240205
11532,1582,29,39,102729.34,20241026
11533,2166,3,14,56952.54,20241021
11534,2478,32,78,7688.02,20250928
11535,2282,15,21,8569.99,20240917
11536,297,11,64,7323.28,20240418
11537,2598,14,55,84572.4,20250421
11538,768,18,8,68846.9,20240901
11539,667,13,50,129360.67,20260304
11540,2631,38,59,53202.52,20240407
11541,428,14,4,100989.86,20240322
11542,1588,22,77,1222.12,20250306
11543,2370,28,77,79483.36,20240422
11544,710,32,13,88155.83,20250124
11545,2236,25,47,8629.46,20260325
11546,1824,26,21,10113.22,20240225
11547,1852,27,18,4993.05,20240521
11548,2544,2,78,65869.17,20240506
11549,897,29,55,118097.37,20250414
11550,2325,36,34,1096.4,20240915
11551,1697,29,65,8910.88,20250616
11552,2220,8,17,2111.78,20241103
11553,1547,31,32,6708.35,20240509
11554,1091,33,59,161.9,20241003
11555,2829,39,17,596.07,20251218
11556,2988,36,46,8766.76,20240410
11557,2942,37,10,85778.07,20240808
11558,2726,27,65,10084.17,20260111
11559,651,39,9,18167.93,20240929
11560,2897,5,1,73224.76,20240516
11561,554,10,62,14776.67,20260111
11562,1440,2,73,5413.66,20251105
11563,1753,30,30,57713.46,20250517
11564,664,27,58,36616.64,20241110
11565,1074,13,44,47522.92,20240330
11566,2761,6,37,2480.41,20250920
11567,297,26,19,119736.83,20250413
11568,1970,20,67,6612.09,20240922
11569,1573,9,16,1048.92,20241118
11570,1642,3,20,490.15,20240124
11571,588,22,16,111225.94,20250522
11572,1683,12,76,78623.72,20241229
11573,2132,13,71,2066.27,20240923
11574,2567,38,47,9391.01,20250315
11575,1636,10,56,115378.15,20251018
11576,1321,16,38,78461.29,20250501
11577,2950,11,62,40023.96,20240708
11578,2873,19,8,25557.42,20250202
11579,839,22,77,13613.54,20250613
11580,1980,4,19,113189.67,20250621
11581,2615,3,43,117744.99,20250427
11582,92,20,14,5280.49,20260128
11583,2501,9,37,2671.28,20250522
11584,2875,24,13,9863.42,20250522
11585,2634,2,59,90943.7,20251102
11586,1060,25,32,7886.21,20250228
11587,2273,37,51,43747.09,20241107
11588,2933,19,26,17463.48,20241009
11589,1325,29,10,67559.73,20260201
11590,726,10,55,1480.97,20251017
11591,2020,40,21,13724.96,20250308
11592,940,7,60,7820.93,20241105
11593,1238,3,69,4952.67,20240307
11594,1477,36,49,111630.94,20250202
11595,623,8,10,6326.8,20250919
11596,1563,24,62,4835.35,20251127
11597,712,31,55,118389.95,20240623
11598,1094,31,10,1165.72,20240913
11599,2701,39,78,1996.52,20241030
11600,215,27,18,4555.31,20250706
11601,949,21,62,15316.8,20260101
11602,130,6,77,5992.99,20250423
11603,262,3,75,59521.4,20251222
11604,879,19,16,4208.34,20241209
11605,1652,3,55,69738.72,20250228
11606,1690,3,79,71983.0,20250205
11607,2245,20,9,85256.21,20250611
11608,488,2,12,67544.19,20260102
11609,1540,22,48,1157.76,20260311
11610,2831,6,35,113654.09,20250419
11611,1466,11,67,71985.29,20241115
11612,2995,33,3,2411.42,20241024
11613,1034,21,20,23291.08,20251129
11614,448,33,48,1387.51,20251221
11615,1133,13,63,11271.91,20250128
11616,440,16,22,16393.77,20250726
11617,2288,15,54,30099.43,20240925
11618,2492,18,70,10331.85,20240628
11619,2883,39,58,11575.14,20250731
11620,1688,32,5,12504.32,20240707
11621,2146,19,25,5848.91,20240522
11622,2911,35,12,12623.59,20240203
11623,2439,12,79,36956.87,20251231
11624,2982,28,12,2870.41,20241130
11625,419,25,1,33658.67,20241128
11626,2601,10,16,84438.09,20251004
11627,1718,33,50,19903.95,20250926
11628,2033,21,58,6851.05,20260103
11629,1354,13,74,32136.26,20260316
11630,1674,40,9,7954.21,20241112
11631,2090,40,1,12686.41,20250412
11632,2976,2,76,7057.39,20250908
11633,251,2,28,71983.25,20260302
11634,549,22,13,2009.78,20250219
11635,1017,35,60,4259.7,20250107
11636,665,36,62,29416.57,20240101
11637,1721,36,58,2152.67,20251001
11638,368,38,7,51564.11,20241027
11639,32,10,73,105942.36,20240308
11640,701,40,68,115384.53,20250522
11641,2587,13,34,5917.92,20241215
11642,2349,2,10,79119.0,20260323
11643,2567,32,6,1739.94,20251030
11644,2673,4,40,13355.14,20240820
11645,2564,32,48,19548.92,20240907
11646,2288,14,73,7014.7,20250215
11647,754,14,49,131719.88,20251206
11648,1032,6,9,13218.96,20240826
11649,1102,26,46,770.92,20250304
11650,867,2,45,7040.71,20241030
11651,1656,24,13,1853.76,20260111
11652,2286,12,19,61841.06,20250129
11653,2559,13,8,6689.43,20240909
11654,2793,14,10,16243.96,20240531
11655,1506,13,55,40561.3,20240501
11656,1981,11,9,4389.87,20251225
11657,2846,38,21,7172.32,20240414
11658,1720,18,76,15042.58,20240831
11659,2527,24,13,1552.12,20240713
11660,986,37,69,559.18,20260327
11661,1760,21,77,15512.67,20250616
11662,40,31,46,2405.73,20240818
11663,1281,23,63,11619.99,20241104
11664,638,24,53,73286.91,20240916
11665,279,13,15,86074.5,20250107
11666,333,26,17,1740.72,20250925
11667,1277,18,8,45580.69,20240321
11668,1114,28,33,776.23,20260101
11669,1491,9,18,5398.28,20240607
11670,751,1,61,2036.02,20250930
11671,433,31,67,25612.02,20251117
11672,2933,13,17,3290.47,20251116
11673,789,11,74,13413.47,20241126
11674,1778,18,2,4539.03,20250320
11675,2394,28,70,11332.24,20250724
11676,594,36,48,25447.01,20250426
11677,2648,30,37,44986.13,20240927
11678,248,16,12,123408.05,20240304
11679,1710,39,24,14528.37,20251230
11680,1217,23,5,862.13,20240618
11681,1248,18,80,2567.94,20240801
11682,769,2,41,6752.27,20251228
11683,2645,3,24,59603.71,20250501
11684,1811,4,37,53038.17,20260215
11685,1409,5,46,24164.51,20260217
11686,551,21,44,11164.95,20250218
11687,1455,33,44,2565.86,20250106
11688,2606,4,29,96642.95,20260121
11689,1033,9,79,57136.81,20251201
11690,1370,10,78,65424.96,20250722
11691,288,11,7,2911.64,20260326
11692,336,7,55,4119.25,20240528
11693,2655,27,18,17909.12,20260218
11694,2354,7,4,18939.75,20260216
11695,2463,16,28,15973.65,20251109
11696,579,7,1,3297.89,20241129
11697,2502,35,62,13640.4,20241017
11698,1048,3,36,72478.36,20241230
11699,218,19,49,4375.1,20250723
11700,2686,20,27,8506.29,20250615
11701,638,21,31,52256.71,20250122
11702,1577,22,55,4683.7,20240803
11703,2785,24,73,65434.5,20250804
11704,2143,24,7,794.75,20241103
11705,1509,6,53,137227.33,20240602
11706,2794,26,62,54589.51,20250926
11707,527,14,17,911.59,20250912
11708,1659,29,18,72640.8,20251028
11709,47,29,5,12048.76,20250513
11710,188,34,66,102541.55,20241018
11711,521,33,42,14774.95,20250505
11712,2028,22,65,12531.58,20240305
11713,1981,33,7,2575.07,20251108
11714,1964,26,57,5040.7,20250209
11715,772,13,57,138084.13,20251123
11716,580,3,26,126201.9,20250501
11717,2906,37,74,9145.47,20240505
11718,1513,6,24,108964.48,20260129
11719,2156,39,23,79351.53,20250509
11720,2506,3,70,52988.41,20241005
11721,622,40,48,1599.78,20250321
11722,300,2,61,2042.6,20241112
11723,1202,37,36,7162.42,20251010
11724,1553,1,70,2556.07,20240820
11725,2883,38,25,16534.72,20250620
11726,1598,6,68,6478.44,20250904
11727,1454,22,30,40685.96,20241229
11728,748,23,42,145497.5,20251003
11729,113,13,7,4586.47,20240129
11730,1909,31,53,2921.43,20260325
11731,2124,13,32,10270.01,20250426
11732,2638,33,27,4428.43,20240426
11733,2894,9,66,47068.66,20240720
11734,1907,15,50,10733.01,20250315
11735,2537,16,31,5087.8,20251202
11736,2810,29,41,37866.77,20250715
11737,2817,30,9,52569.4,20240210
11738,53,25,80,4035.97,20250613
11739,346,18,21,1903.84,20240826
11740,64,26,71,72830.21,20240724
11741,1547,21,10,11359.19,20250705
11742,1867,7,22,13577.02,20260202
11743,1053,31,55,79396.29,20250907
11744,2099,36,66,102324.58,20241123
11745,267,10,62,1179.06,20250905
11746,1167,8,67,35960.53,20240413
11747,974,27,27,2139.13,20240510
11748,970,28,64,4224.09,20251121
11749,962,20,63,48564.59,20240205
11750,2716,30,79,11346.25,20250821
11751,215,21,47,19483.46,20240719
11752,2601,32,45,18793.44,20240205
11753,83,31,5,132836.44,20251017
11754,539,10,54,19730.99,20251129
11755,843,35,65,4007.68,20240103
11756,2630,17,19,3170.12,20240308
11757,1650,37,46,55806.26,20260117
11758,2719,11,25,9539.8,20250702
11759,2805,2,26,63629.93,20240430
11760,2461,40,48,8550.9,20250918
11761,327,19,3,51271.85,20251123
11762,860,33,2,59518.19,20241224
11763,1691,3,63,1774.31,20250415
11764,2831,38,32,4719.53,20240621
11765,1529,5,19,747.16,20241009
11766,1956,34,15,107010.34,20240328
11767,2986,7,21,3487.69,20240424
11768,1769,2,62,2134.25,20251029
11769,1043,27,28,3441.93,20251206
11770,263,10,11,7547.32,20240522
11771,500,5,6,6281.52,20240503
11772,1383,12,1,14416.25,20241125
11773,264,18,33,10560.69,20240917
11774,2444,27,43,2926.42,20240409
11775,2559,15,66,3936.37,20240103
11776,961,12,29,3079.44,20250614
11777,2916,29,57,61466.79,20240906
11778,1519,18,39,9365.67,20250804
11779,272,8,25,7404.51,20260303
11780,2779,20,48,60570.64,20240403
11781,552,21,74,4616.62,20241224
11782,2069,14,2,52462.28,20240102
11783,2142,20,9,8382.87,20250723
11784,269,25,16,14206.38,20240704
11785,2617,25,16,9263.53,20251216
11786,2972,25,61,10901.91,20240520
11787,2434,33,4,112900.25,20251222
11788,797,28,30,26313.54,20260312
11789,1245,24,47,146984.54,20251213
11790,2220,20,63,60559.36,20240131
11791,1310,19,67,41827.61,20240419
11792,966,32,34,109774.0,20240915
11793,438,7,42,96341.22,20240826
11794,8,13,21,3016.99,20250306
11795,214,28,21,3830.87,20240719
11796,554,36,15,12380.6,20250608
11797,850,4,9,3333.36,20250406
11798,977,12,37,16490.68,20250331
11799,666,38,79,582.67,20251106
11800,1948,15,79,111061.14,20250212
11801,1589,12,67,3658.97,20260212
11802,2090,35,33,18929.45,20260303
11803,1185,3,74,55387.66,20260322
11804,2792,29,28,13755.42,20260316
11805,2113,28,60,47943.98,20260214
11806,1941,6,43,10587.08,20250831
11807,546,32,6,13934.34,20251112
11808,1507,30,21,144817.54,20260109
11809,2951,15,54,106511.51,20240218
11810,2441,10,74,65760.48,20260107
11811,2927,16,70,5831.2,20241116
11812,1921,29,11,7385.14,20250706
11813,1102,17,10,70602.22,20250808
11814,9,7,20,32767.9,20251008
11815,793,26,23,11150.82,20250331
11816,2645,10,64,14616.35,20250223
11817,1861,37,75,1366.75,20241012
11818,56,28,19,9676.31,20250108
11819,546,23,47,2995.16,20241231
11820,1388,27,66,10683.31,20250330
11821,149,27,42,643.34,20240108
11822,200,17,3,42166.69,20240906
11823,816,39,27,4011.21,20241011
11824,1841,31,47,9443.48,20251108
11825,1442,12,37,113303.03,20240820
11826,1027,9,32,19622.56,20241102
11827,398,5,5,11122.87,20240113
11828,310,8,70,46171.28,20250621
11829,995,38,44,10682.1,20250824
11830,1365,32,10,44823.09,20251004
11831,227,33,34,4189.44,20241018
11832,2171,1,33,13160.73,20250719
11833,2325,33,15,115594.18,20240404
11834,532,34,25,53889.12,20240812
11835,213,9,25,13121.7,20241202
11836,2766,37,32,1593.02,20240127
11837,961,37,26,59887.23,20250711
11838,1994,38,30,77948.16,20250617
11839,1337,36,21,89700.05,20240301
11840,2175,22,73,101771.06,20250822
11841,2197,1,79,1949.45,20250613
11842,1682,26,39,1936.44,20241216
11843,1895,3,5,4243.69,20240706
11844,1898,4,68,5173.43,20241027
11845,2173,3,35,393.49,20240523
11846,446,40,38,4498.78,20250916
11847,802,30,63,53707.06,20240807
11848,2091,8,33,94396.06,20240902
11849,999,13,59,121962.76,20240426
11850,2426,10,13,17288.57,20241003
11851,88,30,75,9327.21,20250424
11852,2066,12,23,48143.22,20240121
11853,1730,13,24,11409.54,20240821
11854,1157,14,73,44730.78,20250616
11855,549,15,29,30655.91,20240511
11856,2625,5,72,8114.18,20250923
11857,1935,17,40,76338.46,20240131
11858,1319,32,21,56827.78,20250818
11859,2284,33,33,31533.88,20250224
11860,2974,33,10,14106.27,20240801
11861,818,20,2,116639.11,20241223
11862,1172,14,6,1187.78,20250523
11863,1930,38,30,423.42,20240221
11864,293,38,4,43136.38,20250101
11865,1591,20,42,4824.51,20240621
11866,1538,26,74,3687.47,20250921
11867,2254,12,62,11518.32,20250327
11868,1854,28,21,6688.02,20240522
11869,2163,8,60,4562.72,20240723
11870,790,36,25,1963.53,20240305
11871,2017,2,46,8357.37,20260316
11872,51,32,59,6312.7,20241124
11873,729,33,15,1136.9,20241114
11874,2582,40,51,71064.02,20251029
11875,1216,35,43,28245.78,20240925
11876,2477,15,11,95959.4,20250514
11877,2912,6,15,3399.63,20250511
11878,1782,3,52,81755.83,20241108
11879,40,39,1,3840.22,20240830
11880,1660,11,25,6929.46,20260205
11881,91,11,19,8783.84,20240519
11882,1072,2,38,56325.68,20240110
11883,309,3,62,14743.47,20240219
11884,2297,10,7,1548.94,20240121
11885,2824,29,42,8390.41,20260129
11886,927,6,78,1765.52,20250806
11887,1256,7,3,25755.02,20250119
11888,552,8,63,2983.68,20260126
11889,877,32,15,13231.98,20250616
11890,1735,10,67,4460.15,20260220
11891,2363,13,33,42359.04,20250815
11892,1034,32,34,20980.54,20250806
11893,37,13,46,8340.76,20251001
11894,1427,14,45,2334.43,20250504
11895,1713,33,16,27231.55,20240318
11896,1755,1,78,9425.51,20250313
11897,720,17,27,11421.74,20240428
11898,2666,39,59,22692.2,20250626
11899,1663,40,43,10393.98,20250329
11900,155,36,65,13237.22,20241022
11901,2010,21,74,13372.49,20240720
11902,2275,34,39,23518.89,20240404
11903,1671,23,37,14939.11,20260227
11904,2255,36,40,3556.92,20260311
11905,1501,15,38,780.28,20240412
11906,1992,33,19,78659.45,20251230
11907,2077,27,37,3003.32,20240906
11908,2884,28,78,1604.72,20240802
11909,1834,16,68,66318.7,20241129
11910,1411,17,10,1875.41,20250322
11911,1932,18,33,64428.31,20240131
11912,2330,32,1,724.78,20250511
11913,761,33,19,72040.2,20240520
11914,2690,34,30,3423.51,20250408
11915,2841,35,65,12875.88,20251028
11916,243,28,4,3077.5,20250430
11917,251,8,4,9890.45,20240522
11918,1581,32,61,6101.23,20240125
11919,993,13,62,63841.64,20240522
11920,2995,40,15,1107.16,20250216
11921,2707,11,66,91034.93,20251230
11922,2885,26,78,12387.41,20240930
11923,1208,12,28,37925.42,20260129
11924,2659,39,12,73129.13,20260215
11925,220,35,14,19791.56,20250619
11926,2875,6,58,1567.11,20241203
11927,40,17,15,76930.82,20250522
11928,898,11,72,21620.89,20240724
11929,282,39,17,5009.83,20240321
11930,1000,39,30,7600.85,20240220
11931,2705,28,34,55263.36,20251214
11932,1769,29,10,903.01,20240906
11933,2005,13,29,10789.99,20250903
11934,160,35,45,50060.55,20240318
11935,1987,19,67,5795.2,20250118
11936,2275,16,64,13187.08,20240813
11937,1981,17,3,9931.43,20241001
11938,584,13,31,3101.2,20240906
11939,815,19,43,1317.35,20240529
11940,2817,20,60,72168.18,20260327
11941,2472,21,69,33940.43,20250220
11942,1391,22,13,4018.09,20260303
11943,909,25,28,8990.21,20250113
11944,2202,12,18,5645.09,20251126
11945,2399,25,26,46500.4,20241026
11946,2396,27,29,38531.52,20260212
11947,862,27,15,24100.61,20250728
11948,1382,34,79,12857.39,20241111
11949,924,32,22,1152.29,20250901
11950,1299,28,52,34210.44,20250526
11951,2013,31,44,4999.16,20260319
11952,1902,32,66,128155.21,20240124
11953,1326,12,55,6715.54,20241226
11954,827,34,53,40724.08,20240516
11955,622,35,58,12060.15,20240217
11956,2350,26,59,66581.38,20250514
11957,847,37,38,10682.81,20251208
11958,1558,15,51,56161.64,20250328
11959,1015,28,16,70023.62,20251120
11960,1069,40,64,77341.63,20240106
11961,2956,17,8,11831.56,20250508
11962,1622,39,22,100540.1,20240201
11963,2474,8,12,16682.31,20260206
11964,1407,12,79,13375.57,20250315
11965,510,26,19,9375.07,20250722
11966,2897,6,62,108559.14,20240112
11967,816,38,44,4604.48,20240812
11968,2296,11,50,3113.53,20250419
11969,1083,15,41,68455.69,20240420
11970,1847,21,11,23964.66,20250912
11971,65,5,10,66355.39,20240629
11972,1993,12,54,975.97,20250520
11973,965,20,60,1664.47,20251123
11974,1402,19,75,2879.62,20241208
11975,1243,15,67,3864.35,20250603
11976,1461,6,22,467.37,20240304
11977,1734,31,67,22710.01,20250505
11978,2515,25,38,10820.78,20240413
11979,817,14,16,4431.72,20250613
11980,1236,2,25,96805.42,20251006
11981,1876,21,48,7999.98,20250330
11982,1081,22,40,1255.53,20250223
11983,1513,37,69,17355.06,20260320
11984,573,24,78,6039.08,20250413
11985,295,25,80,29830.19,20250108
11986,1396,26,64,9348.11,20250101
11987,1450,30,6,1146.77,20250501
11988,2126,28,72,19886.42,20260317
11989,409,8,51,24227.72,20241007
11990,145,30,68,45411.44,20240316
11991,795,9,58,9023.6,20250115
11992,1339,3,66,6643.13,20260114
11993,2285,19,11,2098.44,20260316
11994,2231,7,77,144667.12,20240523
11995,1594,24,64,54170.91,20241015
11996,2715,35,26,3743.5,20240621
11997,2885,23,26,61933.71,20250301
11998,1341,18,15,12318.44,20240713
11999,2274,7,70,65090.4,20250422
12000,2124,36,47,18495.24,20250419
12001,2330,30,26,10494.7,20260109
12002,2511,35,67,109461.46,20260115
12003,1321,39,53,87946.98,20250614
12004,1561,14,39,7303.03,20240501
12005,1102,34,4,9781.78,20250122
12006,2662,6,37,352.01,20240429
12007,1247,7,1,3341.07,20250119
12008,1498,21,75,15981.44,20240221
12009,2265,35,29,76670.84,20260301
12010,2976,16,69,3114.33,20240626
12011,1788,30,5,38141.93,20240117
12012,2535,12,61,38880.38,20240105
12013,404,13,69,41808.03,20250217
12014,1791,25,74,9526.59,20241129
12015,1004,15,25,50875.05,20240704
12016,1638,17,7,10060.17,20240902
12017,1953,17,9,61340.18,20260119
12018,2999,18,60,62738.01,20240124
12019,992,32,38,18339.06,20250207
12020,2244,29,32,12558.13,20240816
12021,2483,35,51,4933.29,20240117
12022,2399,22,18,1669.06,20250323
12023,570,23,75,11932.71,20250315
12024,1740,25,29,19812.09,20260130
12025,1136,25,50,834.97,20250404
12026,2572,12,19,4471.55,20250528
12027,39,27,29,17609.31,20240128
12028,2780,27,3,370.13,20260304
12029,2808,29,37,124683.23,20260309
12030,2828,25,15,39369.65,20240908
12031,827,36,76,22567.11,20240810
12032,1146,38,57,64629.89,20251008
12033,2792,11,31,16487.18,20251205
12034,2355,23,3,13783.66,20250728
12035,921,35,29,7398.14,20240318
12036,66,16,14,126275.73,20251221
12037,1280,37,30,1614.32,20250204
12038,1348,15,29,21298.17,20240326
12039,920,13,18,136085.53,20250727
12040,54,40,68,7535.91,20250920
12041,2185,25,39,42896.99,20251029
12042,1012,4,8,9410.46,20240304
12043,2357,13,37,7520.47,20260311
12044,1564,2,50,11399.36,20240210
12045,460,32,40,8212.55,20240528
12046,1987,6,39,779.66,20250226
12047,2239,29,64,117800.16,20250706
12048,2624,8,54,9887.38,20241212
12049,1992,29,27,8691.45,20251207
12050,419,2,66,53507.38,20240508
12051,446,39,65,108343.25,20240728
12052,817,37,76,4430.82,20260312
12053,1235,13,4,1297.52,20260101
12054,95,15,46,6750.86,20250529
12055,1592,12,80,34699.78,20241120
12056,995,3,25,4663.44,20250118
12057,1101,2,43,35399.97,20240117
12058,399,40,44,542.26,20240124
12059,2285,11,51,6530.99,20260326
12060,1842,20,59,104761.57,20240526
12061,1480,22,34,16106.55,20240110
12062,2995,22,75,32691.87,20250524
12063,1898,10,42,4638.64,20240914
12064,2381,40,63,2982.26,20251001
12065,368,19,55,37143.95,20241129
12066,452,2,27,1955.46,20260131
12067,2269,17,69,53221.28,20251108
12068,1241,28,64,82854.01,20250918
12069,2834,9,67,2209.69,20240819
12070,43,34,21,15314.88,20250529
12071,2713,3,20,32662.89,20240716
12072,2676,32,74,3405.64,20240112
12073,663,37,71,12663.82,20241023
12074,710,16,34,65529.34,20250710
12075,2403,29,65,7931.91,20240101
12076,1784,36,9,10103.64,20260211
12077,497,34,69,677.19,20240603
12078,2941,28,24,3618.96,20251120
12079,2505,18,18,74908.12,20250216
12080,2172,19,39,70963.15,20240821
12081,1887,21,39,34981.39,20240403
12082,1878,6,57,114506.58,20260201
12083,2637,5,47,36051.31,20240919
12084,1056,5,70,33961.54,20240504
12085,620,5,68,29631.48,20240822
12086,163,38,14,3528.49,20250429
12087,46,32,17,2026.56,20240421
12088,2100,23,10,1707.13,20250124
12089,233,28,37,17607.75,20241025
12090,1379,19,38,119763.02,20240222
12091,551,11,62,2509.1,20260401
12092,655,40,70,3148.11,20260323
12093,1772,19,77,13260.99,20250308
12094,2150,10,41,895.21,20241003
12095,2864,40,14,61813.84,20241103
12096,1441,13,29,1109.98,20250526
12097,767,14,71,67726.94,20250719
12098,458,17,50,533.18,20250515
12099,2302,40,18,119586.15,20250318
12100,1270,30,53,101676.84,20240705
12101,1351,37,57,1124.63,20240519
12102,778,22,36,16920.04,20240315
12103,2685,10,14,4158.77,20250525
12104,1775,24,37,109140.5,20240113
12105,1906,12,64,5874.39,20240929
12106,2732,39,76,1625.68,20241126
12107,1281,27,80,10918.07,20250526
12108,2763,28,29,8399.08,20240912
12109,2528,28,4,117789.94,20240802
12110,2018,30,74,28392.37,20241005
12111,2697,37,34,109266.1,20250522
12112,2853,6,34,40068.13,20250107
12113,1859,6,66,105335.13,20250410
12114,1559,34,4,2443.55,20240525
12115,1483,35,77,102098.08,20240909
12116,1895,32,25,4229.1,20240518
12117,740,37,56,5558.05,20250410
12118,907,38,56,41138.99,20251126
12119,314,17,74,67020.6,20250924
12120,2499,40,21,48862.4,20251226
12121,410,1,46,38526.3,20250830
12122,209,2,54,94538.89,20250518
12123,2944,3,18,44690.19,20240830
12124,102,27,32,74256.22,20240512
12125,197,29,53,4607.11,20240922
12126,1816,6,21,15171.91,20240613
12127,1681,7,3,46228.84,20260213
12128,1867,24,39,72771.13,20250713
12129,1034,34,10,53358.44,20260227
12130,44,10,21,17347.13,20240604
12131,1988,11,59,2287.46,20250417
12132,2777,39,34,58484.37,20240621
12133,2288,18,18,40864.28,20251128
12134,332,14,49,65413.59,20260311
12135,1358,37,48,100083.48,20260111
12136,1808,16,79,33973.21,20241031
12137,1910,18,5,91487.08,20250722
12138,886,18,38,3261.01,20251002
12139,2096,16,19,7833.42,20250710
12140,268,31,12,4228.59,20250621
12141,2235,21,35,66287.29,20240526
12142,2330,30,46,4003.94,20240920
12143,865,35,30,123023.69,20240910
12144,1398,24,5,10525.43,20241015
12145,2151,25,65,2109.73,20251010
12146,2827,26,13,15137.03,20251207
12147,2047,26,36,72964.07,20260101
12148,1022,23,49,61004.02,20250617
12149,2749,11,66,4447.19,20250612
12150,1635,38,61,18572.45,20240110
12151,136,20,24,7384.56,20240829
12152,248,29,5,15812.08,20241116
12153,366,17,55,1140.06,20250706
12154,580,6,45,1997.3,20240907
12155,298,35,76,33172.25,20240513
12156,746,27,58,60039.46,20251017
12157,1066,37,33,12792.84,20250827
12158,1702,21,14,144555.23,20251022
12159,2065,39,23,2704.67,20251217
12160,378,11,13,22555.45,20240805
12161,287,1,79,164.11,20250224
12162,2251,20,30,1704.3,20240424
12163,1944,1,80,88384.48,20250831
12164,1929,4,25,1552.29,20241123
12165,2858,20,47,1431.09,20250302
12166,1027,19,1,4288.28,20251130
12167,1638,33,13,1208.66,20240101
12168,2464,24,21,32038.52,20240109
12169,746,37,56,9279.68,20250428
12170,761,10,37,4650.58,20250815
12171,1233,11,10,9872.52,20250706
12172,1220,12,57,44651.03,20250408
12173,2708,29,33,114384.05,20251007
12174,2600,20,60,112903.5,20240411
12175,2451,24,25,18258.39,20250822
12176,1818,10,36,11650.9,20240125
12177,2749,23,20,8700.18,20240914
12178,1563,18,39,11736.11,20241221
12179,769,34,68,36248.13,20240301
12180,2588,30,14,65458.42,20241024
12181,1299,12,49,13633.47,20260104
12182,147,2,59,9284.81,20260201
12183,2368,10,21,7542.92,20251209
12184,1691,29,39,39177.23,20240110
12185,820,25,9,1983.54,20250815
12186,1765,18,17,46370.67,20251116
12187,868,36,76,17647.15,20240904
12188,1396,28,47,19504.94,20241120
12189,2253,36,15,41078.73,20240528
12190,2762,30,39,12051.31,20240918
12191,2763,31,5,69405.13,20260316
12192,2001,32,77,34477.08,20260219
12193,1745,31,12,6700.63,20250724
12194,298,17,54,17679.91,20241012
12195,2758,6,20,4578.13,20251108
12196,1759,10,19,13387.67,20240815
12197,2710,37,58,1075.68,20260124
12198,300,38,39,124795.78,20240105
12199,2314,16,69,3112.31,20240213
12200,277,24,27,8052.88,20241219
12201,104,1,80,126202.61,20250413
12202,2440,2,30,41072.93,20250927
12203,2762,1,44,1260.53,20250329
12204,787,4,49,168.14,20251002
12205,1759,32,15,108685.73,20241027
12206,2212,34,72,1976.92,20251013
12207,987,7,22,70806.98,20240223
12208,264,8,5,11108.41,20250918
12209,1097,29,51,71573.91,20250404
12210,1013,20,3,15647.61,20260112
12211,2035,33,36,517.08,20240513
12212,1806,20,58,18356.97,20250515
12213,1902,4,11,44177.85,20240623
12214,1538,40,41,3441.27,20251030
12215,1569,15,61,4191.11,20251007
12216,293,21,16,4893.56,20251206
12217,1867,27,41,23990.77,20250719
12218,1916,18,57,8396.08,20240422
12219,668,19,71,28877.27,20241201
12220,1350,20,70,8846.21,20241008
12221,665,30,18,60905.06,20241031
12222,1417,40,71,33384.64,20250324
12223,2821,3,12,101901.62,20250819
12224,607,40,22,13441.2,20250614
12225,738,37,77,77375.83,20250917
12226,1318,26,54,8472.09,20251113
12227,1647,34,52,2689.52,20240328
12228,120,28,47,2345.52,20241220
12229,2228,4,54,2807.23,20260331
12230,1735,31,62,105067.14,20241230
12231,1788,31,69,52965.69,20240711
12232,2212,32,4,88273.98,20240806
12233,2495,15,64,19534.25,20260107
12234,1729,8,2,3189.83,20240906
12235,2046,29,22,108306.2,20260112
12236,811,40,15,48234.79,20250127
12237,2227,37,35,6944.21,20250305
12238,816,3,3,1002.0,20241130
12239,1844,32,8,47005.22,20250604
12240,2979,21,47,5741.96,20251107
12241,2227,34,75,78664.69,20240421
12242,2673,12,76,108997.22,20240228
12243,922,3,45,119572.19,20240527
12244,2648,4,78,134364.8,20240725
12245,714,6,23,56471.85,20240803
12246,578,13,32,19932.64,20240108
12247,300,7,18,4052.58,20251006
12248,2375,8,33,13511.69,20260121
12249,1222,15,2,4744.34,20240926
12250,418,10,4,102274.87,20250609
12251,2279,11,72,138221.23,20260108
12252,1969,22,27,6868.89,20250124
12253,784,23,59,26768.57,20251028
12254,162,5,65,5160.41,20250411
12255,1634,14,51,24705.48,20260129
12256,99,21,8,82504.71,20241130
12257,1533,17,15,1292.31,20260108
12258,2705,36,37,50720.64,20260114
12259,2561,27,22,13768.52,20250406
12260,53,20,17,17810.87,20240903
12261,692,16,24,15795.31,20240104
12262,2494,22,58,2067.13,20250923
12263,107,23,78,3219.46,20250420
12264,2407,22,11,60876.83,20240117
12265,2329,25,34,5276.67,20240709
12266,2357,27,60,69396.97,20260320
12267,2588,23,78,47618.98,20250101
12268,1810,28,5,13356.96,20260215
12269,595,19,39,888.6,20250830
12270,869,14,28,59007.72,20240419
12271,944,4,7,557.4,20240905
12272,2545,1,25,11247.84,20240618
12273,815,38,44,11528.8,20250902
12274,109,34,58,7865.16,20240706
12275,2847,35,46,3487.32,20240121
12276,2095,1,56,97220.03,20240326
12277,480,37,68,21710.79,20251015
12278,2022,1,45,1479.31,20240824
12279,1720,39,63,4877.71,20250922
12280,2404,32,49,5106.68,20240205
12281,764,30,32,4658.36,20251011
12282,1990,17,71,77186.84,20250130
12283,388,3,2,11650.71,20250815
12284,1610,20,9,4863.03,20250106
12285,119,5,76,23615.94,20241031
12286,2298,40,48,11437.93,20251216
12287,2952,7,66,3580.57,20240725
12288,768,19,2,5484.04,20260209
12289,2075,15,65,3520.08,20250629
12290,1375,10,20,22783.05,20250712
12291,2629,11,35,1683.91,20241020
12292,1474,24,46,71709.67,20251217
12293,2214,3,25,131335.05,20240924
12294,1898,14,79,4663.51,20250614
12295,2732,36,71,3665.38,20260113
12296,950,24,80,5949.51,20260319
12297,284,35,6,21141.01,20260121
12298,1403,14,50,11260.02,20240820
12299,1177,12,55,3285.06,20251202
12300,1495,29,17,6093.1,20240504
12301,345,9,60,1756.25,20241218
12302,1215,39,24,114181.38,20250716
12303,2372,18,49,25575.81,20241227
12304,928,27,65,9270.71,20241118
12305,2790,25,63,14219.36,20250525
12306,260,25,4,5355.86,20260128
12307,2613,27,58,12897.37,20250411
12308,1214,10,25,13071.41,20250315
12309,2083,40,66,18964.22,20251120
12310,2194,7,37,1867.44,20250709
12311,2475,22,34,6364.24,20251012
12312,1136,12,19,57472.92,20240703
12313,1739,6,32,73452.16,20240301
12314,491,11,80,18589.87,20260118
12315,318,28,57,98959.83,20251205
12316,2702,31,42,17075.84,20240804
12317,2901,19,72,14528.7,20250225
12318,1935,34,45,49139.58,20250724
12319,451,6,67,9256.46,20250331
12320,537,40,67,137735.33,20251212
12321,75,13,28,2697.79,20250330
12322,1072,10,53,3184.73,20250411
12323,1579,8,30,113775.8,20240617
12324,2999,26,40,1779.75,20251104
12325,547,5,23,7764.0,20250205
12326,119,38,42,857.73,20251230
12327,1142,7,32,73126.19,20260128
12328,445,16,10,5954.14,20250906
12329,1105,9,45,10245.04,20240326
12330,1401,8,33,3389.71,20240918
12331,608,4,68,1599.14,20250708
12332,2409,12,5,14257.07,20250910
12333,1029,5,47,1849.26,20240716
12334,2694,35,25,6416.21,20250927
12335,2119,15,18,9118.04,20240604
12336,1828,5,36,27891.7,20240112
12337,1194,17,51,128197.13,20250209
12338,191,18,17,33887.07,20251020
12339,1158,19,59,17991.29,20240820
12340,623,6,14,96341.16,20260101
12341,667,21,80,27719.06,20250108
12342,388,22,61,21733.54,20240125
12343,2307,19,3,2458.84,20240208
12344,2634,18,26,38358.72,20240205
12345,379,39,80,31351.44,20240429
12346,1707,23,52,2717.61,20250619
12347,1732,26,35,32609.94,20240903
12348,2652,28,42,9897.55,20241212
12349,1699,11,67,9048.13,20240106
12350,2588,32,40,4941.87,20260213
12351,276,31,10,42129.0,20251006
12352,2899,23,37,66149.19,20240725
12353,998,6,19,77879.5,20240826
12354,2953,21,40,11436.81,20250323
12355,839,37,73,4430.54,20250625
12356,1942,6,3,4907.58,20250815
12357,925,38,78,295.81,20240802
12358,1372,11,79,2082.67,20250609
12359,1756,39,1,71837.85,20240223
12360,2876,31,57,47270.67,20240131
12361,356,1,2,16948.07,20251026
12362,1605,2,45,9202.2,20240606
12363,881,32,36,3165.05,20250228
12364,2708,29,40,98195.05,20250530
12365,998,34,70,58597.7,20240317
12366,742,23,44,1648.35,20251026
12367,843,7,8,8151.69,20250415
12368,1962,33,73,11699.09,20250522
12369,856,6,7,34609.82,20260217
12370,11,39,46,48200.99,20240420
12371,510,11,34,7461.89,20250216
12372,463,28,77,7005.91,20250423
12373,989,15,72,7736.98,20260314
12374,2459,14,6,16099.12,20240228
12375,2470,39,18,33987.5,20241012
12376,1430,37,66,3462.66,20250722
12377,791,15,50,56327.67,20250929
12378,46,27,15,137533.09,20250908
12379,905,34,20,73970.93,20240206
12380,2264,11,24,13827.68,20240802
12381,1298,32,18,1932.62,20250414
12382,2508,22,41,109959.47,20241207
12383,2580,29,20,10109.57,20250710
12384,1475,29,64,49694.84,20250215
12385,1906,33,61,83296.77,20260115
12386,2099,33,27,1029.53,20240111
12387,162,28,28,84536.99,20240102
12388,2082,25,46,3124.5,20250313
12389,2401,16,52,60310.68,20260302
12390,75,5,73,131139.64,20251016
12391,10,31,10,13851.45,20240109
12392,840,35,1,53608.27,20240920
12393,288,1,2,31515.62,20240728
12394,1520,20,70,3498.7,20240803
12395,1202,22,43,78666.42,20250722
12396,1809,20,28,28941.43,20240305
12397,2137,13,24,70698.18,20240410
12398,2096,25,77,9817.04,20250807
12399,948,24,20,14076.61,20260211
12400,2430,40,55,107650.49,20250220
12401,753,38,3,4643.7,20260103
12402,2766,5,79,116333.67,20251128
12403,1282,36,74,4613.82,20260325
12404,2085,16,24,2115.76,20260202
12405,1483,20,30,98049.22,20241110
12406,2421,5,21,53687.85,20241118
12407,2387,38,29,11360.57,20260215
12408,1783,8,49,3246.37,20240220
12409,404,3,59,64424.06,20240518
12410,313,10,46,1747.32,20240203
12411,1247,11,11,22960.48,20260221
12412,1144,2,24,86268.94,20240601
12413,2139,21,57,9602.59,20250531
12414,2481,11,52,97220.13,20240813
12415,183,15,51,65683.9,20241229
12416,2404,18,31,62068.03,20250118
12417,1478,21,53,26909.36,20250808
12418,663,31,8,129258.59,20250421
12419,2533,33,77,2233.35,20250512
12420,902,4,13,81648.53,20250202
12421,1933,13,60,17939.76,20240706
12422,382,22,39,11046.27,20260322
12423,2375,23,20,66005.49,20250630
12424,1186,24,3,33103.65,20241017
12425,1402,34,59,12901.24,20240620
12426,816,14,3,3135.44,20250419
12427,949,16,45,16739.44,20240201
12428,1497,13,33,8161.95,20260311
12429,1711,29,59,96482.04,20240408
12430,250,27,5,3697.93,20251111
12431,811,40,69,136198.51,20240822
12432,291,32,9,5943.05,20241123
12433,2203,37,27,6609.83,20240923
12434,91,26,9,77500.57,20240619
12435,122,35,11,3826.58,20241120
12436,2918,21,3,82705.61,20250606
12437,130,37,52,39955.94,20251218
12438,312,32,43,15531.0,20240215
12439,1155,38,5,30097.8,20251203
12440,2306,15,53,140720.07,20240722
12441,1150,30,3,10809.36,20251018
12442,1470,25,42,8946.79,20260114
12443,2284,3,10,2415.62,20250814
12444,2428,11,18,3612.62,20241129
12445,2196,1,15,43655.21,20250904
12446,1193,18,45,19084.26,20251130
12447,338,7,2,34684.03,20250225
12448,2741,8,61,1381.86,20250708
12449,1302,9,59,6802.71,20240504
12450,2481,8,73,4388.74,20240906
12451,1444,11,76,13831.67,20250124
12452,1681,12,74,110231.43,20240125
12453,2027,33,51,96055.81,20260125
12454,249,39,25,7289.06,20241228
12455,2918,15,3,52728.98,20251112
12456,2241,16,19,1478.96,20250303
12457,2090,17,21,39225.21,20260315
12458,2347,21,58,13358.86,20240913
12459,594,6,5,104031.6,20240816
12460,488,12,1,91495.51,20240425
12461,2753,21,41,95526.34,20240214
12462,2579,26,23,23168.62,20250731
12463,2726,19,79,58628.56,20260312
12464,1946,24,38,11691.07,20240117
12465,1459,9,63,6290.05,20240314
12466,1636,7,75,39917.75,20240422
12467,2324,20,15,15295.84,20241229
12468,1322,28,74,114844.5,20240913
12469,2945,34,19,7086.78,20241104
12470,2685,34,50,39082.04,20240227
12471,443,29,8,8361.95,20251106
12472,2271,1,2,53159.14,20250919
12473,627,13,15,2281.76,20240210
12474,1892,21,24,1911.25,20250420
12475,801,11,33,4922.01,20250224
12476,1456,2,58,36843.73,20260310
12477,1870,33,74,19674.23,20241109
12478,1522,40,69,16050.38,20260323
12479,2789,8,40,9592.95,20250106
12480,2049,40,38,1663.68,20260104
12481,6,31,28,3594.01,20240614
12482,1237,16,23,737.27,20240418
12483,448,9,5,742.15,20250930
12484,2410,4,74,117824.99,20250514
12485,788,5,62,27133.89,20241025
12486,1682,39,4,56717.19,20241107
12487,2659,7,7,3606.86,20240422
12488,398,8,25,48393.21,20240826
12489,2858,4,58,11351.25,20241230
12490,2754,27,63,11655.37,20250104
12491,2060,23,69,13831.19,20240831
12492,396,5,65,2084.83,20240127
12493,2751,13,57,3644.87,20260320
12494,646,19,1,15350.54,20241008
12495,1466,22,52,6249.7,20250519
12496,768,38,10,87615.94,20240609
12497,2077,1,78,71950.04,20240615
12498,347,2,11,65650.39,20250731
12499,766,30,15,129639.5,20250622
12500,2033,36,57,96794.08,20250218
12501,329,32,37,76790.46,20240607
12502,1547,19,28,60377.64,20241219
12503,2458,19,69,4472.64,20241209
12504,477,1,13,21174.62,20250705
12505,1441,18,41,51195.24,20250109
12506,681,3,58,140693.81,20241128
12507,2570,6,26,14110.0,20241107
12508,2969,32,40,1309.45,20250317
12509,1458,21,36,14610.2,20240925
12510,2356,30,68,28737.4,20240701
12511,628,17,58,36672.39,20240411
12512,1661,13,58,47969.64,20240514
12513,2454,5,28,108421.27,20240204
12514,2782,10,20,132340.93,20240326
12515,405,17,20,113577.48,20250319
12516,2218,31,38,14111.93,20240330
12517,2296,14,12,16801.81,20240502
12518,1437,13,38,42271.84,20250509
12519,2988,35,12,9722.31,20240430
12520,1264,40,52,99376.21,20250113
12521,2674,1,14,12950.34,20250326
12522,1962,21,18,39844.83,20240428
12523,665,33,33,9842.01,20241024
12524,2420,4,9,8699.24,20240507
12525,1443,26,77,10664.61,20251112
12526,1161,6,79,9285.2,20251229
12527,920,8,51,12610.62,20240224
12528,336,8,14,303.35,20250608
12529,84,9,64,10053.18,20241103
12530,1923,10,39,3313.61,20260331
12531,484,30,1,1690.1,20240518
12532,2315,4,11,327.82,20240904
12533,1733,13,41,13738.75,20240507
12534,1850,38,51,14234.36,20240223
12535,1050,15,52,7079.8,20260204
12536,1660,16,44,14875.3,20240222
12537,2145,19,40,78471.09,20260204
12538,1398,18,35,80224.32,20241020
12539,1655,19,46,117068.59,20250607
12540,1200,12,54,2560.16,20250726
12541,1703,29,31,13382.78,20250520
12542,1295,6,60,7189.83,20240625
12543,363,23,49,4962.87,20240705
12544,1690,2,51,4767.17,20250720
12545,2767,38,63,58768.45,20250623
12546,1505,25,65,1887.38,20241022
12547,968,20,24,18769.09,20251216
12548,2173,31,2,66743.42,20240708
12549,337,26,24,5646.63,20241223
12550,1342,26,16,4612.04,20240629
12551,2569,31,71,3574.49,20240307
12552,2055,10,53,115872.21,20260114
12553,1277,11,9,1800.12,20260312
12554,1533,13,31,14145.93,20250428
12555,1721,35,79,78243.63,20240126
12556,1415,40,61,2230.19,20250916
12557,2211,37,25,14732.32,20260308
12558,656,38,67,3211.48,20250102
12559,1775,39,72,108608.33,20250903
12560,2114,4,58,146149.59,20251101
12561,1611,40,67,9164.98,20240313
12562,1785,2,78,1652.35,20241127
12563,2749,21,15,15177.44,20240222
12564,562,36,34,35544.93,20241002
12565,2381,5,32,68656.48,20250829
12566,1773,24,25,7676.07,20250403
12567,2418,18,3,12535.74,20241004
12568,1853,10,61,14839.23,20241003
12569,2094,9,18,142033.84,20240606
12570,302,10,4,14670.89,20260201
12571,216,39,70,12115.65,20240919
12572,1770,12,68,19113.09,20240829
12573,610,13,47,7300.28,20241217
12574,1198,3,12,73380.89,20250203
12575,2152,15,78,3702.21,20240221
12576,2659,6,11,30987.27,20250729
12577,1494,20,55,651.25,20251211
12578,440,31,73,1022.47,20250729
12579,1721,3,13,1336.68,20250324
12580,2547,22,30,80733.55,20250119
12581,506,16,49,40060.42,20251202
12582,2500,27,44,3055.84,20260125
12583,888,28,24,71936.13,20251017
12584,2343,24,40,69534.2,20251216
12585,165,11,51,3522.2,20250826
12586,2200,18,2,709.07,20241122
12587,239,16,4,12194.8,20250228
12588,1722,28,63,52099.48,20241012
12589,244,31,56,9473.29,20240917
12590,1105,30,77,7334.46,20250126
12591,2362,31,33,6604.97,20241213
12592,2326,27,70,4458.38,20250125
12593,61,29,55,1070.18,20240630
12594,283,32,48,47425.82,20240725
12595,546,31,34,63944.41,20250304
12596,1231,8,20,4140.02,20240825
12597,976,31,3,3486.95,20241021
12598,1608,27,66,2360.24,20240710
12599,2446,39,78,2440.03,20240821
12600,1556,39,30,4181.64,20240926
12601,1626,6,49,724.98,20250204
12602,2145,2,16,100936.21,20241014
12603,610,12,42,39714.91,20260309
12604,1431,12,40,1594.07,20240501
12605,1545,39,66,12861.2,20251014
12606,2157,18,23,12705.6,20240106
12607,2501,16,79,93101.68,20240103
12608,1989,17,74,26916.16,20251223
12609,1644,9,63,64026.49,20240107
12610,2093,10,59,43513.25,20240728
12611,1229,28,44,1911.29,20240902
12612,2282,12,32,96843.06,20251224
12613,1062,13,63,9545.5,20240616
12614,340,21,40,3426.82,20250726
12615,1065,32,33,142083.57,20240526
12616,1183,16,39,84279.36,20250924
12617,1167,17,75,2297.85,20240413
12618,919,4,53,2690.94,20260105
12619,326,3,6,1395.37,20250115
12620,2316,12,58,9525.44,20240826
12621,929,21,16,34831.74,20240623
12622,562,38,54,9981.68,20250304
12623,1366,6,37,9911.47,20250424
12624,2932,24,45,12440.67,20251027
12625,1661,25,28,13488.36,20241118
12626,2031,26,68,27570.56,20260313
12627,2023,27,45,4855.42,20240515
12628,1914,28,45,14865.81,20240823
12629,1873,35,3,9309.71,20250905
12630,1188,30,66,42068.0,20251011
12631,2529,15,79,19920.55,20250427
12632,2340,39,76,76598.15,20240813
12633,123,33,27,12341.3,20240708
12634,1239,7,16,20450.56,20240304
12635,2591,35,69,141145.8,20250625
12636,999,36,68,14666.89,20240820
12637,1184,14,42,4378.65,20251106
12638,807,8,6,3747.13,20250913
12639,764,36,43,12835.38,20250211
12640,2662,40,10,17546.11,20240912
12641,1095,1,79,5850.41,20240212
12642,1640,2,15,117967.65,20251104
12643,1789,18,32,18226.26,20240121
12644,1246,10,9,9232.82,20240420
12645,695,5,19,137405.52,20240424
12646,2164,2,9,141146.96,20240306
12647,1195,6,44,15710.6,20260119
12648,2026,22,50,9473.43,20250111
12649,2652,9,29,16613.76,20240316
12650,2463,10,13,30366.21,20240707
12651,550,34,20,96031.57,20250911
12652,2498,16,36,20587.02,20251222
12653,1758,13,35,4147.18,20240620
12654,957,27,41,33540.2,20250831
12655,816,15,61,38287.39,20250328
12656,958,34,6,3409.42,20240111
12657,2723,19,2,106313.88,20240618
12658,2576,25,59,14334.08,20260130
12659,2016,19,64,7633.51,20240307
12660,2368,20,17,90890.29,20240609
12661,1361,17,14,102699.36,20241128
12662,128,22,48,96258.91,20240105
12663,748,23,2,20150.29,20250727
12664,566,33,29,331.25,20240617
12665,1232,28,26,20102.07,20241005
12666,183,37,41,9308.73,20251027
12667,1176,18,3,8980.37,20260206
12668,1276,24,9,145161.1,20241104
12669,2716,15,7,7483.08,20250512
12670,2062,30,36,118221.33,20250622
12671,2197,31,38,148202.46,20240509
12672,1947,11,80,5591.33,20240212
12673,83,33,63,2982.47,20250711
12674,124,1,9,13843.79,20241001
12675,1776,37,62,106203.49,20241202
12676,2963,17,78,3026.19,20240817
12677,2743,37,15,5253.89,20240517
12678,2144,11,65,95705.67,20251130
12679,1859,38,30,11493.33,20250820
12680,2539,13,47,8000.25,20241123
12681,818,21,17,713.69,20251112
12682,1875,36,9,24333.2,20251205
12683,490,3,10,55410.5,20250626
12684,1474,4,34,1603.13,20250415
12685,2780,35,35,2502.16,20250503
12686,234,6,1,12471.39,20251221
12687,2025,4,57,923.6,20250614
12688,2927,8,68,15599.59,20250128
12689,546,4,77,4006.52,20251109
12690,1478,11,23,15842.39,20260107
12691,553,3,12,4092.8,20251220
12692,590,34,67,137236.97,20241020
12693,2354,6,18,41721.82,20250920
12694,2263,14,80,18742.65,20241114
12695,2883,22,52,86571.25,20240321
12696,1435,2,18,803.99,20250607
12697,1192,31,57,105952.64,20250829
12698,958,18,76,25149.49,20250427
12699,995,3,15,9718.77,20240505
12700,1990,20,25,4641.34,20240609
12701,2617,31,35,2241.22,20241022
12702,2174,22,47,1375.56,20250705
12703,1521,24,8,104716.71,20251122
12704,1068,39,72,2386.84,20250214
12705,480,31,53,521.22,20241106
12706,2261,2,71,2607.03,20240331
12707,2584,4,25,6371.59,20240109
12708,1516,38,78,19547.85,20240815
12709,742,29,42,1060.02,20250404
12710,1711,19,18,808.74,20251013
12711,1485,16,80,73145.2,20240525
12712,1826,6,6,9544.38,20240218
12713,409,6,30,10886.22,20240123
12714,865,11,32,27650.86,20240615
12715,815,17,41,14338.53,20240817
12716,1373,9,50,126387.61,20251219
12717,706,37,51,3553.43,20240412
12718,1028,25,24,4829.63,20240618
12719,2544,10,36,76519.86,20240820
12720,2344,4,77,4101.94,20240811
12721,1879,38,11,7908.14,20240225
12722,1447,30,9,42634.18,20240407
12723,318,24,26,14112.24,20250627
12724,2183,5,47,9050.21,20251107
12725,254,11,72,51902.8,20240607
12726,1115,6,36,3305.14,20240831
12727,328,11,69,63096.45,20251222
12728,1078,27,16,7286.18,20250302
12729,2413,12,35,54177.62,20250412
12730,1640,39,22,112139.4,20251029
12731,824,40,73,18433.98,20250319
12732,424,12,54,73512.44,20240112
12733,790,3,41,8981.99,20250919
12734,692,40,35,38455.05,20241013
12735,731,6,66,15645.08,20250729
12736,338,25,51,16593.48,20250107
12737,2199,17,57,28527.29,20251025
12738,461,18,79,50423.41,20240708
12739,80,19,17,8796.46,20250314
12740,1682,4,15,8345.12,20240316
12741,1212,1,27,25629.17,20240302
12742,1967,40,63,78577.24,20240409
12743,1956,40,28,1082.36,20250526
12744,1073,2,35,7884.62,20240123
12745,1736,20,64,1344.72,20250710
12746,2863,18,32,8662.39,20250107
12747,609,27,78,84603.17,20240318
12748,2696,13,16,13839.87,20240906
12749,2648,23,6,7594.97,20240114
12750,601,30,53,91450.41,20240615
12751,910,31,24,3644.45,20250927
12752,2133,19,3,2036.57,20260309
12753,2175,33,11,5124.26,20240722
12754,597,9,66,3231.15,20240905
12755,575,13,27,4868.11,20240127
12756,84,38,24,844.05,20250309
12757,1339,3,50,2857.24,20250224
12758,2097,22,9,142073.68,20251002
12759,1738,16,15,3105.42,20250603
12760,2083,1,79,13811.64,20241126
12761,2699,1,49,70786.6,20240130
12762,2040,7,71,67745.34,20240124
12763,967,30,47,1755.54,20250928
12764,2741,3,73,1168.51,20250901
12765,2679,5,25,119507.21,20251101
12766,2570,13,42,53372.51,20251126
12767,2156,20,32,6505.23,20260207
12768,83,8,35,115073.31,20250926
12769,722,35,1,11469.29,20251110
12770,1267,27,62,69096.52,20260210
12771,2111,26,65,56725.4,20250120
12772,604,4,13,14447.91,20240422
12773,1725,13,29,10785.29,20240727
12774,2682,21,44,1168.03,20251216
12775,1380,15,35,31792.79,20251228
12776,904,35,54,67770.13,20240629
12777,88,8,29,77946.55,20241118
12778,1454,5,35,17759.72,20260330
12779,447,37,4,11085.37,20240110
12780,2979,11,70,1177.4,20241105
12781,2065,3,68,8683.39,20241120
12782,1626,22,46,1169.3,20260121
12783,587,19,35,11789.88,20260311
12784,2260,24,64,6709.25,20250115
12785,2945,35,33,11365.53,20251207
12786,611,26,6,11989.53,20240516
12787,89,27,18,3466.67,20250127
12788,2396,30,64,10608.68,20251121
12789,725,29,75,14951.13,20250821
12790,1829,24,57,72230.12,20250326
12791,952,31,77,131239.04,20260110
12792,1822,6,52,68863.3,20250126
12793,1374,33,78,65657.02,20240726
12794,1630,34,74,4864.01,20250726
12795,2396,35,60,45227.95,20251014
12796,2563,9,62,9488.58,20240912
12797,319,21,67,19316.29,20240809
12798,1933,38,27,2997.53,20240124
12799,1950,36,44,11649.94,20240914
12800,1819,23,32,52739.13,20240223
12801,423,1,28,47581.56,20240327
12802,2839,2,70,6345.56,20250220
12803,1635,10,1,6831.21,20250810
12804,1887,22,48,144226.94,20240929
12805,51,5,53,4131.67,20241119
12806,178,6,62,39426.02,20250516
12807,259,9,30,12987.88,20251115
12808,2277,16,47,3675.73,20240629
12809,1466,10,80,6606.04,20250615
12810,2534,38,8,7277.2,20260214
12811,335,29,33,60655.61,20250427
12812,1999,12,36,8742.92,20250308
12813,488,22,14,11519.53,20250207
12814,49,14,27,776.88,20250723
12815,1407,7,1,3708.45,20240821
12816,137,29,56,6835.4,20250427
12817,2810,17,47,4448.75,20260105
12818,2861,13,36,195.28,20251101
12819,1132,10,11,31973.26,20250506
12820,823,39,38,10979.63,20240908
12821,225,21,71,3969.48,20250622
12822,2895,13,59,8562.37,20250518
12823,2971,2,21,13011.79,20240627
12824,1800,24,66,12835.21,20260121
12825,2334,17,17,2030.63,20250618
12826,2196,33,17,6362.75,20241028
12827,2299,27,25,12750.65,20260207
12828,612,28,41,7280.64,20241121
12829,2146,29,2,65778.41,20241020
12830,1410,8,51,76535.66,20240414
12831,1220,10,25,50178.22,20260101
12832,1183,7,70,21959.18,20251103
12833,287,5,27,3467.68,20250330
12834,2745,17,56,14608.02,20251031
12835,1638,18,69,1868.25,20250417
12836,1225,30,53,63628.54,20241126
12837,948,19,66,5141.53,20250803
12838,1867,38,24,14082.32,20240805
12839,1606,31,34,14284.2,20250503
12840,1243,6,62,15382.9,20250307
12841,1475,19,45,65018.62,20240708
12842,1345,2,70,65699.0,20250604
12843,64,1,14,48895.48,20250806
12844,2388,1,14,3388.94,20240908
12845,2945,5,35,95729.67,20250403
12846,1251,6,28,61747.18,20240910
12847,4,31,9,24733.8,20251124
12848,721,39,63,4689.6,20250417
12849,226,35,65,3653.01,20241117
12850,1025,10,52,54893.24,20240624
12851,2513,31,38,6043.2,20240731
12852,2015,33,29,16162.61,20250517
12853,537,13,42,37809.1,20251021
12854,983,14,28,86062.72,20240720
12855,895,25,66,9157.3,20250830
12856,709,16,54,15246.05,20250422
12857,787,19,63,1745.83,20241021
12858,1834,10,32,47183.16,20250823
12859,290,17,38,7114.26,20240802
12860,2457,20,66,57971.8,20250203
12861,817,32,13,4416.23,20250205
12862,240,22,61,11286.82,20250623
12863,1770,26,47,31191.02,20250712
12864,110,24,26,25157.43,20250105
12865,342,25,5,2073.53,20241106
12866,587,26,3,2322.13,20240915
12867,352,27,13,37589.69,20241204
12868,2422,38,74,4274.07,20240924
12869,418,29,70,15859.22,20250917
12870,1522,33,42,53510.4,20250708
12871,2454,31,79,124238.09,20251005
12872,2769,32,60,43569.38,20251122
12873,1758,15,69,19943.84,20250824
12874,1764,34,36,1382.04,20250621
12875,1623,35,7,15825.98,20260108
12876,1383,36,42,44916.24,20240123
12877,2554,37,64,106175.61,20260118
12878,396,17,3,3899.49,20240311
12879,948,30,3,76006.84,20240121
12880,783,20,53,61205.82,20250208
12881,2715,3,58,6251.97,20240519
12882,384,37,32,79444.06,20240620
12883,2816,15,2,3731.36,20260131
12884,1044,4,57,34459.92,20260313
12885,1481,8,14,49249.07,20240511
12886,2835,6,25,30073.31,20241029
12887,1308,26,57,3491.67,20250412
12888,2993,8,7,72913.53,20240425
12889,10,12,57,2378.98,20250129
12890,1698,10,36,31919.63,20240515
12891,2695,39,11,113716.82,20250609
12892,1222,4,8,28289.03,20240725
12893,1394,13,74,1037.67,20251016
12894,1270,10,12,13299.25,20250502
12895,2053,15,47,7559.07,20250819
12896,2313,13,50,3903.9,20260212
12897,2678,16,57,106580.56,20250618
12898,244,16,80,38901.69,20250707
12899,1070,32,24,10374.81,20240516
12900,278,20,42,84056.65,20240810
12901,205,14,36,12386.36,20241201
12902,481,7,70,12017.66,20260120
12903,690,17,45,45337.93,20260204
12904,180,21,37,71026.42,20250424
12905,631,23,38,1125.55,20240405
12906,1132,26,28,15548.8,20251213
12907,1911,8,4,43854.78,20240302
12908,2246,39,35,11133.95,20240131
12909,339,30,21,11418.86,20251205
12910,1647,24,13,4668.49,20240807
12911,1532,31,28,56222.66,20250609
12912,1738,38,37,9798.66,20250105
12913,25,20,54,30864.1,20251118
12914,1308,32,72,9165.51,20250111
12915,399,6,30,15331.39,20250511
12916,1216,36,54,1627.64,20240712
12917,2406,11,49,3908.83,20251022
12918,934,25,15,13833.09,20260319
12919,1799,29,53,3865.75,20250109
12920,1915,33,41,13960.53,20240725
12921,2893,1,40,54893.82,20250730
12922,808,1,32,68630.52,20240609
12923,2590,7,23,109993.6,20241116
12924,207,8,21,919.15,20240106
12925,435,23,65,74125.59,20241013
12926,344,24,10,3211.66,20240619
12927,2,35,73,1351.85,20250707
12928,1668,39,29,13962.47,20250201
12929,2912,9,8,6540.06,20240406
12930,1235,9,71,8678.86,20240410
12931,2428,11,12,21460.74,20250702
12932,2016,31,33,3720.23,20240925
12933,709,13,78,106880.34,20241206
12934,2652,29,52,54317.16,20250912
12935,122,15,51,2888.46,20250122
12936,1713,36,60,57566.17,20251210
12937,1427,17,80,11478.25,20240315
12938,1003,22,39,1519.98,20250303
12939,1776,22,29,3210.16,20251228
12940,1588,23,75,4874.28,20241117
12941,259,26,32,14124.95,20251128
12942,2949,22,26,3235.68,20260214
12943,2686,6,15,2041.24,20250703
12944,2099,7,50,4523.74,20240923
12945,2558,12,4,8698.57,20260311
12946,29,37,73,6986.61,20250227
12947,600,5,74,115126.47,20240717
12948,1535,14,68,119792.49,20250215
12949,189,29,68,7754.12,20250905
12950,2863,27,69,102907.67,20240403
12951,478,31,6,21592.99,20250731
12952,134,32,69,2547.16,20241114
12953,1364,2,6,11850.31,20250305
12954,2180,36,72,415.2,20240122
12955,577,35,66,28763.43,20241004
12956,1860,34,50,5978.11,20240224
12957,1667,31,66,3516.62,20260207
12958,2708,38,7,11736.95,20251208
12959,996,39,65,76917.79,20250328
12960,2017,38,61,1925.83,20260304
12961,3,11,24,67156.84,20240917
12962,2163,2,19,8631.12,20250907
12963,1546,28,66,15744.34,20240107
12964,2464,31,19,62594.96,20250925
12965,429,40,60,3974.12,20241110
12966,2075,17,22,11203.5,20250216
12967,2794,21,73,11010.47,20250607
12968,2831,8,38,8210.39,20250326
12969,1183,24,61,4518.04,20250101
12970,1656,30,23,40636.29,20240623
12971,1474,23,43,4964.96,20240520
12972,1765,39,76,13684.64,20240926
12973,820,39,77,4211.48,20241002
12974,2219,16,14,4961.91,20240415
12975,192,33,49,4993.25,20240911
12976,947,36,6,1388.52,20240801
12977,425,12,47,10239.11,20250910
12978,1746,22,53,43503.38,20251105
12979,415,29,47,10354.45,20250430
12980,187,23,67,1571.06,20251120
12981,1010,37,30,2512.78,20260324
12982,2726,24,6,111263.88,20240923
12983,2210,4,2,5159.21,20240306
12984,2043,39,67,1207.99,20240109
12985,953,34,52,22885.61,20250120
12986,1311,31,78,29182.09,20250314
12987,2576,27,51,26900.72,20240201
12988,2224,5,26,140263.49,20240911
12989,1928,29,25,180.64,20250618
12990,1146,30,65,11717.58,20240330
12991,232,3,50,18261.25,20251008
12992,2979,32,80,3759.21,20251229
12993,2638,2,44,136707.19,20241006
12994,1,4,69,12163.71,20240621
12995,257,10,54,105943.46,20240207
12996,255,8,79,82997.75,20240708
12997,2196,1,78,21019.46,20250127
12998,1262,38,20,70312.23,20260327
12999,916,23,52,14847.9,20250227
13000,2562,40,5,30413.31,20251011
13001,604,39,19,3000.06,20241027
13002,933,21,17,175.19,20240305
13003,1074,16,44,7613.68,20250227
13004,1721,33,26,48105.01,20250109
13005,1404,31,40,296.14,20260313
13006,1736,6,37,11394.14,20250307
13007,1253,34,35,87476.67,20250610
13008,2624,37,29,3265.02,20250312
13009,2023,25,71,19290.26,20240410
13010,1637,5,34,55392.82,20251013
13011,2698,11,12,4711.74,20241202
13012,57,12,3,5694.21,20250411
13013,2626,13,43,9960.43,20240713
13014,2609,14,54,18950.61,20240415
13015,2137,40,44,22148.17,20260219
13016,1721,16,55,7263.75,20240402
13017,2925,37,39,54548.6,20250927
13018,1331,24,31,31062.8,20240912
13019,637,19,50,21785.0,20241103
13020,2403,18,36,12661.08,20250822
13021,2995,21,72,66359.16,20240113
13022,2124,22,15,40236.2,20251109
13023,2638,28,25,12159.52,20250816
13024,2854,31,18,61055.22,20250914
13025,2052,25,72,2588.48,20250708
13026,2402,3,23,7042.65,20241105
13027,1711,27,29,4147.06,20250712
13028,2536,1,58,1543.55,20250830
13029,1481,29,70,13086.71,20241024
13030,2981,30,73,16685.65,20251024
13031,2058,37,42,2284.93,20260304
13032,871,10,55,14836.99,20241108
13033,652,38,67,8403.36,20250726
13034,1908,5,6,68928.63,20240215
13035,447,38,21,2877.36,20240824
13036,833,33,49,16696.45,20240812
13037,1989,37,50,54452.12,20250531
13038,2151,33,37,3303.64,20240602
13039,2621,39,48,11124.06,20240418
13040,1881,40,69,6054.63,20260106
13041,122,30,39,18811.43,20250622
13042,730,2,10,12471.78,20241207
13043,348,2,5,14943.73,20260204
13044,215,4,18,11621.69,20240102
13045,1900,34,51,1690.45,20240410
13046,1253,36,64,731.46,20251001
13047,1738,3,6,14858.57,20240902
13048,2949,24,46,12349.83,20241106
13049,290,9,52,999.83,20250531
13050,687,31,4,9578.79,20260123
13051,859,32,17,46671.11,20240429
13052,2808,26,1,2473.93,20240514
13053,2208,18,33,12337.05,20250308
13054,2498,14,58,2515.39,20241021
13055,533,15,23,19827.79,20240517
13056,127,11,59,117599.4,20250720
13057,2780,37,28,4036.46,20250606
13058,1088,16,38,2563.14,20250515
13059,1355,19,37,4365.3,20240223
13060,1446,20,27,12416.8,20240106
13061,1851,24,2,5870.34,20240719
13062,1573,37,23,43355.12,20251029
13063,2961,11,55,10763.69,20251204
13064,1502,6,67,40378.59,20240326
13065,729,33,58,3289.23,20251228
13066,892,6,28,7553.64,20240310
13067,698,27,28,95214.76,20260314
13068,1820,18,38,13780.67,20260101
13069,600,1,58,2328.08,20240613
13070,1831,26,38,2152.91,20240108
13071,15,3,64,10079.88,20240510
13072,1519,40,20,2441.0,20251023
13073,717,38,65,4550.96,20240331
13074,1761,1,45,14913.64,20250604
13075,415,25,18,16163.15,20240318
13076,2101,18,51,15671.66,20241004
13077,1583,22,4,111717.8,20241108
13078,259,15,33,2311.82,20251103
13079,577,1,69,1747.57,20250528
13080,325,37,34,3735.82,20240305
13081,35,28,48,109848.92,20250117
13082,1397,10,20,53264.83,20240624
13083,935,27,1,8862.3,20251031
13084,2874,19,72,47721.23,20251024
13085,2434,36,58,12399.15,20250412
13086,1412,6,13,74623.47,20260215
13087,1617,6,7,11237.35,20250410
13088,821,11,67,78086.52,20250319
13089,2640,23,32,8780.15,20260106
13090,2277,10,75,4960.62,20251105
13091,2536,29,21,31566.75,20250420
13092,2282,16,72,24921.76,20250213
13093,1413,13,75,7224.71,20251116
13094,1733,4,65,4479.56,20250217
13095,2224,34,12,4710.91,20240923
13096,526,18,56,59810.86,20260228
13097,500,17,56,5881.37,20260211
13098,494,5,4,5091.35,20251008
13099,1397,39,25,4745.54,20250114
13100,2121,20,19,109138.66,20240817
13101,1172,25,75,22508.41,20260326
13102,1767,22,43,55925.66,20240927
13103,1228,37,57,33810.72,20240426
13104,33,24,13,9387.94,20240726
13105,1328,25,73,19243.21,20250331
13106,1683,7,62,10457.4,20240103
13107,2723,40,63,1770.1,20241219
13108,1810,28,15,4417.65,20250503
13109,242,6,50,7952.23,20241022
13110,803,24,35,29032.76,20241216
13111,571,2,65,99554.12,20250429
13112,2028,32,74,118318.46,20240718
13113,438,35,77,19611.31,20250315
13114,2744,7,40,20074.69,20250523
13115,2759,35,22,74477.77,20260210
13116,979,18,52,1385.85,20251129
13117,1631,37,6,19759.33,20250502
13118,709,38,64,4888.44,20250525
13119,1330,31,72,6554.84,20240720
13120,1766,1,63,2666.18,20240625
13121,2927,22,66,8468.26,20250802
13122,2946,18,58,4161.76,20250511
13123,2803,26,42,34578.04,20251229
13124,1235,4,3,103492.13,20241017
13125,506,5,66,976.23,20240719
13126,1046,32,34,147926.4,20260220
13127,2071,24,77,4510.53,20241202
13128,2783,31,28,5485.43,20241204
13129,1058,9,65,111266.62,20240124
13130,1093,10,16,4406.14,20251212
13131,1187,4,2,17547.2,20240119
13132,54,32,52,1278.1,20250519
13133,523,14,7,1413.44,20250604
13134,1921,14,67,10432.61,20240706
13135,730,32,4,19229.4,20250907
13136,2776,5,70,14407.12,20250213
13137,1475,15,16,31440.71,20240318
13138,1663,18,57,1711.04,20260323
13139,2436,19,51,3874.76,20251102
13140,1152,20,53,4081.32,20250623
13141,2111,14,53,912.63,20250821
13142,1808,22,71,1941.07,20241210
13143,796,23,48,21333.48,20251209
13144,1318,26,71,5320.37,20240324
13145,1255,35,59,18851.07,20250511
13146,856,13,13,108716.37,20250703
13147,1000,2,17,4445.22,20251101
13148,982,10,1,29497.85,20250518
13149,1682,25,24,4780.68,20251219
13150,1184,6,9,10315.79,20250826
13151,241,34,15,71619.67,20240511
13152,1024,12,72,2359.73,20240712
13153,1513,4,14,56488.86,20260124
13154,1670,37,54,2763.9,20250911
13155,2676,35,2,3610.59,20250319
13156,1724,3,27,55305.33,20250220
13157,2949,14,73,3248.28,20250329
13158,1575,38,3,118603.76,20250320
13159,1155,39,21,28860.5,20250412
13160,2403,5,57,3989.01,20260107
13161,1989,1,44,13523.8,20250122
13162,534,1,36,82274.79,20240628
13163,904,3,76,10212.26,20251205
13164,114,18,66,1389.89,20251119
13165,2242,14,46,3944.36,20240411
13166,1942,5,76,9612.21,20240201
13167,1982,7,36,2531.23,20251227
13168,204,24,69,2391.75,20240626
13169,432,5,60,74177.99,20251103
13170,2430,9,17,10271.89,20260326
13171,1720,27,36,14929.21,20250703
13172,1089,12,48,3171.38,20250902
13173,2133,12,8,23663.51,20250825
13174,2593,14,51,4945.06,20250808
13175,1487,15,34,67888.52,20240418
13176,654,16,37,7174.39,20260212
13177,1610,19,57,148162.18,20250316
13178,2693,18,56,88348.38,20260319
13179,891,19,3,12182.82,20240108
13180,2852,20,14,46560.46,20260307
13181,1663,40,51,83277.53,20250403
13182,1482,33,44,30322.46,20250410
13183,828,40,54,12361.79,20260312
13184,710,8,78,4447.08,20240515
13185,1378,25,31,148440.16,20251011
13186,2451,32,9,48411.74,20240910
13187,153,39,29,23352.68,20240813
13188,2993,4,51,112977.84,20251113
13189,2191,6,71,3107.43,20250502
13190,1686,38,73,124349.89,20240308
13191,225,22,49,25023.36,20240330
13192,1082,32,58,11703.62,20240617
13193,2664,33,38,16674.26,20251017
13194,1878,5,25,52523.32,20240501
13195,1252,27,57,129734.32,20250213
13196,1692,36,69,1391.89,20240814
13197,342,21,77,135506.6,20250119
13198,2568,1,8,106052.14,20250609
13199,2277,36,15,7689.24,20250624
13200,1335,16,34,25886.4,20260208
13201,469,11,23,1967.27,20260302
13202,552,2,4,9747.57,20250730
13203,2161,40,25,140960.45,20240601
13204,2994,32,23,20227.25,20250903
13205,2314,5,29,5272.0,20240601
13206,627,11,70,13625.19,20240113
13207,1097,7,50,20398.94,20240524
13208,1980,34,52,739.3,20240406
13209,2425,33,21,3577.75,20241002
13210,2496,10,22,78920.98,20250320
13211,717,38,78,804.38,20260122
13212,1099,3,72,923.7,20260319
13213,696,28,80,6230.45,20251013
13214,2787,11,43,2340.25,20240618
13215,2860,19,41,94970.24,20240712
13216,308,25,70,2274.86,20240223
13217,2197,19,26,90655.29,20240206
13218,1359,15,16,13140.87,20250225
13219,979,35,23,19765.26,20250614
13220,2583,20,44,99130.88,20250203
13221,2288,18,16,50923.73,20251118
13222,956,5,54,129137.63,20240518
13223,915,23,71,67690.55,20240705
13224,891,13,34,49798.56,20250417
13225,62,25,19,58888.67,20240528
13226,1451,26,63,18325.32,20240301
13227,2092,1,58,43876.44,20260301
13228,494,36,61,11138.17,20240911
13229,2720,22,38,4198.97,20260321
13230,564,30,21,3879.62,20240624
13231,2282,38,47,15514.83,20250726
13232,8,32,4,3564.36,20260125
13233,85,15,67,41219.4,20251010
13234,223,34,5,78766.83,20240301
13235,449,35,7,96387.96,20240401
13236,2291,8,1,8942.96,20240626
13237,2171,7,43,68910.02,20250710
13238,1907,11,55,4464.58,20240417
13239,322,26,23,1498.74,20240226
13240,1455,24,48,13113.93,20250831
13241,2337,38,12,2599.68,20240220
13242,717,4,47,79884.33,20240611
13243,2903,31,9,54647.05,20240521
13244,1350,40,52,4682.69,20250508
13245,1194,26,52,43604.04,20240603
13246,2454,6,35,5368.89,20240704
13247,2519,7,14,4082.95,20240125
13248,163,28,8,4133.41,20240410
13249,1765,3,33,77384.32,20240127
13250,448,40,28,153.97,20241006
13251,55,12,27,1110.5,20251223
13252,1162,12,16,3895.21,20250526
13253,962,17,23,61891.7,20240505
13254,1484,14,36,3230.77,20240425
13255,2324,37,2,115402.66,20240903
13256,2675,38,73,27611.96,20250816
13257,1372,10,71,14505.18,20251105
13258,2656,34,14,1995.81,20241105
13259,767,13,51,2984.57,20250722
13260,1196,37,11,5577.44,20251010
13261,2561,21,74,149936.92,20251117
13262,2428,20,35,68222.63,20240604
13263,1098,25,31,5690.53,20241123
13264,1817,24,51,525.18,20240705
13265,389,36,39,2203.46,20250307
13266,156,32,77,69901.7,20250304
13267,2306,11,67,12733.16,20250623
13268,894,28,80,10217.28,20241025
13269,1405,10,41,60689.72,20250617
13270,2337,11,46,43382.68,20241110
13271,1318,2,32,31590.46,20260111
13272,2475,14,9,3944.34,20240814
13273,532,33,65,10536.25,20241230
13274,312,16,9,10266.34,20241212
13275,1682,35,76,127131.28,20251007
13276,429,36,58,120607.64,20240909
13277,1236,37,66,37060.4,20250111
13278,481,17,52,14878.33,20240104
13279,2206,39,3,2855.11,20240101
13280,654,35,52,5169.73,20241210
13281,1352,1,68,3260.43,20260217
13282,201,35,3,1699.54,20240404
13283,475,31,12,6118.76,20251204
13284,2201,4,32,14681.59,20250419
13285,455,5,75,33588.14,20260210
13286,1868,6,8,52941.08,20251210
13287,1766,1,56,36408.64,20250129
13288,1935,36,9,39751.43,20251220
13289,2750,4,51,11889.54,20251230
13290,1328,38,73,102534.97,20241213
13291,1091,11,41,6942.13,20260210
13292,1542,7,44,9509.21,20240414
13293,1603,13,29,71824.26,20251127
13294,62,16,1,33593.73,20240814
13295,2660,15,6,5311.68,20241225
13296,1281,16,80,15197.31,20240726
13297,2099,36,30,8180.09,20260205
13298,1663,18,66,11556.8,20250829
13299,1047,17,36,10161.8,20250708
13300,461,5,62,54348.78,20240602
13301,2563,21,70,6349.17,20240527
13302,1691,13,20,6505.0,20260222
13303,868,2,21,1840.68,20260107
13304,1268,24,78,133459.33,20241208
13305,1015,36,14,57518.14,20250603
13306,1374,1,11,797.63,20240203
13307,1150,13,51,56316.29,20251121
13308,1701,12,22,84192.19,20241122
13309,673,29,24,35977.48,20240415
13310,2948,22,40,13312.77,20250904
13311,940,33,70,74885.88,20241013
13312,2255,32,4,11670.72,20241013
13313,1625,13,3,123231.91,20250116
13314,159,34,62,11141.47,20250914
13315,1841,6,30,77295.28,20250301
13316,947,36,36,22664.44,20240513
13317,2845,37,12,29005.91,20240122
13318,2977,23,11,17905.96,20240516
13319,1168,19,73,50256.38,20241231
13320,2638,6,20,3808.71,20240430
13321,1686,39,51,5479.79,20241122
13322,552,35,54,71933.52,20260223
13323,1917,31,51,7665.44,20240716
13324,1465,33,37,20564.62,20250105
13325,887,20,53,4522.95,20240116
13326,1846,6,77,54661.73,20240228
13327,713,7,61,12707.58,20251205
13328,1920,34,80,85305.58,20240528
13329,2630,9,52,107249.43,20240310
13330,2491,10,54,93504.99,20240331
13331,1239,11,48,50477.37,20241107
13332,154,22,63,72268.57,20240724
13333,2043,14,28,15932.77,20250727
13334,2295,5,26,8083.33,20251028
13335,2308,15,34,16102.65,20241111
13336,1379,16,69,688.44,20240629
13337,2407,19,41,39024.13,20250727
13338,734,18,55,122104.7,20250820
13339,2867,31,3,31721.61,20250729
13340,1925,39,76,3458.93,20240428
13341,1441,21,34,7590.52,20240227
13342,355,40,60,95721.93,20260227
13343,1013,40,47,68404.15,20250206
13344,7,40,57,147360.85,20250506
13345,982,32,28,1864.05,20240907
13346,101,1,75,119802.75,20260306
13347,2134,33,31,54843.36,20240401
13348,2357,28,33,10709.88,20241126
13349,1542,25,30,9664.88,20250206
13350,2354,30,75,1806.42,20250714
13351,1954,31,21,2553.54,20240101
13352,2562,18,9,10622.08,20260302
13353,1138,34,51,83635.27,20240728
13354,1863,32,41,54772.43,20240331
13355,75,24,51,6123.55,20260314
13356,109,36,63,10214.36,20250715
13357,219,4,12,14072.53,20250809
13358,2184,29,70,47004.01,20251212
13359,371,39,24,141186.18,20250815
13360,226,38,38,13820.44,20250514
13361,437,17,61,6269.61,20250203
13362,2318,2,66,16527.33,20251116
13363,1093,15,32,3204.08,20250902
13364,2733,18,8,4776.8,20250826
13365,1353,5,40,5893.87,20241024
13366,2951,16,11,4423.4,20241019
13367,469,38,76,15082.45,20241223
13368,1629,17,6,53077.0,20240721
13369,1775,36,28,2934.96,20240402
13370,502,10,29,44256.72,20240610
13371,1092,37,16,1750.76,20250921
13372,2723,12,76,6193.11,20241124
13373,2862,13,4,15312.21,20250221
13374,1894,14,51,494.19,20251010
13375,1762,15,36,14132.51,20250507
13376,1058,16,51,4938.89,20241112
13377,2657,31,20,3468.73,20260114
13378,2331,37,38,3428.93,20250901
13379,2579,19,16,109897.05,20241011
13380,2366,25,55,12553.8,20250617
13381,2360,21,49,71886.05,20260224
13382,2682,27,5,52746.12,20250602
13383,733,32,4,12121.32,20260128
13384,1420,14,35,1562.74,20240715
13385,1968,34,63,2427.47,20240301
13386,996,36,79,81823.04,20250915
13387,767,27,68,4640.34,20250101
13388,1166,30,33,33216.76,20240907
13389,1759,14,39,7263.3,20241102
13390,2509,30,23,74998.42,20240505
13391,2375,31,26,7118.71,20240701
13392,222,17,65,53603.33,20240529
13393,2465,4,45,1955.81,20250103
13394,1865,39,18,5401.98,20240624
13395,1901,3,7,12780.12,20240119
13396,18,14,67,148708.31,20250413
13397,38,30,31,19066.29,20250623
13398,1979,40,80,44713.74,20250603
13399,619,39,44,56387.38,20250328
13400,435,7,25,46890.38,20250704
13401,695,7,4,12122.37,20250912
13402,2369,29,3,3512.79,20260317
13403,1196,24,9,27306.11,20240731
13404,2068,12,65,4515.21,20250609
13405,2781,8,6,146918.87,20250328
13406,2829,5,15,2371.3,20240928
13407,2521,27,56,61732.62,20240115
13408,2334,39,14,87168.48,20250712
13409,1228,7,35,861.08,20240424
13410,133,10,12,2803.65,20241030
13411,120,13,26,12420.15,20241017
13412,2391,12,59,9576.93,20250310
13413,69,9,63,40071.73,20240727
13414,1718,27,69,148259.86,20250719
13415,2026,26,7,9462.99,20250331
13416,2552,16,62,107488.08,20260121
13417,2457,26,80,32800.43,20250426
13418,2818,18,52,11224.52,20250209
13419,78,29,79,38775.41,20260301
13420,2984,3,31,2823.85,20251119
13421,881,26,6,1773.49,20240128
13422,1284,14,72,22382.83,20250615
13423,330,23,54,81740.84,20260307
13424,2022,24,10,13175.22,20250927
13425,611,25,11,52189.02,20250403
13426,2917,26,38,14017.84,20240503
13427,1904,7,32,16788.62,20250814
13428,2045,28,70,2526.7,20240111
13429,2052,29,3,33176.98,20241022
13430,1895,22,57,1285.12,20260301
13431,1776,31,78,145329.64,20240625
13432,993,8,21,64252.28,20241112
13433,2300,35,19,3661.86,20241224
13434,627,34,1,3727.49,20250622
13435,691,14,50,5646.21,20250124
13436,1679,16,44,22782.61,20240325
13437,2715,22,41,17990.34,20250630
13438,2106,4,68,30247.86,20250204
13439,847,31,19,297.34,20251213
13440,2449,3,45,10319.44,20251004
13441,705,12,79,12011.39,20250424
13442,1637,15,15,3948.27,20240326
13443,2247,4,53,100671.13,20251020
13444,2804,4,55,5667.85,20260217
13445,223,5,22,104889.87,20251006
13446,561,20,63,17447.78,20260213
13447,1276,19,65,5110.14,20250416
13448,2649,33,2,137016.11,20240820
13449,2305,9,48,917.99,20240217
13450,375,10,35,111817.48,20250729
13451,1247,21,61,65535.08,20240418
13452,543,4,35,8947.13,20250118
13453,2545,37,21,123819.38,20241217
13454,2758,14,38,35524.12,20240125
13455,2741,7,37,11415.62,20250226
13456,1209,16,8,121391.86,20240723
13457,1702,7,78,22322.86,20260301
13458,2710,21,33,69208.05,20260224
13459,1517,39,60,923.26,20241119
13460,1496,20,47,2954.78,20241119
13461,14,6,42,5966.52,20240411
13462,2311,22,80,5781.27,20250918
13463,688,11,47,26704.22,20250212
13464,1125,39,76,8751.75,20241227
13465,849,24,43,55061.7,20250317
13466,2802,39,60,6710.49,20240912
13467,2803,35,21,49629.74,20250122
13468,2347,33,42,2043.16,20240322
13469,1716,29,73,23219.76,20240212
13470,1158,30,20,79725.64,20240812
13471,71,31,26,3618.83,20260221
13472,285,32,50,11389.09,20260326
13473,2263,20,76,1310.64,20250705
13474,1658,18,66,8808.43,20250627
13475,982,6,24,4359.4,20251202
13476,2457,36,25,72164.69,20240324
13477,1719,18,31,24216.76,20241120
13478,1242,17,33,15885.94,20251219
13479,1239,39,9,11540.06,20240923
13480,59,3,47,6048.6,20250329
13481,940,1,12,102320.01,20240208
13482,1889,2,33,2314.58,20250722
13483,1135,17,52,10470.82,20241108
13484,2374,4,67,2703.22,20250726
13485,1261,40,63,7886.38,20240308
13486,2696,32,29,25941.69,20251024
13487,1103,7,32,61270.06,20241206
13488,656,29,46,10470.92,20260103
13489,2698,11,14,91919.87,20250227
13490,102,1,42,3654.37,20251101
13491,1981,19,65,10902.23,20251227
13492,2516,35,73,3894.79,20250401
13493,960,16,76,3822.44,20251008
13494,2626,33,14,2464.85,20260307
13495,410,6,59,111352.06,20251207
13496,1166,16,42,9550.61,20251222
13497,847,17,8,29098.4,20240307
13498,1786,18,50,69495.65,20240128
13499,2226,22,28,32799.54,20251227
13500,1698,30,51,19933.57,20240228
13501,759,34,80,7863.8,20240107
13502,431,16,21,4252.22,20250501
13503,2921,32,69,90063.88,20241130
13504,528,19,9,9528.7,20241218
13505,2260,15,10,16383.69,20251207
13506,1522,26,41,14452.49,20241230
13507,1985,40,1,9434.32,20251221
13508,503,28,49,108124.34,20241103
13509,1466,29,3,136502.81,20240329
13510,569,39,80,18204.92,20241107
13511,1766,29,53,13403.28,20250822
13512,2337,4,60,8831.0,20260316
13513,1640,1,34,18104.35,20240501
13514,2418,28,35,3840.98,20250522
13515,1971,35,71,35514.86,20250802
13516,977,36,13,1594.4,20240103
13517,2612,4,9,32721.33,20250511
13518,2697,20,79,1189.46,20251204
13519,1027,25,2,8055.92,20260207
13520,624,40,26,57655.5,20240824
13521,526,1,32,18974.82,20260324
13522,1531,15,26,5790.84,20240909
13523,1992,3,60,24532.2,20240914
13524,456,21,62,10509.01,20260326
13525,1320,19,73,4133.39,20240328
13526,1776,6,56,1673.55,20250129
13527,603,7,38,5692.85,20240402
13528,904,8,42,103434.61,20250729
13529,440,32,77,9299.08,20241215
13530,1285,15,19,16805.3,20240126
13531,2606,11,7,13005.67,20250427
13532,242,12,78,19139.95,20240825
13533,371,40,44,12815.45,20260104
13534,998,15,23,43079.62,20250721
13535,2869,36,30,1728.51,20260109
13536,1749,5,8,61372.66,20240318
13537,2680,17,66,5842.15,20241117
13538,676,40,26,18686.38,20240624
13539,2245,19,36,11685.89,20250607
13540,195,3,39,140251.87,20250130
13541,596,30,77,2770.09,20241120
13542,2072,6,46,60287.61,20260401
13543,155,33,60,6616.69,20241018
13544,564,6,60,44641.71,20260330
13545,2036,27,13,129.1,20260224
13546,2126,28,14,1345.44,20251221
13547,330,27,41,9101.54,20240128
13548,260,24,58,16048.14,20240109
13549,1659,29,24,98395.97,20240902
13550,1565,12,13,9302.88,20241230
13551,2170,21,33,14740.34,20250908
13552,388,37,33,5589.58,20240207
13553,953,10,42,34691.97,20250417
13554,180,17,29,7409.66,20240403
13555,1313,35,5,8590.16,20241025
13556,186,36,48,21309.9,20250916
13557,1787,30,14,10804.56,20250507
13558,277,33,36,1789.99,20241125
13559,423,33,39,16584.82,20251212
13560,1852,40,77,4133.63,20240527
13561,1246,1,70,10038.15,20260318
13562,981,2,8,8535.86,20240724
13563,2543,29,51,7597.98,20251103
13564,537,1,20,23144.76,20241217
13565,2542,32,59,4608.95,20250330
13566,2187,6,45,1474.87,20240625
13567,745,18,70,10673.33,20250408
13568,1013,8,15,58358.85,20250717
13569,1773,24,39,47255.65,20250808
13570,1328,17,3,44832.7,20251124
13571,1624,14,18,1336.9,20241215
13572,2251,1,74,21404.29,20250607
13573,732,21,1,30057.58,20251201
13574,1692,14,78,14208.13,20251113
13575,663,23,32,4517.54,20260225
13576,383,16,41,6475.63,20240714
13577,1088,17,8,24930.76,20251209
13578,1117,18,56,54431.11,20250620
13579,1097,12,40,78399.85,20240215
13580,2603,30,24,14961.39,20250526
13581,993,40,21,44983.04,20240330
13582,138,11,76,13074.72,20250605
13583,148,14,68,4325.27,20250709
13584,1878,39,6,11723.66,20251022
13585,2699,8,41,4620.02,20240327
13586,971,29,49,2192.18,20250411
13587,1800,36,63,8636.04,20240521
13588,2484,16,20,12788.9,20251019
13589,2718,3,45,6875.12,20250111
13590,371,30,18,13408.69,20251210
13591,1515,14,51,1147.03,20260308
13592,267,4,19,17373.07,20241203
13593,2687,24,19,110313.64,20241227
13594,1783,16,37,13376.27,20240918
13595,540,36,25,19224.62,20260214
13596,805,36,64,128168.23,20240317
13597,126,36,37,44246.38,20260312
13598,1120,20,37,77453.2,20240113
13599,694,39,18,47793.14,20240708
13600,1983,40,32,1998.2,20240606
13601,686,17,69,24678.82,20250403
13602,1571,10,71,57287.77,20250515
13603,2340,36,37,7061.28,20250111
13604,2033,25,47,17207.34,20260319
13605,1777,37,33,3017.29,20250519
13606,13,29,12,19321.69,20240126
13607,1376,8,51,6906.62,20240813
13608,2069,8,34,47688.49,20240420
13609,2760,9,42,100459.88,20250130
13610,2751,22,52,134710.01,20250127
13611,115,10,36,719.44,20251111
13612,2992,12,53,10461.51,20240831
13613,1886,19,67,4275.45,20240524
13614,2690,40,39,12545.54,20250905
13615,2820,15,56,62621.87,20241022
13616,2610,29,6,81421.07,20250818
13617,1114,6,43,2409.26,20241225
13618,2443,18,2,7461.96,20241004
13619,2443,35,48,15547.02,20260118
13620,2110,20,49,49820.42,20250120
13621,2139,20,77,42841.17,20251214
13622,1729,8,48,12841.14,20250327
13623,123,23,65,56231.08,20260212
13624,180,1,20,18777.98,20250813
13625,2107,25,33,12465.84,20260115
13626,2468,16,40,22025.13,20260325
13627,1102,29,65,3909.28,20250526
13628,673,5,48,7401.74,20240623
13629,761,20,79,2083.69,20250219
13630,573,21,18,50430.94,20250516
13631,390,19,18,33423.45,20240204
13632,2025,39,62,17221.72,20260205
13633,1254,34,47,78090.52,20250602
13634,1874,2,48,12308.67,20241215
13635,1320,39,74,10215.14,20260319
13636,2540,37,11,1866.05,20240720
13637,2668,40,33,2689.28,20251002
13638,1030,23,23,41935.29,20250527
13639,2189,13,47,18553.52,20251220
13640,809,40,50,1508.48,20250713
13641,1304,1,18,770.38,20240102
13642,1141,2,16,23072.51,20260208
13643,2061,3,50,41272.06,20240821
13644,1022,27,72,14785.27,20240925
13645,1814,5,31,45624.63,20240204
13646,934,21,4,15428.98,20240627
13647,104,8,7,37470.03,20251214
13648,2641,8,1,3018.66,20250605
13649,1052,9,47,3283.83,20240222
13650,1684,19,77,14199.83,20250602
13651,662,40,22,20032.48,20251020
13652,2220,22,21,2738.95,20250922
13653,2115,9,63,31055.67,20240523
13654,489,14,73,16221.78,20250120
13655,2014,1,33,3860.45,20250817
13656,2183,14,2,22697.02,20240422
13657,2742,38,45,154.29,20250611
13658,160,14,47,7172.77,20240924
13659,2270,40,28,3877.5,20260117
13660,1575,19,73,89919.81,20250519
13661,2421,40,20,38195.66,20251108
13662,2985,5,11,10791.77,20251114
13663,2996,23,34,104760.88,20251208
13664,2571,24,56,6347.46,20251117
13665,330,9,77,4852.56,20251224
13666,1883,10,38,85446.55,20251018
13667,2074,6,51,2646.33,20241106
13668,914,21,38,17816.72,20250312
13669,709,29,45,11622.38,20241203
13670,2194,30,26,94466.3,20250226
13671,469,20,60,4394.26,20240701
13672,2121,32,25,54210.05,20260329
13673,1361,33,2,38783.52,20241129
13674,383,12,33,41343.34,20241029
13675,1360,11,4,863.66,20240107
13676,2644,36,20,3086.82,20240116
13677,1787,37,32,14065.25,20251123
13678,794,34,47,10091.21,20250301
13679,2802,39,41,4437.96,20241129
13680,2805,40,20,1100.11,20251214
13681,690,39,51,2540.15,20260129
13682,2334,21,21,5736.06,20260228
13683,2008,36,3,60506.2,20250502
13684,225,37,28,20918.81,20240425
13685,224,8,49,22764.03,20240908
13686,676,20,73,10331.5,20240123
13687,2542,7,60,65331.35,20251003
13688,5,8,60,13535.0,20241009
13689,2772,9,16,107029.76,20241225
13690,2392,10,56,70617.0,20241212
13691,807,10,80,103734.05,20241005
13692,2422,18,12,23279.64,20240714
13693,1981,13,35,2613.58,20260224
13694,794,14,11,79626.53,20250912
13695,777,13,15,64759.97,20240312
13696,2653,23,47,1879.38,20250124
13697,309,30,71,72953.18,20251130
13698,1403,32,51,14285.25,20250721
13699,2894,24,29,1382.44,20260206
13700,118,14,58,4515.6,20240929
13701,2949,21,60,2911.91,20240225
13702,2520,36,55,12545.66,20240508
13703,1020,37,4,11259.28,20251223
13704,898,31,4,4626.86,20241122
13705,708,25,59,2517.54,20250511
13706,2975,26,59,8873.52,20250518
13707,1590,4,27,14327.42,20260224
13708,1529,33,30,60695.49,20240801
13709,931,32,15,8714.38,20241122
13710,883,13,1,78190.72,20240530
13711,2333,10,28,1878.2,20241210
13712,433,6,5,17408.08,20240827
13713,2985,3,62,14092.46,20250711
13714,672,7,7,82714.0,20240508
13715,2844,1,67,48431.56,20250725
13716,171,15,68,92618.62,20240219
13717,411,37,29,67645.08,20250918
13718,1636,38,51,4475.08,20240825
13719,1131,26,10,3676.52,20250520
13720,1846,40,65,35146.51,20240102
13721,1021,19,55,13953.61,20250910
13722,2617,4,21,69096.67,20240103
13723,988,33,8,30310.29,20260220
13724,9,4,74,32899.98,20250216
13725,2402,5,43,71029.73,20240915
13726,653,6,63,110005.54,20251107
13727,223,37,73,143341.24,20260321
13728,1345,3,14,8414.55,20240204
13729,898,9,14,74274.84,20241011
13730,1994,10,45,51972.14,20250315
13731,235,16,42,3177.85,20240316
13732,1203,11,32,31576.48,20251126
13733,1962,35,34,7719.26,20240803
13734,2252,14,40,32466.64,20251012
13735,1102,22,80,27898.92,20240324
13736,1207,21,69,34880.24,20250922
13737,914,36,73,4560.41,20250326
13738,1745,18,23,3278.71,20240326
13739,1221,19,17,4670.96,20240525
13740,1313,2,58,12912.2,20240308
13741,520,10,16,2158.0,20250803
13742,1552,21,27,2565.08,20241012
13743,1994,23,46,11860.04,20241118
13744,1128,24,3,115805.35,20240415
13745,1603,40,74,15443.29,20251229
13746,1124,18,2,3387.96,20240510
13747,2952,9,33,115823.37,20240524
13748,2480,6,5,78968.73,20240212
13749,518,39,60,12224.46,20241028
13750,1605,30,53,109876.98,20250430
13751,858,13,21,3639.46,20251229
13752,349,30,36,8603.09,20240704
13753,2820,22,48,72057.93,20260113
13754,528,30,60,8964.05,20251115
13755,507,27,76,12451.0,20250218
13756,2357,6,59,4656.08,20241012
13757,1850,33,24,34699.67,20250714
13758,2401,10,8,7615.67,20251106
13759,1089,25,36,5737.41,20240120
13760,1893,40,41,3417.61,20251117
13761,1994,8,63,118519.16,20240716
13762,2940,30,33,97253.51,20240417
13763,497,12,59,606.34,20240529
13764,1862,4,38,7310.01,20250304
13765,2643,5,72,5441.68,20240714
13766,1742,17,60,14969.18,20240324
13767,2486,22,60,11324.41,20240124
13768,1530,28,16,1454.97,20240417
13769,752,9,18,118211.8,20250726
13770,1793,28,17,17688.03,20250927
13771,943,12,20,5350.53,20241129
13772,639,27,69,1191.64,20251021
13773,2039,13,42,10709.11,20251106
13774,2411,4,79,139569.81,20251012
13775,2449,15,46,122235.62,20240905
13776,2484,16,34,1928.84,20250602
13777,179,7,77,845.75,20250611
13778,1157,29,59,107655.96,20250925
13779,2005,19,37,949.62,20240421
13780,2997,24,32,9193.13,20250802
13781,1767,29,54,2767.51,20240901
13782,934,2,49,17175.59,20250319
13783,2335,27,47,12768.29,20241129
13784,1346,10,37,4079.55,20240309
13785,2939,18,55,3096.69,20250125
13786,2313,39,28,4007.66,20250606
13787,3,27,53,88472.78,20240105
13788,2841,11,18,1656.31,20260227
13789,560,32,15,14822.4,20260317
13790,1354,30,51,70997.88,20240123
13791,2308,40,11,85461.93,20260108
13792,1632,15,41,116011.21,20240115
13793,438,2,21,14944.56,20250915
13794,117,6,41,68697.3,20240928
13795,1643,13,67,95366.77,20240415
13796,2398,1,38,50158.2,20251206
13797,1309,16,24,126892.24,20240718
13798,1662,38,75,2405.56,20240807
13799,2636,22,18,833.16,20250601
13800,2230,23,24,56724.79,20260401
13801,2441,38,63,54575.27,20250324
13802,535,2,59,2924.88,20241107
13803,488,18,78,62337.13,20250910
13804,1549,4,40,8963.24,20240624
13805,2515,3,42,6231.15,20241116
13806,2634,18,73,132671.71,20250108
13807,2589,8,9,27138.71,20250911
13808,323,8,79,34644.33,20240111
13809,687,2,45,4632.65,20251021
13810,398,10,25,122115.27,20250405
13811,2835,38,48,2971.33,20250120
13812,2171,12,61,86176.86,20251027
13813,2029,7,24,23693.33,20241001
13814,2030,14,45,12573.73,20250929
13815,2026,20,8,6244.81,20251004
13816,1661,7,54,14277.98,20250629
13817,370,34,47,13950.83,20240901
13818,2178,22,47,100418.16,20250502
13819,759,11,39,10611.43,20240417
13820,2273,29,17,12757.65,20240601
13821,155,32,6,103020.57,20241023
13822,1045,37,11,2677.57,20240204
13823,2875,23,3,13461.39,20250508
13824,2630,38,33,9845.6,20250106
13825,44,2,5,70939.12,20240526
13826,2745,26,44,122866.33,20240930
13827,2003,23,34,75669.12,20240102
13828,1792,28,76,18029.54,20240805
13829,1817,29,55,45026.48,20241031
13830,645,22,17,13909.58,20240812
13831,2350,6,58,111316.74,20250104
13832,1469,35,15,113076.37,20250620
13833,1093,1,76,43316.71,20250318
13834,1520,31,18,30950.21,20240706
13835,138,20,44,36895.07,20240807
13836,18,18,25,3496.29,20241019
13837,1012,28,53,61256.01,20241030
13838,2755,38,40,14342.71,20250519
13839,2340,15,6,576.79,20250816
13840,2840,40,16,12126.54,20250507
13841,120,33,62,192.88,20250529
13842,2843,2,35,6742.49,20250520
13843,2311,24,10,76874.7,20250302
13844,496,9,19,2123.52,20240507
13845,1818,5,49,75121.86,20240502
13846,2231,3,3,20314.51,20251025
13847,1369,20,1,91917.53,20250906
13848,1036,2,28,12948.79,20250430
13849,120,29,26,53040.42,20250330
13850,1160,10,23,107101.47,20240425
13851,1739,12,1,34090.85,20241222
13852,1166,26,11,55314.4,20250605
13853,2091,13,28,9209.35,20250622
13854,1197,14,61,85234.85,20260221
13855,2095,15,9,4804.21,20240316
13856,350,21,31,77901.35,20241217
13857,2631,2,34,116491.18,20250928
13858,2206,18,20,10902.81,20250218
13859,513,39,18,11733.75,20240313
13860,2403,16,23,1566.66,20250301
13861,2877,18,47,74249.88,20240918
13862,2288,28,28,17135.1,20251007
13863,1999,1,36,28217.12,20250722
13864,496,27,75,65609.39,20250107
13865,557,35,13,5391.41,20250916
13866,1610,26,67,13745.07,20241021
13867,2202,4,64,8547.66,20250705
13868,962,28,72,12117.68,20250519
13869,739,8,1,3131.52,20240630
13870,616,30,68,675.8,20241224
13871,2909,7,73,70708.84,20250413
13872,1357,6,57,713.31,20240615
13873,1454,33,40,97995.62,20250611
13874,2851,9,4,12085.59,20250410
13875,480,38,67,71366.52,20250506
13876,1854,34,34,24905.4,20240727
13877,2951,27,60,45452.08,20251013
13878,1157,38,27,13703.78,20240501
13879,2529,14,24,14395.27,20240625
13880,1228,35,5,59843.97,20250822
13881,1753,24,49,6878.2,20240131
13882,2855,34,68,47316.38,20250629
13883,2371,39,77,12106.34,20240206
13884,2189,40,7,11860.24,20240926
13885,2017,5,53,43882.24,20250104
13886,1703,6,46,45804.98,20250102
13887,836,38,13,9131.84,20240512
13888,2664,17,44,37988.07,20251110
13889,2804,1,37,4485.51,20240405
13890,164,13,27,70424.16,20251107
13891,1894,11,51,106580.38,20250521
13892,1871,19,46,3018.78,20250601
13893,2809,13,68,4001.49,20251222
13894,2221,33,8,4145.8,20241105
13895,1657,36,48,3611.57,20250415
13896,1953,16,14,9192.13,20250909
13897,1792,17,60,8501.68,20250307
13898,1322,6,69,45972.46,20250715
13899,944,18,45,67759.95,20241201
13900,850,34,47,25761.39,20240621
13901,510,21,11,13241.88,20250224
13902,1421,30,73,14613.66,20250112
13903,1010,7,32,22985.52,20260206
13904,2831,33,79,6468.8,20250227
13905,1540,40,45,3054.19,20240805
13906,1464,27,1,6795.49,20241010
13907,502,13,74,1811.61,20250126
13908,264,26,44,68917.01,20240924
13909,1840,39,34,145996.37,20250510
13910,205,30,48,2378.92,20240103
13911,797,12,11,10147.19,20250120
13912,2124,37,9,15498.4,20260105
13913,1784,30,15,19778.83,20251223
13914,881,34,78,1164.52,20240519
13915,654,31,10,2346.59,20240125
13916,598,3,12,2221.38,20240811
13917,781,16,64,2496.21,20251004
13918,1223,38,70,12596.04,20250508
13919,417,10,39,26248.77,20240701
13920,1111,30,80,35314.5,20241018
13921,644,1,77,17373.53,20250704
13922,335,17,70,749.65,20251010
13923,2953,3,48,56207.04,20250426
13924,855,4,39,16318.54,20260308
13925,2777,34,4,68622.53,20241112
13926,1247,33,31,2193.49,20250427
13927,1166,33,27,121919.42,20251001
13928,2170,19,60,4932.28,20250918
13929,2983,24,41,7414.83,20240909
13930,2405,13,26,20702.13,20241214
13931,567,27,75,19789.96,20260123
13932,2579,2,54,4348.2,20251221
13933,422,12,77,4893.11,20240819
13934,142,14,11,4561.06,20241216
13935,151,3,51,72120.48,20250921
13936,1308,16,47,31255.61,20240330
13937,464,3,2,59956.54,20240705
13938,2077,18,23,7569.1,20260228
13939,385,8,69,96137.85,20240322
13940,1887,20,8,77226.53,20260320
13941,574,18,47,3271.01,20250528
13942,1575,40,71,99307.15,20250619
13943,2391,12,8,19542.12,20260203
13944,741,24,41,31707.2,20260324
13945,772,28,31,13711.81,20240115
13946,972,26,77,58601.72,20260107
13947,2563,5,17,11023.51,20250410
13948,830,38,67,59006.45,20241223
13949,2253,29,34,44173.0,20260101
13950,1119,2,58,68005.98,20251213
13951,360,23,54,67421.53,20240210
13952,2143,31,45,1187.14,20240411
13953,1139,33,27,14462.94,20251021
13954,803,34,64,15960.06,20250813
13955,611,16,12,17184.41,20240714
13956,2299,27,73,37960.74,20260220
13957,826,9,10,25289.44,20250221
13958,2916,8,48,76190.25,20260219
13959,666,39,76,42544.68,20250729
13960,1503,39,57,5289.09,20240614
13961,322,21,48,8645.54,20250912
13962,887,2,14,12410.45,20240905
13963,2657,3,5,3413.3,20240311
13964,1364,38,77,8017.75,20260130
13965,1039,15,39,627.57,20260328
13966,1113,6,44,1330.01,20251109
13967,1264,25,26,2727.74,20250104
13968,2084,28,41,22108.14,20240718
13969,297,12,78,2859.24,20250731
13970,2363,10,6,10072.64,20251231
13971,1253,40,64,15796.86,20240520
13972,2280,30,26,1078.81,20250605
13973,1073,40,69,2812.95,20250331
13974,1462,29,60,8560.6,20250424
13975,689,15,68,61989.66,20240720
13976,840,10,49,7339.66,20240727
13977,2157,17,22,107968.59,20251201
13978,267,24,46,1852.27,20241118
13979,1921,35,19,28323.29,20240311
13980,1389,20,15,50146.91,20251208
13981,551,21,77,17271.67,20250511
13982,533,22,57,18258.17,20250618
13983,2093,23,38,844.53,20240515
13984,2548,29,16,115995.28,20240525
13985,977,25,44,78531.52,20260117
13986,1923,15,19,106979.53,20240104
13987,1122,27,33,12944.07,20251017
13988,416,28,58,8169.68,20241213
13989,1836,29,44,9856.52,20250705
13990,50,30,60,123531.9,20250625
13991,629,17,40,69964.16,20260222
13992,2876,11,26,49874.17,20250808
13993,2992,33,12,67683.48,20260323
13994,687,12,28,4521.51,20251112
13995,346,7,49,845.18,20240219
13996,1439,4,76,34679.03,20241020
13997,1808,37,12,1595.33,20250617
13998,2270,32,8,21759.26,20260323
13999,687,40,26,9077.06,20260328
14000,2820,40,21,82381.24,20240224
14001,1512,15,49,144394.32,20260106
14002,1895,16,59,490.1,20260111
14003,2926,29,57,113899.37,20250723
14004,16,14,25,3311.31,20250302
14005,1733,5,74,13032.31,20240128
14006,113,29,2,101562.43,20250911
14007,1874,3,68,1181.04,20240413
14008,1354,8,14,819.8,20240907
14009,525,27,46,19868.7,20240630
14010,450,34,54,4966.82,20240416
14011,343,11,30,60109.73,20250501
14012,653,25,70,11094.12,20240421
14013,742,14,54,136174.26,20250122
14014,2127,14,67,68336.87,20251110
14015,1556,31,60,62165.94,20250622
14016,184,16,26,10581.35,20250818
14017,2570,12,47,5795.96,20250408
14018,2474,10,71,1143.25,20250130
14019,344,40,9,67972.04,20251213
14020,110,2,2,11101.75,20240603
14021,1770,21,69,4027.33,20250314
14022,1958,22,63,76468.37,20240704
14023,1845,40,27,97395.54,20260305
14024,2525,26,42,57764.13,20250617
14025,1379,34,44,1495.39,20250613
14026,935,24,61,4438.84,20251218
14027,912,30,20,13280.81,20240823
14028,1038,28,28,23890.63,20240415
14029,447,29,54,99781.2,20260318
14030,764,7,31,14547.91,20250304
14031,1155,29,23,6098.29,20250314
14032,1907,13,72,45881.01,20250913
14033,333,26,76,3133.42,20260227
14034,80,34,4,3396.5,20250817
14035,410,35,73,4547.23,20240115
14036,1188,14,26,4490.3,20251009
14037,934,38,44,3375.66,20250401
14038,630,20,6,11729.67,20251220
14039,652,15,20,22053.9,20250913
14040,2761,3,53,4557.38,20250914
14041,233,6,42,1380.23,20240210
14042,1500,2,31,3866.23,20240812
14043,1256,9,6,28760.71,20250909
14044,771,14,40,19209.25,20260226
14045,2356,7,71,3809.87,20250810
14046,516,25,44,66807.74,20240817
14047,2878,27,38,85495.04,20241019
14048,2422,14,25,1867.36,20250830
14049,1302,9,44,130664.35,20241013
14050,1919,24,54,1604.27,20241103
14051,1945,11,20,9901.64,20240607
14052,225,12,31,12530.77,20250123
14053,484,10,16,9524.6,20250309
14054,874,27,45,113469.77,20241004
14055,1155,15,60,14248.44,20250725
14056,2661,20,76,1327.28,20240419
14057,2254,17,53,74001.42,20250327
14058,2815,27,37,90715.8,20250507
14059,1990,19,29,1557.5,20260110
14060,2749,31,63,61023.16,20240315
14061,1498,21,72,14699.75,20240515
14062,2062,36,57,37456.54,20251028
14063,1954,23,63,10040.22,20250207
14064,324,30,79,64333.3,20240809
14065,1556,40,77,309.35,20260201
14066,1171,26,20,1820.12,20241211
14067,614,27,43,51479.7,20250321
14068,1663,1,21,3983.59,20250224
14069,1678,29,37,75555.9,20241110
14070,302,32,44,1652.99,20250115
14071,2111,31,74,93755.08,20250111
14072,1804,32,47,3457.91,20241223
14073,2890,26,57,6477.41,20240521
14074,2076,18,38,21094.66,20240104
14075,1228,38,29,3697.2,20260303
14076,1984,36,65,1597.95,20260219
14077,1760,14,66,3742.07,20251230
14078,1758,8,47,100964.96,20240410
14079,2870,36,76,111281.28,20250210
14080,1023,22,12,46750.58,20250211
14081,1658,30,63,8705.77,20260101
14082,2353,28,59,75488.59,20240224
14083,1872,3,4,6851.23,20250413
14084,2530,4,6,22026.82,20240424
14085,1141,5,56,8734.33,20240403
14086,1263,6,4,1483.28,20241031
14087,524,20,59,24123.76,20250424
14088,920,8,52,27689.47,20241106
14089,2697,21,69,8635.69,20251203
14090,240,10,60,8860.77,20240725
14091,2059,11,26,98324.09,20251129
14092,1399,12,19,18093.64,20241210
14093,2181,13,58,20179.73,20251115
14094,2879,14,15,4912.34,20250417
14095,2070,15,36,76252.37,20240105
14096,2379,3,46,97983.94,20241102
14097,1157,34,65,79292.42,20250616
14098,2875,18,24,4474.85,20250602
14099,2681,19,60,11568.68,20251106
14100,2077,5,36,29530.0,20260207
14101,1393,21,52,8881.12,20250802
14102,442,22,69,17955.02,20240713
14103,567,17,17,2238.91,20250118
14104,1918,24,78,8130.68,20250501
14105,2889,10,71,21671.22,20240711
14106,254,37,59,88948.32,20260311
14107,1267,4,44,7969.25,20250819
14108,2025,3,70,3008.36,20260120
14109,590,26,76,4221.14,20250926
14110,771,30,22,23894.82,20260109
14111,2691,35,50,9853.18,20250918
14112,1635,39,73,78635.48,20240908
14113,478,33,48,59742.56,20241017
14114,515,34,51,1699.53,20240913
14115,501,28,32,42982.78,20260301
14116,324,35,58,34851.1,20260204
14117,1616,37,69,82607.05,20250617
14118,349,38,5,18732.51,20250709
14119,2756,10,50,58114.62,20260223
14120,2742,18,66,15466.67,20260212
14121,358,26,9,2414.89,20241208
14122,870,21,11,1648.28,20251104
14123,909,3,80,13821.83,20250406
14124,1489,4,67,1533.47,20260320
14125,2690,5,40,1566.28,20240715
14126,1269,14,39,181.42,20250214
14127,1670,10,36,113546.18,20241201
14128,2831,36,56,13235.09,20250613
14129,2134,1,65,74630.97,20241020
14130,632,11,39,18198.45,20240520
14131,777,11,53,7731.39,20251013
14132,2078,21,77,75678.99,20250930
14133,345,13,36,63028.51,20241202
14134,1118,4,2,45767.67,20260112
14135,1167,7,74,47461.29,20250903
14136,144,7,9,29156.73,20240603
14137,600,12,7,17099.69,20251203
14138,1151,18,77,7738.96,20250204
14139,2877,38,59,13295.42,20251029
14140,1961,3,39,89069.57,20250920
14141,60,22,53,38357.55,20240406
14142,2444,37,75,54219.98,20240412
14143,1488,32,8,3501.0,20240619
14144,1492,38,38,89401.83,20240803
14145,1526,25,17,55084.86,20251112
14146,2255,24,42,4301.72,20240121
14147,1961,27,79,70261.85,20240115
14148,2574,20,57,20857.87,20250111
14149,1059,29,14,35034.01,20241011
14150,397,10,40,4760.76,20260330
14151,506,31,68,25077.83,20240127
14152,421,3,22,39358.13,20250904
14153,1650,33,42,21204.21,20251206
14154,1883,24,44,11204.28,20250710
14155,136,35,52,48065.99,20240406
14156,1736,28,62,3990.25,20240309
14157,944,36,17,64269.43,20240525
14158,2781,38,7,631.26,20240716
14159,1269,19,6,68642.98,20240217
14160,2296,40,7,30643.64,20251028
14161,1678,1,24,1366.09,20240524
14162,1842,37,45,53898.24,20240817
14163,2334,33,22,10371.68,20260330
14164,1977,4,18,4321.89,20240917
14165,2548,32,75,7062.97,20241205
14166,1721,6,8,11521.17,20250623
14167,128,9,66,12733.9,20241208
14168,2141,8,44,1231.01,20240109
14169,2431,9,78,19262.93,20240804
14170,567,31,62,19738.29,20250304
14171,1044,36,75,2930.34,20250522
14172,995,13,11,45419.98,20240709
14173,2504,7,18,18192.67,20250803
14174,1435,13,26,404.41,20251007
14175,2391,19,50,2551.82,20241102
14176,2012,16,78,1615.14,20250316
14177,1245,15,79,7374.22,20240416
14178,476,32,22,545.6,20250303
14179,1001,30,58,92787.02,20241119
14180,928,20,26,12924.0,20240305
14181,1187,28,39,2383.8,20240809
14182,2026,22,12,3711.59,20250127
14183,2934,15,2,3626.22,20250116
14184,1560,24,50,47137.81,20240307
14185,1974,25,44,48723.76,20251007
14186,572,24,22,10093.0,20241011
14187,222,22,64,50472.37,20240924
14188,1018,11,34,2148.79,20260130
14189,2573,18,43,49434.84,20250706
14190,1739,37,78,31250.26,20250819
14191,2250,31,8,67205.47,20250823
14192,435,14,24,72878.59,20250214
14193,2014,33,70,13235.19,20241010
14194,62,4,53,47318.15,20260115
14195,395,35,17,13058.53,20240718
14196,1876,27,49,11348.32,20250614
14197,1556,37,25,5121.31,20240414
14198,2921,38,74,12397.33,20250313
14199,2433,3,75,2024.57,20240729
14200,1423,10,20,117624.47,20251031
14201,18,1,35,22204.77,20260318
14202,335,38,46,4116.56,20250627
14203,1729,6,56,70225.38,20251110
14204,331,4,73,56380.88,20251010
14205,2450,9,9,83486.27,20250721
14206,2571,6,23,68145.61,20240725
14207,821,25,44,48310.01,20250315
14208,1650,23,33,9691.59,20250117
14209,2270,10,21,7366.86,20241130
14210,31,20,37,104791.3,20241121
14211,1561,8,54,19318.5,20260326
14212,2258,23,70,13575.9,20251001
14213,296,23,67,51191.35,20251114
14214,1189,14,68,49358.76,20241014
14215,1453,15,36,1254.36,20240704
14216,1386,16,6,93466.74,20250606
14217,580,17,75,4535.64,20250930
14218,1303,17,21,1116.77,20240308
14219,1237,19,21,11132.77,20250726
14220,1931,20,65,107558.61,20240105
14221,1440,21,1,57442.99,20251224
14222,1905,37,7,370.63,20251115
14223,2020,23,48,14836.7,20250116
14224,2216,20,51,9419.78,20240615
14225,1209,16,18,9150.1,20250302
14226,2429,33,62,2622.82,20241114
14227,115,33,79,43914.44,20251026
14228,2487,33,43,116109.5,20240817
14229,202,28,53,9391.49,20250611
14230,2115,24,29,6726.1,20240928
14231,2258,29,27,30285.33,20250313
14232,2701,32,80,4545.08,20240224
14233,2648,13,64,1135.57,20241222
14234,1693,32,50,50314.58,20240705
14235,2110,35,35,79942.24,20240520
14236,1507,36,30,14023.1,20240510
14237,2261,39,3,859.65,20240622
14238,1296,32,69,43375.72,20250506
14239,2432,19,53,3786.73,20250117
14240,2055,15,45,4872.7,20240627
14241,1745,1,7,1612.87,20260223
14242,631,22,77,17917.14,20241215
14243,2171,3,7,5528.41,20240607
14244,1642,25,51,71920.03,20251225
14245,511,13,3,12773.91,20251227
14246,2349,6,58,135615.4,20250108
14247,1569,36,7,79643.14,20251025
14248,79,8,27,95752.28,20260207
14249,1719,5,18,5162.87,20240521
14250,1923,9,48,38201.79,20241214
14251,196,11,11,1306.89,20251006
14252,1641,12,55,3049.56,20240302
14253,1876,19,33,122681.57,20250325
14254,1175,11,6,105775.51,20250421
14255,2294,31,31,1252.22,20240415
14256,2740,12,14,9102.99,20251108
14257,1759,31,60,116201.34,20251207
14258,1625,37,36,64094.34,20250620
14259,2909,9,72,98217.57,20250718
14260,2227,20,61,49208.85,20250419
14261,2754,21,66,11837.69,20241229
14262,1,2,4,18031.49,20250812
14263,2402,29,79,30876.35,20240624
14264,1697,30,12,33258.3,20260124
14265,158,25,16,2051.2,20250507
14266,826,23,22,950.73,20250330
14267,2909,27,57,8198.18,20250111
14268,2880,28,65,5199.03,20251105
14269,2518,29,60,1097.29,20260215
14270,1113,30,50,3288.03,20250914
14271,2948,2,65,3004.52,20251129
14272,1669,32,74,11194.38,20250421
14273,1019,33,50,72222.59,20240618
14274,2333,34,63,56956.3,20250607
14275,2642,35,27,514.43,20251126
14276,449,35,79,8481.27,20240921
14277,320,37,26,7338.56,20250427
14278,1030,35,53,10841.31,20250611
14279,1599,29,12,2827.86,20241003
14280,1436,40,29,10910.16,20260222
14281,2786,6,43,17259.97,20251010
14282,354,1,36,4000.22,20250702
14283,387,9,76,79508.79,20251017
14284,483,14,78,14360.76,20251212
14285,661,22,67,5765.08,20251126
14286,19,39,67,149578.76,20240717
14287,413,21,78,61063.63,20250928
14288,2161,19,31,7255.4,20240926
14289,1678,19,9,12816.85,20251005
14290,517,10,68,141728.86,20240428
14291,2897,38,64,50865.25,20240807
14292,1973,39,64,70770.27,20250628
14293,2018,13,28,64056.09,20240720
14294,519,14,47,14970.62,20241210
14295,412,15,66,5215.14,20250423
14296,782,16,44,139721.2,20250329
14297,794,1,69,19021.66,20260311
14298,316,15,45,2970.28,20250524
14299,1865,9,16,25816.59,20260202
14300,2715,20,41,7532.18,20250121
14301,1088,37,73,12451.67,20250609
14302,1490,22,17,1521.02,20240808
14303,1669,11,73,56075.64,20240923
14304,1814,5,17,13246.56,20240819
14305,245,6,7,116989.12,20240502
14306,882,26,11,2597.69,20251025
14307,2486,17,33,49192.41,20250404
14308,1754,27,49,3420.41,20251013
14309,615,13,63,54113.89,20241107
14310,2095,16,12,8345.1,20250404
14311,1725,10,27,281.72,20250315
14312,2312,32,29,8444.9,20250721
14313,2940,17,46,47142.69,20260218
14314,620,39,47,57617.19,20250710
14315,2666,35,51,91426.21,20251116
14316,1950,7,4,5914.13,20250615
14317,667,28,65,11359.59,20260309
14318,2658,39,8,12573.36,20241114
14319,442,23,49,5725.51,20240601
14320,1383,40,66,789.74,20251214
14321,2091,1,9,8196.55,20251025
14322,587,33,15,13316.87,20240301
14323,1025,4,77,22877.61,20251111
14324,932,4,20,2380.69,20240329
14325,2880,38,50,14958.4,20250228
14326,2058,27,44,3310.66,20240917
14327,2569,23,61,137516.65,20250116
14328,2714,31,66,10532.88,20260105
14329,2167,30,34,4631.35,20250810
14330,870,28,35,10710.54,20250524
14331,2189,1,15,1330.49,20240522
14332,69,12,22,71713.05,20240323
14333,758,6,4,1032.19,20240219
14334,999,26,78,93838.33,20251030
14335,1371,15,77,118123.47,20240105
14336,669,16,46,18843.88,20250625
14337,741,2,17,2845.53,20250102
14338,887,9,71,18833.3,20240316
14339,559,22,41,1305.18,20250627
14340,1957,13,7,8862.88,20250306
14341,2365,34,51,75371.21,20241228
14342,79,22,51,7793.24,20240106
14343,2910,7,44,4447.37,20240527
14344,651,14,26,7396.26,20250102
14345,459,27,41,58493.05,20260106
14346,2133,4,52,8888.13,20250905
14347,1436,27,5,18714.25,20240410
14348,1982,28,15,13285.91,20251214
14349,1740,30,54,18725.44,20260227
14350,2926,20,63,16980.37,20250904
14351,619,9,39,10112.83,20250821
14352,679,32,31,90293.96,20240603
14353,103,26,13,1796.83,20250618
14354,1958,34,48,2973.99,20240512
14355,432,35,11,3263.01,20250209
14356,1893,39,20,3973.41,20240809
14357,1087,34,7,12525.95,20240402
14358,2101,38,44,3702.26,20250930
14359,1218,8,17,7502.34,20250410
14360,2178,40,68,1221.29,20240909
14361,2966,5,11,4284.48,20241223
14362,701,1,21,11081.43,20260306
14363,1484,3,48,101859.47,20251220
14364,1185,4,30,127428.73,20240813
14365,307,17,62,42303.69,20240317
14366,2027,16,73,9034.25,20240313
14367,349,38,3,4117.62,20251015
14368,2613,8,56,14039.65,20251212
14369,1533,30,15,5073.87,20250601
14370,189,10,64,21297.46,20251011
14371,138,11,14,75101.82,20240818
14372,1654,12,56,4931.56,20250322
14373,1524,34,80,137751.0,20250824
14374,2131,20,53,8187.27,20240606
14375,1727,15,44,15869.03,20250202
14376,901,11,68,8531.7,20251021
14377,1967,15,56,5065.33,20240306
14378,973,18,34,11510.25,20251019
14379,2633,22,61,91574.76,20250429
14380,2662,25,49,61539.99,20250525
14381,219,25,71,10163.95,20250122
14382,1982,27,27,17763.47,20240127
14383,927,23,71,2021.09,20240627
14384,2716,30,74,10054.59,20240216
14385,2846,25,48,10949.59,20240106
14386,894,12,25,13496.75,20240224
14387,1324,36,12,6872.57,20241213
14388,792,28,79,2998.88,20250217
14389,2705,20,59,2782.21,20241012
14390,1911,26,14,10129.84,20240727
14391,753,31,52,139397.66,20240913
14392,1246,6,55,3725.9,20260215
14393,1129,39,80,4807.29,20250418
14394,944,3,34,15736.54,20250716
14395,460,5,14,3829.39,20260214
14396,2124,3,55,4158.28,20241101
14397,2372,16,33,17087.72,20250324
14398,153,34,72,3761.36,20251223
14399,2420,9,19,28274.0,20251113
14400,2181,2,75,51008.42,20250522
14401,718,40,26,30832.57,20250808
14402,256,33,46,11036.83,20251230
14403,1964,30,61,17152.17,20240614
14404,206,14,60,43446.03,20251108
14405,2770,39,49,73154.88,20240318
14406,1937,21,76,6500.52,20251212
14407,1096,31,46,41274.56,20240724
14408,315,8,46,52698.15,20241201
14409,1479,22,54,92548.79,20241214
14410,1866,18,2,1148.18,20240312
14411,1577,11,45,16660.64,20251024
14412,2041,12,19,465.94,20240318
14413,733,9,8,147020.3,20260227
14414,1394,28,74,2904.67,20250102
14415,1083,15,40,943.13,20240330
14416,1046,16,58,4617.03,20250924
14417,885,17,79,4476.27,20240613
14418,2626,38,37,28702.96,20240522
14419,1483,19,28,118545.91,20241222
14420,550,33,19,757.72,20241018
14421,1367,36,33,45908.88,20240607
14422,812,27,65,7922.34,20260104
14423,2646,23,41,10783.89,20241007
14424,1006,37,15,56398.74,20250506
14425,5,17,76,412.14,20250602
14426,1745,11,62,17554.74,20250517
14427,1074,27,25,2763.64,20240513
14428,606,28,53,80417.2,20250826
14429,920,13,52,148380.94,20240820
14430,1606,40,48,24977.61,20240624
14431,2098,10,38,80991.38,20250308
14432,364,18,15,9547.63,20251201
14433,1321,30,3,69480.28,20250819
14434,2479,13,12,1358.47,20250718
14435,2842,39,22,16121.41,20250213
14436,660,30,33,61623.67,20250531
14437,2504,26,62,9669.49,20250101
14438,398,38,15,130526.03,20240508
14439,1910,39,4,70862.81,20250617
14440,2455,40,15,2012.37,20240520
14441,2534,38,39,770.84,20251205
14442,1410,2,63,69523.19,20250518
14443,1101,5,18,240.31,20260213
14444,1148,4,52,1336.79,20240421
14445,2582,28,40,3867.24,20250919
14446,1772,6,40,1613.11,20250526
14447,402,30,49,119425.08,20240422
14448,2552,8,4,69232.82,20240803
14449,2878,35,26,92207.67,20251014
14450,784,10,59,131172.05,20260117
14451,1230,11,6,116287.74,20250507
14452,1072,18,18,92441.77,20240101
14453,1812,16,75,44696.76,20240821
14454,58,8,27,96568.71,20260102
14455,2781,4,56,14036.34,20260303
14456,1419,16,56,10747.09,20241206
14457,1919,1,61,14260.78,20241013
14458,641,23,78,111856.28,20260306
14459,1859,19,33,5493.27,20240222
14460,684,36,78,2327.94,20240108
14461,595,20,59,56569.84,20250828
14462,2545,37,76,2816.85,20250614
14463,2283,23,13,56586.07,20240627
14464,2099,24,55,119833.79,20251229
14465,729,21,73,2273.72,20250808
14466,2567,29,66,4730.13,20251008
14467,1312,9,70,4028.14,20250618
14468,1613,10,57,2638.26,20250824
14469,102,33,11,2628.89,20241129
14470,2210,30,2,36770.81,20241221
14471,313,16,76,3221.38,20250828
14472,676,6,10,53120.09,20250713
14473,2906,33,3,8062.16,20241001
14474,208,13,68,2312.21,20250601
14475,148,25,52,63581.54,20240727
14476,2033,36,34,10143.87,20260329
14477,2612,20,79,1085.61,20260224
14478,1693,38,18,1195.3,20250218
14479,1787,39,17,1898.37,20240422
14480,2912,38,34,4540.48,20250503
14481,1048,38,46,19389.13,20250106
14482,1037,37,71,57897.05,20240514
14483,2664,10,2,14508.58,20250924
14484,2313,32,61,3457.18,20241218
14485,951,5,76,17747.85,20240502
14486,623,37,61,3406.35,20240823
14487,2918,4,24,47428.52,20240331
14488,129,19,51,9016.51,20250603
14489,1352,26,55,4785.85,20241125
14490,1298,10,62,19608.75,20251014
14491,2691,2,43,2751.84,20260227
14492,947,29,22,3176.78,20240503
14493,1686,13,42,1661.28,20250310
14494,279,25,68,92588.42,20240708
14495,1608,10,7,4944.03,20260331
14496,9,14,60,4309.13,20240624
14497,1147,17,5,18565.33,20250813
14498,1930,8,80,2563.42,20250507
14499,1039,3,68,9323.76,20250314
14500,2696,8,79,16628.12,20260130
14501,1446,30,43,38371.13,20250204
14502,2621,12,63,947.44,20240912
14503,2582,23,23,10135.3,20240730
14504,2258,24,70,44669.77,20240101
14505,366,25,4,11560.59,20251130
14506,2646,8,56,14930.11,20250120
14507,722,27,19,9535.1,20260224
14508,2091,12,42,129302.92,20240313
14509,1422,7,64,28417.96,20250703
14510,333,22,53,37012.23,20240515
14511,2376,1,10,14843.55,20240330
14512,1253,32,9,24524.66,20241110
14513,772,25,9,6093.42,20260215
14514,2876,5,41,3001.68,20250515
14515,2438,13,63,5148.03,20250731
14516,1511,36,74,2119.91,20250906
14517,60,21,28,4453.83,20240710
14518,1491,17,68,4668.79,20250627
14519,1627,10,26,61746.32,20250417
14520,2305,40,77,35584.28,20240729
14521,733,1,72,1564.95,20250421
14522,1494,32,69,74684.62,20240520
14523,1661,15,28,13936.06,20241203
14524,1720,9,46,14896.63,20240203
14525,1405,24,26,14921.66,20240119
14526,1485,4,18,3716.43,20240906
14527,993,21,43,9934.63,20241121
14528,1112,8,33,3949.71,20260117
14529,341,9,66,100368.99,20250507
14530,2172,37,72,41140.22,20240304
14531,2714,27,47,32281.78,20240308
14532,1491,20,67,9437.11,20250715
14533,484,21,31,9244.78,20240125
14534,1401,14,24,138406.68,20240205
14535,2447,13,54,4417.89,20251230
14536,2839,19,45,12126.59,20240101
14537,348,20,73,79771.17,20250508
14538,539,16,10,114059.65,20241121
14539,2058,1,14,4203.87,20240902
14540,514,20,42,45601.08,20250716
14541,2832,34,62,25692.06,20250802
14542,2929,20,28,8602.0,20241112
14543,738,2,29,145251.83,20240609
14544,1625,33,16,13968.29,20241023
14545,921,9,51,9806.61,20260126
14546,1212,26,62,2435.2,20240322
14547,2820,30,60,126964.42,20260205
14548,1289,39,67,5296.61,20250124
14549,722,29,62,22027.13,20260304
14550,306,12,32,13621.86,20240425
14551,285,29,19,11408.56,20250726
14552,958,26,26,1844.14,20251102
14553,12,33,52,2319.94,20250920
14554,1739,28,75,4393.67,20250828
14555,2963,29,5,8835.88,20240505
14556,2995,36,26,2424.93,20250413
14557,541,37,12,3602.99,20240906
14558,1,38,19,81581.51,20241112
14559,1016,39,46,476.0,20241001
14560,294,2,21,27684.58,20250717
14561,248,21,32,3186.46,20241223
14562,2847,2,40,10273.33,20251130
14563,1793,39,46,6834.96,20250806
14564,1628,26,44,9647.78,20251210
14565,685,34,2,135140.67,20241126
14566,2376,17,67,58527.62,20241117
14567,1981,7,29,5101.79,20250709
14568,1611,35,14,49502.27,20240205
14569,2053,21,23,14644.51,20250821
14570,2882,35,2,2131.26,20250910
14571,1977,11,36,24688.85,20240607
14572,518,14,42,60584.57,20240928
14573,455,19,70,12102.3,20250608
14574,1626,13,11,5029.89,20251201
14575,1146,16,36,32419.29,20240622
14576,538,29,57,48950.78,20250513
14577,2257,25,9,6327.72,20240826
14578,234,20,21,17303.24,20250706
14579,1921,25,23,8674.15,20250911
14580,1703,20,73,9991.71,20250516
14581,2101,6,71,8022.42,20241012
14582,1485,22,57,4483.82,20241126
14583,160,39,22,26077.73,20240606
14584,2591,39,45,97875.99,20250227
14585,154,30,9,10994.32,20250526
14586,2171,11,19,10712.78,20241214
14587,1482,22,46,96380.72,20240729
14588,1268,28,79,2320.27,20241205
14589,2510,32,30,9517.42,20240229
14590,2350,30,12,9504.46,20251009
14591,426,31,72,16205.1,20240404
14592,2759,3,47,97629.01,20240827
14593,1393,18,32,804.45,20240717
14594,2884,37,4,4764.15,20240916
14595,1824,35,59,72012.48,20250405
14596,535,9,61,13024.89,20250509
14597,2346,37,61,13279.12,20240910
14598,1827,38,69,17473.11,20240825
14599,2688,33,58,4152.33,20260329
14600,2166,23,78,92905.52,20240917
14601,2260,10,49,44519.55,20250524
14602,1773,31,10,12363.64,20260318
14603,2879,23,34,88713.9,20250401
14604,2044,38,57,520.18,20241028
14605,2560,40,12,94493.02,20240914
14606,328,1,23,113671.75,20250509
14607,1007,1,76,75867.72,20251023
14608,2578,32,29,2558.62,20260309
14609,770,38,13,36084.95,20240531
14610,2983,31,38,24219.13,20240803
14611,1555,20,19,17013.82,20250119
14612,1636,19,45,13413.58,20250701
14613,806,13,66,7152.18,20250521
14614,668,14,21,27996.65,20260108
14615,2583,15,61,71055.18,20240208
14616,859,6,80,12378.8,20241109
14617,1321,9,38,1693.04,20250618
14618,2274,38,27,52270.17,20241215
14619,829,9,33,14758.37,20251129
14620,1801,3,24,43910.78,20241005
14621,1838,21,43,55711.6,20260315
14622,2868,22,55,45883.32,20260317
14623,2427,23,3,10206.13,20250407
14624,2711,9,2,98406.94,20240703
14625,1493,11,47,50150.61,20250809
14626,2547,26,48,40382.62,20241015
14627,694,20,54,4924.0,20260318
14628,2709,28,76,40695.44,20260112
14629,1688,29,63,17491.55,20260111
14630,750,30,79,61109.21,20241101
14631,1023,35,45,16129.43,20241231
14632,2806,32,26,79022.37,20250309
14633,1530,39,28,13580.5,20241001
14634,2809,34,64,110204.66,20251223
14635,807,18,1,403.41,20260326
14636,1537,36,66,5316.49,20240409
14637,1032,17,72,61026.99,20251013
14638,2212,28,42,8926.07,20240720
14639,481,39,68,529.13,20250702
14640,1661,37,5,7860.74,20250201
14641,1834,12,40,9006.2,20240114
14642,1649,2,55,1050.76,20240507
14643,1481,16,50,9676.47,20240627
14644,2756,4,50,12067.0,20240602
14645,949,28,55,116028.04,20251007
14646,2554,15,68,13067.76,20241020
14647,2143,39,58,72502.32,20250805
14648,946,8,22,6405.59,20240731
14649,1536,36,3,33819.99,20251121
14650,2787,11,24,7347.38,20240817
14651,297,7,7,2719.96,20251002
14652,2194,13,57,6631.37,20250520
14653,2594,13,1,112671.4,20260306
14654,1953,10,26,62603.38,20250318
14655,2167,15,54,63601.94,20250409
14656,1546,20,73,70400.62,20250515
14657,1259,35,61,5278.54,20250210
14658,2077,31,26,13937.49,20251021
14659,2322,19,48,1905.06,20240608
14660,141,9,35,13014.38,20251107
14661,1263,2,21,2353.74,20240510
14662,2191,22,55,3043.96,20250125
14663,1995,23,76,75898.24,20240323
14664,169,24,29,13862.93,20251217
14665,1984,33,29,10557.54,20250726
14666,1746,29,12,17070.46,20240303
14667,2827,4,25,37006.67,20260221
14668,2445,16,19,14959.95,20250224
14669,1401,23,24,1471.08,20250521
14670,2934,13,24,5235.11,20240819
14671,1974,23,7,18208.9,20240313
14672,2993,18,62,143259.04,20250416
14673,1111,33,49,103629.27,20250828
14674,1798,4,48,16203.83,20250618
14675,2106,25,54,802.48,20260304
14676,1698,25,14,97627.94,20240422
14677,1918,9,18,588.09,20240930
14678,1859,7,74,11495.1,20260221
14679,1626,13,4,3019.61,20260318
14680,897,21,37,126271.25,20250408
14681,1455,34,18,81883.43,20241206
14682,645,32,16,102335.96,20240922
14683,1284,3,69,62120.95,20251028
14684,66,4,72,149996.01,20240211
14685,1763,5,67,65909.71,20250101
14686,1794,8,10,27623.68,20250217
14687,1298,14,40,8622.41,20240226
14688,1472,35,51,17170.81,20240703
14689,508,16,16,4888.29,20250626
14690,2540,3,23,137484.18,20240222
14691,313,28,78,14645.94,20250606
14692,2556,7,32,734.92,20250615
14693,2005,17,6,4007.01,20250710
14694,991,14,1,94857.27,20241101
14695,1090,7,32,1510.09,20260309
14696,294,6,30,332.68,20250709
14697,2793,10,36,4786.87,20250422
14698,749,27,41,72436.31,20240917
14699,464,7,1,92749.69,20241217
14700,467,13,35,410.61,20251028
14701,1083,28,51,54594.75,20240305
14702,1287,17,66,942.34,20250518
14703,981,22,80,1669.75,20251128
14704,2588,38,75,8552.35,20250403
14705,2137,28,39,5241.51,20240828
14706,2714,10,20,47833.8,20250412
14707,1817,14,77,37986.7,20260108
14708,1483,28,18,17143.45,20250422
14709,1987,29,43,3783.01,20240525
14710,1806,38,8,60191.31,20240302
14711,1676,1,61,6220.75,20250113
14712,280,32,34,277.95,20260307
14713,329,36,18,4266.47,20240205
14714,1829,37,29,124106.62,20251103
14715,2728,21,37,2714.57,20241207
14716,1759,36,26,11536.25,20240227
14717,70,37,55,7791.72,20250311
14718,1865,9,67,17975.31,20260123
14719,2189,39,29,4386.8,20240222
14720,77,15,9,123064.84,20240206
14721,1823,1,35,12476.45,20251027
14722,586,2,22,4703.53,20250730
14723,1786,28,54,26214.59,20251104
14724,1659,4,49,11898.93,20260329
14725,2159,28,53,69804.24,20250422
14726,836,6,25,43696.65,20240105
14727,1873,30,58,1899.45,20251206
14728,1442,8,27,7223.9,20251111
14729,2091,22,20,15830.97,20250515
14730,2151,14,76,75600.02,20240927
14731,2856,27,16,42878.74,20251205
14732,1465,15,37,4776.82,20250826
14733,2758,13,24,5547.02,20251105
14734,2909,33,10,113408.61,20250103
14735,1642,31,20,12809.25,20250601
14736,921,24,14,45008.66,20250412
14737,1449,23,72,5137.44,20240724
14738,2519,21,65,4735.89,20250920
14739,1774,19,68,1732.66,20250803
14740,2347,26,32,93960.56,20240202
14741,1598,23,80,59682.07,20250218
14742,1301,22,5,4877.31,20240811
14743,1636,23,77,87513.71,20240112
14744,1943,24,16,8010.79,20251128
14745,2702,25,16,43440.61,20241102
14746,1144,10,23,51330.21,20240901
14747,2681,8,41,7462.97,20241222
14748,651,24,37,30305.3,20251010
14749,2528,6,12,62174.8,20241229
14750,2595,2,17,146298.71,20250223
14751,1734,5,14,4906.19,20250618
14752,2961,21,19,1247.91,20241109
14753,591,1,36,14468.77,20240412
14754,717,25,14,26523.03,20250619
14755,1275,35,27,88769.28,20250310
14756,206,36,5,1089.01,20250913
14757,2971,15,78,42620.03,20250905
14758,2643,4,50,4630.72,20240114
14759,1911,32,26,1162.51,20241014
14760,425,25,10,1691.15,20250919
14761,306,23,28,113478.24,20260220
14762,1908,2,32,62789.93,20250304
14763,2357,3,20,65283.57,20260124
14764,430,13,53,59478.85,20240511
14765,1101,5,38,58742.7,20241208
14766,529,11,54,35638.31,20251024
14767,1708,18,42,22302.65,20251003
14768,1776,8,48,70649.95,20240616
14769,2879,11,59,63247.05,20240508
14770,154,26,53,54031.46,20250623
14771,2320,21,40,111335.13,20260226
14772,2575,21,35,14342.12,20260131
14773,284,28,39,9066.32,20260125
14774,2411,14,62,75489.73,20260208
14775,2233,27,10,2810.76,20250628
14776,1295,35,19,103771.29,20251104
14777,1713,3,71,4659.54,20260221
14778,368,30,20,104870.27,20240805
14779,624,1,67,5831.27,20240225
14780,2837,26,38,8540.41,20260228
14781,532,34,26,13976.14,20260215
14782,2188,6,45,10591.55,20250511
14783,2544,23,79,656.77,20240907
14784,342,33,56,4602.68,20251127
14785,22,25,54,8642.83,20241207
14786,2906,26,64,76278.57,20240802
14787,2713,12,70,75911.09,20250423
14788,921,3,75,57232.97,20260125
14789,2094,37,43,137465.01,20250701
14790,1830,25,80,2449.12,20241112
14791,2900,5,5,23313.31,20260310
14792,889,20,77,2726.29,20251231
14793,1536,20,18,7008.21,20240303
14794,1783,40,7,449.27,20250609
14795,1929,17,30,7336.84,20250518
14796,2684,2,78,11658.75,20250113
14797,2511,34,28,10887.89,20241023
14798,694,23,20,14580.51,20260227
14799,145,40,58,17487.29,20250808
14800,2856,29,63,123.47,20251116
14801,2255,1,6,13245.42,20250628
14802,412,2,26,2249.75,20241003
14803,2481,10,10,8550.75,20250822
14804,2177,26,47,94544.59,20240720
14805,2586,5,19,24436.14,20240515
14806,2611,34,40,55759.24,20240612
14807,844,7,40,51651.01,20241204
14808,1841,39,79,894.52,20241102
14809,829,29,14,33894.79,20250420
14810,2126,16,18,2763.88,20240703
14811,420,23,16,62414.63,20260324
14812,1351,12,68,12375.47,20251212
14813,1992,13,57,90386.48,20250913
14814,1999,4,80,63389.83,20250129
14815,1100,15,49,81580.44,20240421
14816,2202,16,24,4216.78,20240126
14817,63,12,38,13207.53,20241207
14818,2604,18,11,6874.51,20240401
14819,1411,34,35,4743.02,20241209
14820,2990,19,62,26153.23,20260325
14821,1872,21,64,1785.44,20250728
14822,1583,15,39,7709.82,20240320
14823,2269,13,11,60445.83,20250730
14824,1838,24,32,48051.12,20241219
14825,1202,13,60,14254.47,20251231
14826,2750,7,28,12712.98,20241004
14827,2371,10,53,24018.03,20240810
14828,2156,11,60,47558.42,20240510
14829,155,24,6,134676.09,20240825
14830,2965,30,73,77370.45,20250422
14831,1076,32,40,59640.1,20240505
14832,2648,7,43,4679.29,20251120
14833,1015,33,71,66402.03,20250919
14834,2842,34,57,2465.76,20260220
14835,1093,35,58,98095.03,20250215
14836,2345,17,26,1698.93,20250714
14837,641,2,66,80080.95,20250122
14838,2000,36,46,129661.63,20260316
14839,182,20,72,71094.81,20240620
14840,2345,22,14,1246.95,20260331
14841,1823,1,56,21648.06,20250517
14842,1469,25,23,1210.5,20250618
14843,2617,3,12,3507.18,20250922
14844,2748,4,60,2226.21,20241017
14845,1893,5,56,73166.14,20251122
14846,1101,6,76,30045.27,20241124
14847,2784,18,71,1252.95,20240425
14848,827,31,72,3490.34,20250429
14849,2356,9,72,5400.58,20250406
14850,2856,24,19,18593.99,20260305
14851,1856,11,36,126081.67,20251203
14852,2608,29,59,5605.18,20240402
14853,2192,12,73,32020.2,20250409
14854,2208,37,72,110.32,20240105
14855,2447,33,22,51033.6,20240118
14856,1281,15,22,8729.74,20250118
14857,2140,1,18,8039.23,20250714
14858,1086,27,40,427.89,20251010
14859,455,25,80,14831.11,20260302
14860,2074,20,4,41219.49,20241115
14861,2392,8,38,1445.61,20240808
14862,531,22,66,5565.2,20260218
14863,1054,10,76,9695.54,20240803
14864,2730,16,79,2395.51,20260216
14865,796,38,17,25668.86,20250721
14866,633,9,36,37626.31,20260116
14867,1521,31,26,77787.11,20250125
14868,1758,1,42,14123.87,20251130
14869,676,29,43,1796.02,20250125
14870,604,30,72,4122.85,20250906
14871,269,31,54,3683.98,20240909
14872,2037,13,57,4900.74,20250525
14873,2424,33,1,132387.25,20250720
14874,859,18,72,5264.03,20251023
14875,2495,36,14,676.43,20251206
14876,2737,36,37,130423.63,20240619
14877,2755,37,73,66953.22,20240718
14878,876,20,36,3625.74,20241208
14879,36,21,65,4223.5,20251116
14880,745,34,29,6944.62,20251115
14881,2865,27,46,1861.56,20241021
14882,2687,16,66,5008.76,20250320
14883,941,3,54,57668.54,20240701
14884,1604,4,11,290.07,20250122
14885,402,29,53,3592.8,20250512
14886,692,3,25,57446.55,20250203
14887,253,18,49,6746.66,20250123
14888,1516,4,7,83930.67,20250818
14889,2550,10,53,141755.0,20250502
14890,2525,8,49,1889.31,20250624
14891,2298,36,10,15974.09,20250219
14892,2230,12,65,136768.03,20240524
14893,2591,35,20,132055.57,20250514
14894,1316,25,71,4814.87,20250209
14895,936,15,14,3195.33,20250310
14896,333,26,32,79345.07,20260109
14897,1772,17,50,55641.44,20250331
14898,944,31,72,12443.55,20250617
14899,1880,19,69,115172.11,20260301
14900,1498,20,53,403.86,20240922
14901,1164,37,41,2834.14,20240106
14902,1303,25,56,4747.27,20250111
14903,280,23,59,8225.4,20251213
14904,2545,24,7,94604.97,20250831
14905,1145,5,60,127261.65,20250728
14906,2141,5,68,111543.62,20240802
14907,52,26,27,4537.48,20240215
14908,2913,10,21,58708.6,20240925
14909,2144,29,12,77641.55,20251108
14910,1686,7,63,2205.72,20250216
14911,349,27,36,2890.53,20240711
14912,1624,7,78,57128.44,20250816
14913,797,15,19,6313.99,20240223
14914,2853,5,37,110007.17,20250327
14915,1348,35,67,2354.36,20240917
14916,2427,23,45,36932.49,20250624
14917,731,37,49,1266.36,20250207
14918,551,29,4,11710.31,20241002
14919,2229,37,36,80795.73,20240406
14920,1845,26,21,111408.27,20241219
14921,99,27,31,42956.94,20251102
14922,2350,9,71,24868.63,20240107
14923,1754,3,33,11300.0,20251225
14924,2466,38,64,1444.63,20260305
14925,256,36,48,16826.44,20250406
14926,2567,12,7,7879.43,20250528
14927,1853,6,41,20936.48,20251016
14928,79,36,24,2335.59,20240307
14929,1483,28,77,11535.86,20240525
14930,700,10,34,53826.23,20251120
14931,2814,11,33,58880.93,20250626
14932,48,30,9,9841.85,20241006
14933,1398,14,76,100077.38,20250620
14934,802,14,23,72304.76,20241020
14935,764,33,7,98997.23,20251021
14936,2271,16,12,4860.92,20250827
14937,2192,17,51,18996.19,20240620
14938,2747,25,52,115050.68,20240709
14939,204,19,65,9383.16,20240106
14940,2533,4,63,3568.87,20241005
14941,2086,21,63,4270.24,20240124
14942,2512,22,27,14288.19,20250629
14943,2882,5,79,7906.05,20250813
14944,2212,24,43,148603.07,20240605
14945,1123,40,63,13896.02,20250126
14946,1926,37,8,76676.99,20250915
14947,2876,36,15,39178.33,20240813
14948,78,28,47,6837.89,20240116
14949,2444,23,35,115254.35,20250201
14950,860,30,6,49009.05,20250808
14951,2437,31,42,92488.53,20250814
14952,959,12,53,6886.06,20240621
14953,2866,5,41,143163.87,20250404
14954,2412,32,6,110376.96,20250702
14955,575,9,16,68483.36,20250503
14956,2477,5,35,85552.2,20240620
14957,2946,39,40,46966.91,20250405
14958,2700,10,43,145271.7,20250906
14959,1160,40,4,993.01,20240220
14960,613,9,68,37599.66,20251121
14961,143,36,1,28273.84,20260129
14962,1505,2,40,7170.53,20240828
14963,2745,3,34,66513.06,20250329
14964,1979,12,56,48581.48,20250509
14965,1495,1,46,6013.85,20241119
14966,40,6,38,2641.38,20240830
14967,615,7,34,3297.23,20241105
14968,934,36,6,878.76,20240210
14969,2998,9,69,18180.01,20240911
14970,2010,12,55,1542.2,20240905
14971,2313,22,69,29024.29,20251026
14972,2645,12,12,45378.02,20251003
14973,2852,40,43,9453.46,20250412
14974,1635,14,23,4289.79,20250520
14975,440,19,25,4942.55,20240319
14976,1111,1,29,61926.44,20241121
14977,2016,34,57,904.25,20240417
14978,1438,4,47,28331.49,20240319
14979,566,26,7,92507.85,20260216
14980,768,25,59,1331.75,20241205
14981,652,16,73,1734.91,20240524
14982,757,2,69,28204.45,20260205
14983,1503,9,48,40062.63,20250522
14984,1272,24,74,8882.53,20250828
14985,1831,25,11,3559.94,20240822
14986,446,26,41,16704.6,20240704
14987,826,39,64,633.69,20250430
14988,2577,3,23,17532.14,20240629
14989,1252,29,69,6975.12,20260308
14990,1094,29,43,98997.33,20251019
14991,1908,31,17,1428.45,20240729
14992,68,9,3,10162.81,20250711
14993,1805,24,72,123231.96,20240617
14994,1471,34,28,63912.81,20251025
14995,2685,7,33,4622.88,20251122
14996,1785,36,13,27478.84,20250808
14997,2498,6,22,69986.55,20250822
14998,1592,35,10,96259.72,20250108
14999,438,38,10,135776.16,20240505
15000,595,18,15,9269.78,20240929
